CASE_ID,ACCIDENT_YEAR,PROC_DATE,JURIS,COLLISION_DATE,COLLISION_TIME,OFFICER_ID,REPORTING_DISTRICT,DAY_OF_WEEK,CHP_SHIFT,POPULATION,CNTY_CITY_LOC,SPECIAL_COND,BEAT_TYPE,CHP_BEAT_TYPE,CITY_DIVISION_LAPD,CHP_BEAT_CLASS,BEAT_NUMBER,PRIMARY_RD,SECONDARY_RD,DISTANCE,DIRECTION,INTERSECTION,WEATHER_1,WEATHER_2,STATE_HWY_IND,CALTRANS_COUNTY,CALTRANS_DISTRICT,STATE_ROUTE,ROUTE_SUFFIX,POSTMILE_PREFIX,POSTMILE,LOCATION_TYPE,RAMP_INTERSECTION,SIDE_OF_HWY,TOW_AWAY,COLLISION_SEVERITY,NUMBER_KILLED,NUMBER_INJURED,PARTY_COUNT,PRIMARY_COLL_FACTOR,PCF_CODE_OF_VIOL,PCF_VIOL_CATEGORY,PCF_VIOLATION,PCF_VIOL_SUBSECTION,HIT_AND_RUN,TYPE_OF_COLLISION,MVIW,PED_ACTION,ROAD_SURFACE,ROAD_COND_1,ROAD_COND_2,LIGHTING,CONTROL_DEVICE,CHP_ROAD_TYPE,PEDESTRIAN_ACCIDENT,BICYCLE_ACCIDENT,MOTORCYCLE_ACCIDENT,TRUCK_ACCIDENT,NOT_PRIVATE_PROPERTY,ALCOHOL_INVOLVED,STWD_VEHTYPE_AT_FAULT,CHP_VEHTYPE_AT_FAULT,COUNT_SEVERE_INJ,COUNT_VISIBLE_INJ,COUNT_COMPLAINT_PAIN,COUNT_PED_KILLED,COUNT_PED_INJURED,COUNT_BICYCLIST_KILLED,COUNT_BICYCLIST_INJURED,COUNT_MC_KILLED,COUNT_MC_INJURED,PRIMARY_RAMP,SECONDARY_RAMP,LATITUDE,LONGITUDE,COUNTY,CITY,POINT_X,POINT_Y
90954970,2019,2019-03-27,9241,2019-03-26,0205,015794,,2,3,5,0402,0,1,3,,2,100,"SR-99 S/B TO COHASSET RD.","COHASSET RD",467.00,N,N,B,C,Y,,,99,,,,R,,S,Y,2,0,1,1,A,-,01,23152,A,N,E,I,A,B,H,-,D,D,0,,,,,Y,Y,A,01,1,0,0,0,0,0,0,0,0,"- ","- ",39.754451751708984,-121.84645843505859,BUTTE,CHICO,-121.84645843505859,39.754451751708984
91810228,2022,2022-07-05,9240,2022-05-18,1701,019055,,3,2,9,0400,0,1,3,,2,032,SR-70,SR-191,160.00,W,N,A,-,Y,BUT,,70,,R,21.916,H,,R,N,2,0,1,2,A,-,07,21658,A,F,B,C,A,A,H,-,A,D,0,,,Y,,Y,,-,99,1,0,0,0,0,0,0,0,1,"- ","- ",39.602138519287109,-121.61858367919922,BUTTE,UNINCORPORATED,-121.61853790283203,39.602123260498047
6550847,2014,2014-08-22,9241,2014-07-09,1555,017170,,3,2,9,0400,0,2,4,,2,071,SKYWAY,"LOVELOCK RD",8976.00,N,N,A,-,N,,,,,,,,,,Y,2,0,1,1,A,-,01,23152,A,N,F,A,A,A,H,-,A,D,0,,,,,Y,Y,A,01,1,0,0,0,0,0,0,0,0,"- ","- ",39.89725,-121.55418,BUTTE,UNINCORPORATED,-121.60073393,39.882526069999997
9624060,2023,2023-10-17,0405,2023-09-10,1643,CUR03,2N,7,5,4,0405,0,0,0,,0,00N,SKYWAY,"POWER POLE # 17611",57.00,N,N,A,-,N,,,,,,,,,,Y,1,1,1,2,A,-,01,23152,A,N,A,C,A,A,H,-,A,D,0,,,,,Y,Y,A,01,1,0,0,0,0,0,0,0,0,"- ","- ",39.791690826416016,-121.58966064453125,BUTTE,PARADISE,,
90365541,2016,2017-01-10,9241,2016-11-01,1632,016246,,2,2,9,0400,0,1,3,,1,061,SR-99,"MERIDIAN ROAD",766.00,N,N,B,-,Y,,,99,,,,,,,Y,1,2,0,4,A,-,05,21650,,N,B,C,A,A,H,-,A,D,0,,,,,Y,,A,01,0,0,0,0,0,0,0,0,0,"- ","- ",39.829569999999997,-121.93071,BUTTE,UNINCORPORATED,-121.93072157,39.829559430000003
91158561,2020,2020-01-03,9241,2020-01-01,1750,019006,,3,2,9,0400,0,2,4,,2,071,SKYWAY,"POWELLTON RD",528.00,S,N,A,-,N,,,,,,,,,,Y,2,0,1,1,A,-,08,22107,,N,F,I,A,A,H,-,D,D,0,,,,,Y,,D,22,1,0,0,0,0,0,0,0,0,"- ","- ",39.960330963134766,-121.53997802734375,BUTTE,UNINCORPORATED,-121.61219024658203,39.877273559570312
91375264,2020,2020-12-28,9240,2020-12-21,1710,018967,,1,2,9,0400,0,3,5,,2,020,"TOWNSHIP RD","W EVANS REIMER RD",0.00,,Y,E,-,N,,,,,,,,,,Y,2,0,2,2,A,-,12,22450,A,N,D,C,A,A,H,-,D,A,0,,,,,Y,,A,07,1,0,1,0,0,0,0,0,0,"- ","- ",39.333999633789062,-121.68769836425781,BUTTE,UNINCORPORATED,-121.68769836425781,39.334091186523438
91546166,2021,2021-08-16,9240,2021-08-08,0347,021137,,7,3,9,0400,0,3,5,,2,020,"W BIGGS GRIDLEY RD","FARRIS RD",1268.00,S,N,A,-,N,,,,,,,,,,N,2,0,2,1,A,-,01,23152,A,F,E,I,A,A,H,-,D,D,0,,,,,Y,Y,A,01,1,0,1,0,0,0,0,0,0,"- ","- ",39.395931243896484,-121.7161865234375,BUTTE,UNINCORPORATED,-121.71614074707031,39.395938873291016
92200334,2023,2023-10-16,9241,2023-10-11,1840,018540,,3,2,9,0400,0,3,5,,2,008,"ORO-CHICO HWY","ESTATES DR.",0.00,,Y,A,-,N,,,,,,,,,,Y,2,0,4,2,A,-,09,21800,A,N,D,C,A,C,H,-,D,D,0,,,,,Y,,A,01,1,3,0,0,0,0,0,0,0,"- ","- ",39.677070617675781,-121.77484130859375,BUTTE,UNINCORPORATED,,
94514241,2024,2024-12-23,9241,2024-12-20,1009,019006,,5,1,9,0400,0,2,4,,2,071,SKYWAY,"ROSEWOOD DR",0.00,,Y,B,-,N,,,,,,,,,,Y,2,0,1,2,A,-,09,21802,A,N,D,C,A,B,H,-,A,A,0,,,Y,,Y,,A,07,1,0,0,0,0,0,0,0,1,"- ","- ",39.843189239501953,-121.59810638427734,BUTTE,UNINCORPORATED,-121.59806823730469,39.843143463134766
8954108,2019,2019-11-07,0402,2019-09-09,1725,P02539,,1,5,5,0402,0,0,0,,0,001,"NORD AV","WEST 8TH AV",300.00,S,N,A,-,N,,,,,,,,,,Y,2,0,1,2,A,-,09,21804,A,N,D,C,A,A,H,-,A,D,0,,,Y,,Y,,A,01,1,0,0,0,0,0,0,0,1,"- ","- ",,,BUTTE,CHICO,-121.86831665039062,39.735584259033203
9465217,2022,2023-01-12,0402,2022-10-22,2341,P03880,,6,5,5,0402,0,0,0,,0,002,"IVY ST","W 3RD ST",37.00,S,N,A,-,N,,,,,,,,,,Y,2,0,1,2,A,-,11,21954,A,N,G,B,D,A,H,-,C,D,0,Y,,,,Y,Y,N,60,1,0,0,0,1,0,0,0,0,"- ","- ",,,BUTTE,CHICO,-121.84502410888672,39.725803375244141
9490190,2022,2022-09-01,0403,2022-07-18,1212,P207,G,1,5,2,0403,0,0,0,,0,,"RT 99","SPRUCE ST",50.00,S,N,A,-,Y,BUT,3,99,-,-,4.330,H,-,S,N,2,0,1,2,A,-,"- ",,,N,B,G,A,A,H,-,A,A,0,,Y,,,Y,Y,L,04,1,0,0,0,0,0,1,0,0,"- ","- ",39.365970611572266,-121.68792724609375,BUTTE,GRIDLEY,-121.68792724609375,39.366279602050781
9718200,2024,2024-08-22,0404,2024-06-26,1215,761,W,3,5,3,0404,0,0,0,,0,00W,"OLIVE HWY","OROVILLE DAM BL",0.00,,Y,A,-,Y,BUT,3,162,-,-,17.580,H,-,W,Y,2,0,1,1,A,-,07,21658,,N,E,I,A,A,H,-,A,A,0,,,,,Y,,A,01,1,0,0,0,0,0,0,0,0,"- ","- ",39.506748199462891,-121.54570007324219,BUTTE,OROVILLE,-121.54527282714844,39.506481170654297
91124107,2019,2019-11-19,9240,2019-11-11,1205,015532,,1,1,9,0400,0,3,5,,2,020,"LARKIN RD","PALM AVE",885.00,S,N,B,-,N,,,,,,,,,,Y,2,0,2,1,A,-,08,22107,,N,E,I,A,A,H,-,A,D,0,,,,,Y,,A,01,1,1,0,0,0,0,0,0,0,"- ","- ",39.497451782226562,-121.64402008056641,BUTTE,UNINCORPORATED,-121.64418029785156,39.406570434570312
94418573,2024,2024-10-03,9241,2024-09-28,1045,019006,,6,1,9,0400,0,2,4,,2,071,SKYWAY,"RETSON ROAD",20.00,N,N,A,-,N,,,,,,,,,,N,2,0,1,1,A,-,08,22107,,N,E,I,A,A,H,-,A,D,0,,,Y,,Y,,C,02,1,0,0,0,0,0,0,0,1,"- ","- ",39.903621673583984,-121.52689361572266,BUTTE,UNINCORPORATED,-121.52695465087891,39.903583526611328
6513221,2014,2014-08-11,9240,2014-06-03,1432,018046,,2,2,9,0400,0,3,5,,2,010,"LOWER WYANDOTTE RD","DRESCHER TRACT RD",768.00,W,N,A,-,N,,,,,,,,,,Y,2,0,1,1,A,-,01,23152,A,N,E,I,A,A,H,-,A,D,0,,,,,Y,,A,01,1,0,0,0,0,0,0,0,0,"- ","- ",39.461440000000003,-121.51286,BUTTE,UNINCORPORATED,-121.51281213,39.461306739999998
8508977,2017,2017-12-18,0405,2017-11-17,1611,RAM02,6N,5,5,4,0405,0,0,0,,0,00N,SKYWAY,"LUTHER DR",129.00,S,N,A,-,N,,,,,,,,,,N,2,0,2,2,A,-,03,22350,,N,C,C,A,A,G,-,A,A,0,,,,,Y,,D,22,1,0,1,0,0,0,0,0,0,"- ","- ",39.761009999999999,-121.62291999999999,BUTTE,PARADISE,-121.62276797,39.761417430000002
9569616,2023,2023-05-01,0402,2023-03-09,1829,86,,4,5,5,0402,0,0,0,,0,006,ESPLANADE,"COHASSET RD",256.00,N,N,C,-,N,,,,,,,,,,N,2,0,1,2,A,-,11,21955,,N,G,B,D,B,H,-,C,D,0,Y,,,,Y,Y,N,60,1,0,0,0,1,0,0,0,0,"- ","- ",,,BUTTE,CHICO,-121.85591888427734,39.751182556152344
90705691,2018,2018-04-16,9240,2018-01-05,0550,018841,,5,3,9,0400,0,1,3,,1,021,SR-99,"E. HAMILTON RD.",1009.00,S,N,B,-,Y,,,99,,,,,,,Y,1,1,1,3,A,-,01,23152,F,N,A,C,A,B,H,-,D,D,0,,,,,Y,,A,01,0,1,0,0,0,0,0,0,0,"- ","- ",39.447761535644531,-121.68824005126953,BUTTE,UNINCORPORATED,-121.68831634521484,39.447757720947266
91227755,2020,2020-04-22,9241,2020-03-21,1830,017170,,6,2,9,0400,0,1,3,,2,093,SR-191,"CIRCLE J RD",638.00,N,N,A,-,Y,,,191,,,,,,,Y,1,1,1,1,A,-,01,23152,A,N,F,A,A,A,H,-,A,D,0,,,,,Y,Y,D,22,1,0,0,0,0,0,0,0,0,"- ","- ",39.690570831298828,-121.61992645263672,BUTTE,UNINCORPORATED,-121.61985778808594,39.690471649169922
91328164,2020,2020-10-21,9240,2020-10-16,2257,020170,,5,3,9,0400,0,1,3,,1,021,SR-99,"DRAKE AVE",0.00,,Y,A,-,Y,,,99,,,,,,,Y,2,0,1,2,A,-,09,21802,A,N,D,C,A,A,H,-,D,A,0,,,Y,,Y,,A,01,1,0,0,0,0,0,0,0,1,"- ","- ",39.399669647216797,-121.68798828125,BUTTE,UNINCORPORATED,-121.68804168701172,39.399669647216797
91375283,2020,2020-12-28,9240,2020-12-25,1440,019634,,5,2,9,0400,0,2,S,,2,822,"LINCOLN BLVD","N. VILLA AVE",48.00,N,N,B,C,N,,,,,,,,,,Y,2,0,1,1,A,-,08,22107,,N,E,J,A,B,H,-,A,D,0,,,,,Y,,A,01,1,0,0,0,0,0,0,0,0,"- ","- ",39.438438415527344,-121.55142974853516,BUTTE,UNINCORPORATED,-121.55148315429688,39.438430786132812
92397041,2024,2024-05-23,9240,2024-05-19,2140,022662,,7,2,9,0400,0,1,3,,2,032,SR-70,"MM 37.8",45.00,W,N,A,-,Y,BUT,,70," "," ",37.833,H,,R,Y,2,0,1,1,A,-,08,22107,,N,F,A,A,A,H,-,D,D,0,,,Y,,Y,,C,02,1,0,0,0,0,0,0,0,1,"- ","- ",39.761299133300781,-121.47016143798828,BUTTE,UNINCORPORATED,-121.47013092041016,39.761356353759766
6946356,2015,2015-07-14,0402,2015-06-01,1736,22,04430,1,5,5,0402,0,0,0,,0,002,"W 2ND ST","BROADWAY ST",150.00,E,N,A,-,N,,,,,,,,,,N,2,0,1,2,A,-,17,22517,,N,H,G,A,A,H,-,A,A,0,,Y,,,Y,,A,01,1,0,0,0,0,0,1,0,0,"- ","- ",,,BUTTE,CHICO,-121.84089161999999,39.729995010000003
8187207,2016,2017-12-12,0402,2016-12-10,1717,76,CHICO,6,5,5,0402,0,0,0,,0,006,"MANGROVE AV","EAST 3RD AV",162.00,S,N,B,C,N,,,,,,,,,,Y,1,1,0,2,A,-,11,21955,,N,G,B,D,B,H,-,C,D,0,Y,,,,Y,Y,N,60,0,0,0,1,0,0,0,0,0,"- ","- ",,,BUTTE,CHICO,-121.83905937999999,39.742941479999999
90193678,2016,2016-06-02,9241,2016-05-30,2338,016831,,1,3,5,0402,0,1,3,,2,100,"SR-99 N/B","20TH ST",2590.00,N,N,A,-,Y,,,99,,,,,,N,Y,2,0,1,2,A,-,08,22107,,N,G,I,A,A,H,-,C,A,0,,,,,Y,,A,07,1,0,0,0,0,0,0,0,0,"- ","- ",39.732219999999998,-121.81389,BUTTE,CHICO,-121.81390493000001,39.73220482
90841118,2018,2018-10-22,9241,2018-10-13,2130,017170,,6,2,5,0402,0,1,3,,2,100,"SR-99 N/B COHASSET RD OFF RAMP","COHASSET RD",325.00,S,N,A,-,Y,,,99,,,,R,,N,Y,2,0,1,1,A,-,01,23152,A,N,E,I,A,A,H,-,C,D,0,,,Y,,Y,Y,C,02,1,0,0,0,0,0,0,0,1,"- ","- ",39.753639221191406,-121.8433837890625,BUTTE,CHICO,-121.8433837890625,39.753639221191406
91224935,2020,2020-04-13,9241,2020-04-13,0800,014929,,1,1,9,0400,0,3,5,,2,007,SKYWAY,"WOODWARD DR",450.00,W,N,A,-,N,,,,,,,,,,Y,2,0,2,1,A,-,08,22107,,N,E,I,A,A,H,-,A,D,0,,,,,Y,,A,01,1,1,0,0,0,0,0,0,0,"- ","- ",39.838371276855469,-121.59755706787109,BUTTE,UNINCORPORATED,-121.59762573242188,39.840713500976562
92067981,2023,2023-05-12,9240,2023-05-07,1703,019055,,7,2,9,0400,0,1,3,,2,032,SR-70,"CHEROKEE ROAD",1584.00,E,N,A,-,Y,BUT,,70," "," ",27.254,H,,R,Y,2,0,2,2,A,-,01,23152,A,N,A,C,A,A,H,-,A,D,0,,,,,Y,Y,A,01,2,0,0,0,0,0,0,0,0,"- ","- ",39.654430389404297,-121.54617309570312,BUTTE,UNINCORPORATED,-121.54616546630859,39.654453277587891
92154562,2023,2023-08-25,9240,2023-08-06,1415,018967,,7,2,9,0400,0,1,3,,2,034,"SR-149 S/B","SR-149 NB TO SR-99 S/B OVERCROSSING",3523.00,S,N,A,-,Y,BUT,,149," ",M,4.295,H,,L,Y,1,2,3,2,A,-,05,21651,B,N,A,C,A,A,H,-,A,A,0,,,,,Y,,A,01,3,0,0,0,0,0,0,0,0,"- ","- ",39.61724853515625,-121.68498992919922,BUTTE,UNINCORPORATED,-121.68501281738281,39.617221832275391
6398111,2014,2014-06-25,9241,2014-02-23,0115,017319,,7,3,9,0400,0,2,4,,1,082,MIDWAY,"MARYBILL RANCH RD",706.00,N,N,A,-,N,,,,,,,,,,Y,2,0,1,1,A,-,01,23152,A,N,E,I,A,A,H,-,D,D,0,,,,,Y,Y,A,01,1,0,0,0,0,0,0,0,0,"- ","- ",39.693179999999998,-121.79883,BUTTE,UNINCORPORATED,-121.79884104999999,39.693278479999996
7006021,2015,2015-07-23,9241,2015-06-21,0050,18540,,7,3,9,0400,0,2,4,,2,085,"DAYTON RD","WILLOW LANDING RD",511.00,S,N,A,-,N,,,,,,,,,,N,1,1,0,1,C,-,18,,,N,H,A,A,A,H,-,D,D,0,,,,,Y,Y,-,"- ",0,0,0,0,0,0,0,0,0,"- ","- ",39.672580000000004,-121.86056000000001,BUTTE,UNINCORPORATED,-121.86016443,39.673468939999999
9320011,2021,2021-11-02,0404,2021-09-08,0622,722,,3,5,3,0404,0,0,0,,0,0CO,"RT 162","14TH ST",0.00,,Y,A,-,Y,BUT,3,162,-,-,14.560,H,-,E,N,1,1,0,2,A,-,11,21954,A,N,G,B,D,A,H,-,B,D,0,Y,,,,Y,,N,60,0,0,0,1,0,0,0,0,0,"- ","- ",39.498050689697266,-121.59600830078125,BUTTE,OROVILLE,-121.59907531738281,39.498054504394531
91848472,2022,2022-08-25,9240,2022-08-15,0230,020376,,1,3,9,0400,0,1,3,,2,032,"SR-70 W/B","4 TREES ROAD",4752.00,E,N,A,-,Y,BUT,,70,,,42.347,H,,L,N,2,0,2,1,A,-,08,22107,,N,E,8,A,A,H,-,D,D,0,,,,,Y,,-,31,2,0,0,0,0,0,0,0,0,"- ","- ",39.807491302490234,-121.43556976318359,BUTTE,UNINCORPORATED,-121.43556976318359,39.807491302490234
91864265,2022,2022-09-14,9241,2022-09-10,0915,019006,,6,1,9,0400,0,1,3,,1,060,"SR32 E/B","NOPEL ROAD",0.00,,Y,A,-,Y,BUT,,32,,R,23.867,H,,R,Y,2,0,1,2,A,-,05,21460,A,N,D,C,A,A,H,-,A,D,0,,,,,Y,,D,22,1,0,0,0,0,0,0,0,0,"- ","- ",39.873870849609375,-121.68109130859375,BUTTE,UNINCORPORATED,-121.68109130859375,39.873878479003906
92130681,2023,2023-07-28,9241,2023-07-19,2357,022594,,3,3,9,0400,0,3,5,,2,007,"IMPERIAL WAY","WILDLIFE DR",25.00,W,N,A,-,N,,,,,,,,,,N,2,0,1,1,A,-,01,23152,A,N,F,I,A,A,H,-,D,D,0,,,Y,,Y,Y,C,06,1,0,0,0,0,0,0,0,1,"- ","- ",39.849769592285156,-121.58847045898438,BUTTE,UNINCORPORATED,-121.58840942382812,39.849723815917969
6789451,2015,2015-02-23,0402,2015-01-18,0155,52,0402,7,5,5,0402,0,0,0,,0,002,"W 2ND ST","IVY ST",0.00,,Y,A,-,N,,,,,,,,,,Y,2,0,1,2,A,-,01,23153,A,F,D,C,A,A,H,-,C,A,0,,,,,Y,Y,-,,1,0,0,0,0,0,0,0,0,"- ","- ",,,BUTTE,CHICO,-121.84594995,39.726559899999998
6883446,2015,2016-11-05,9241,2015-04-06,0640,016120,,1,1,9,0400,0,1,3,,2,081,"RT 99","DURHAM-PENTZ RD",5280.00,N,N,A,-,Y,BUT,3,99,-,-,24.850,H,-,S,Y,2,0,2,2,A,-,01,23152,E,N,C,C,A,A,H,-,A,D,0,,,,,Y,,A,07,2,0,0,0,0,0,0,0,0,"- ","- ",,,BUTTE,UNINCORPORATED,-121.72856439,39.65293973
8762323,2018,2019-01-08,0402,2018-12-04,1534,2920,,2,5,5,0402,0,0,0,,0,003,"CYPRESS ST","HUMBOLDT AV",0.00,,Y,A,-,N,,,,,,,,,,N,2,0,1,2,A,-,10,21950,A,N,G,B,B,A,H,-,A,A,0,Y,,,,Y,,A,01,1,0,0,0,1,0,0,0,0,"- ","- ",,,BUTTE,CHICO,-121.82772827148438,39.727790832519531
84517564,2024,2024-12-27,0402,2024-12-26,"305 ",3355,,4,5,5,0402,0,0,0,,0,002,"DAYTON RD","WALNUT ST",0.00,,Y,B,-,N,,,,,,,,,,Y,2,0,1,1,A,-,03,22349,B,N,E,I,A,A,H,-,D,D,0,,,,,Y,,A,01,1,0,0,0,0,0,0,0,0,"- ","- ",39.717479705810547,-121.84298706054688,BUTTE,CHICO,-121.84425354003906,39.719303131103516
90758429,2018,2018-06-28,9241,2018-06-16,0645,016414,,6,1,9,0400,0,2,4,,2,071,SKYWAY,"GYPSUM ST.",13200.00,E,N,A,-,N,,,,,,,,,,Y,2,0,2,1,A,-,08,22107,,N,E,I,A,A,H,-,A,D,0,,,,,Y,,D,22,1,1,0,0,0,0,0,0,0,"- ","- ",39.947269439697266,-121.53987121582031,BUTTE,UNINCORPORATED,-121.55011749267578,39.898338317871094
90821923,2018,2018-09-26,9241,2018-09-25,1340,014929,,2,1,9,0400,0,2,4,,2,090,SKYWAY,"LOOKOUT POINT ACCESS ROAD",925.00,W,N,A,-,N,,,,,,,,,,Y,2,0,1,1,A,-,01,23152,A,N,E,I,A,A,H,-,A,D,0,,,,,Y,Y,A,08,1,0,0,0,0,0,0,0,0,"- ","- ",39.729068756103516,-121.68589782714844,BUTTE,UNINCORPORATED,-121.685791015625,39.729209899902344
91684692,2022,2022-01-25,9240,2022-01-09,1140,017760,,7,1,9,0400,0,3,5,,2,010,"MONTE VISTA AVENUE","VIA PACANA",224.00,W,N,A,-,N,,,,,,,,,,Y,2,0,1,2,A,-,05,21650,,N,A,G,A,A,H,-,A,D,0,,Y,,,Y,,L,04,1,0,0,0,0,0,1,0,0,"- ","- ",39.476688385009766,-121.54113006591797,BUTTE,UNINCORPORATED,-121.54110717773438,39.476730346679688
91892742,2022,2022-10-18,9240,2022-10-07,0428,020376,,5,3,9,0400,0,1,3,,1,021,SR-99,"RIVIERA ROAD",3168.00,N,N,A,-,Y,BUT,,99,,,0.324,H,,R,N,2,0,1,2,A,-,08,22107,,N,B,C,A,A,H,-,D,D,0,,,,Y,Y,,A,07,1,0,0,0,0,0,0,0,0,"- ","- ",39.309680938720703,-121.67427825927734,BUTTE,UNINCORPORATED,-121.67430877685547,39.309673309326172
8539274,2018,2018-01-29,0405,2018-01-08,1717,VAN02,2N,1,5,4,0405,0,0,0,,0,00N,SKYWAY,"COLDREN RD",1072.00,S,N,C,-,N,,,,,,,,,,N,2,0,1,1,A,-,05,21650,,N,H,A,A,B,H,-,D,D,0,,,,,Y,,A,07,1,0,0,0,0,0,0,0,0,"- ","- ",39.787799835205078,-121.59324645996094,BUTTE,PARADISE,-121.59386444091797,39.787769317626953
8938925,2019,2019-12-09,0404,2019-07-29,2140,686,W,1,5,3,0404,0,0,0,,0,00W,"OROVILLE DAM BL EAST","OROVILLE DAM BL EAST 1900",0.00,,-,A,-,Y,BUT,3,162,-,-,17.220,H,-,W,N,2,0,1,2,A,-,11,21950,B,N,G,B,D,A,H,-,C,A,0,Y,,,,Y,,N,60,1,0,0,0,1,0,0,0,0,"- ","- ",39.504421234130859,-121.55092620849609,BUTTE,OROVILLE,-121.55095672607422,39.504306793212891
82293005,2024,2024-01-24,0402,2024-01-20,1002,3323,,6,5,5,0402,0,0,0,,0,004,"FOREST AVE","20TH ST",471.00,N,N,C,-,N,,,,,,,,,,N,2,0,1,2,A,-,02,22400,A,N,B,G,A,B,H,-,A,D,0,,Y,,,Y,,L,04,1,0,0,0,0,0,1,0,0,"- ","- ",39.727279663085938,-121.80152893066406,BUTTE,CHICO,-121.80149841308594,39.728572845458984
92265158,2023,2023-12-18,9241,2023-12-12,1745,020379,,2,2,9,0400,0,1,3,,2,091,"SR-99 N/B","DURHAM PENTZ ROAD",1060.00,S,N,A,-,Y,BUT,,99," "," ",23.664,H,,R,Y,2,0,5,2,A,-,01,23152,F,N,C,C,A,A,H,-,C,D,0,,,,,Y,,A,01,1,4,0,0,0,0,0,0,0,"- ","- ",39.640121459960938,-121.71360015869141,BUTTE,UNINCORPORATED,-121.71357727050781,39.64013671875
94404141,2024,2024-09-23,9241,2024-09-11,1720,020686,,3,2,9,0400,0,1,3,,2,081,"SB SR-99","NEAL RD",1300.00,S,N,A,-,Y,BUT,,99," "," ",25.800,H,,R,Y,2,0,1,3,A,-,03,22350,,N,C,C,A,A,H,-,A,D,0,,,Y,,Y,,A,07,1,0,0,0,0,0,0,0,1,"- ","- ",39.663200378417969,-121.74066162109375,BUTTE,UNINCORPORATED,-121.740478515625,39.663345336914062
94482886,2024,2024-11-25,9240,2024-11-20,1805,022628,,3,2,9,0400,0,3,5,,2,010,"LONE TREE ROAD","POWERHOUSE HILL ROAD",2640.00,S,N,C,-,N,,,,,,,,,,Y,2,0,1,1,A,-,01,23152,A,M,E,8,A,B,H,-,D,D,0,,,,,Y,Y,A,07,1,0,0,0,0,0,0,0,0,"- ","- ",39.451961517333984,-121.57707214355469,BUTTE,UNINCORPORATED,-121.57695007324219,39.454727172851562
6724897,2014,2016-07-05,9241,2014-12-01,2240,15794,,1,3,9,0400,0,1,3,,2,080,"RT 32","RIVER RD",2112.00,W,N,B,-,Y,BUT,3,32,-,-,1.060,H,-,E,Y,2,0,1,1,A,-,01,23152,A,N,E,I,A,B,H,-,D,D,0,,,,,Y,Y,A,07,1,0,0,0,0,0,0,0,0,"- ","- ",39.752980000000001,-121.97535999999999,BUTTE,UNINCORPORATED,-121.97724995999999,39.752824050000001
9567971,2023,2023-06-22,0404,2023-05-19,1539,743,E,5,5,3,0404,0,0,0,,0,00E,"LINCOLN BL","OROVILLE DAM BL EAST",0.00,,Y,A,-,N,,,,,,,,,,Y,2,0,1,2,A,-,09,21801,,N,D,C,A,A,H,-,A,D,0,,,,,Y,,A,01,1,0,0,0,0,0,0,0,0,"- ","- ",39.503868103027344,-121.52239990234375,BUTTE,OROVILLE,-121.55224609375,39.503879547119141
90939226,2017,2019-03-04,9241,2017-04-29,2303,016630,,6,3,9,0400,0,2,4,,2,090,"SKYWAY (W/B)","CLIFFHANGER ROAD",2640.00,W,N,A,-,N,,,,,,,,,,Y,2,0,1,3,A,-,01,23152,A,N,D,C,A,A,G,-,D,D,0,,,,,Y,Y,A,01,1,0,0,0,0,0,0,0,0,"- ","- ",39.733020000000003,-121.67518,BUTTE,UNINCORPORATED,-121.67515892999999,39.733016560000003
91363862,2020,2020-12-11,9240,2020-11-30,0840,015532,,1,1,9,0400,0,3,5,,2,020,"COLUSA HWY","HATCH RD",6494.00,E,N,A,-,N,,,,,,,,,,Y,2,0,1,1,A,-,08,22107,,N,F,A,A,A,H,-,A,D,0,,,,Y,Y,,F,78,1,0,0,0,0,0,0,0,0,"- ","- ",39.362159729003906,-121.83409118652344,BUTTE,UNINCORPORATED,-121.8319091796875,39.362205505371094
92246787,2023,2023-12-20,9240,2023-09-30,1100,022662,,6,1,9,0400,0,1,3,,1,021,SR-99,"TOLAND ROAD",481.00,N,N,B,-,Y,BUT,,99," "," ",14.264,H,,R,Y,1,1,2,2,A,-,01,23152,F,N,A,C,A,B,H,-,A,D,0,,,,,Y,,A,07,1,0,1,0,0,0,0,0,0,"- ","- ",39.510158538818359,-121.68881988525391,BUTTE,UNINCORPORATED,-121.68877410888672,39.510158538818359
8372693,2017,2017-05-30,0402,2017-05-05,1540,P00707,18,5,5,5,0402,0,0,0,,0,001,"NORD AV","STEWART AV",780.00,N,N,A,-,N,,,,,,,,,,N,2,0,1,2,A,-,09,21801,A,N,D,D,A,A,H,-,A,A,0,,,Y,,Y,,A,01,1,0,0,0,0,0,0,0,1,"- ","- ",,,BUTTE,CHICO,-121.85466528000001,39.728371170000003
9259923,2021,2021-05-19,0402,2021-04-20,1521,P03283,,2,5,5,0402,0,0,0,,0,,ESPLANDE,"DEGARMO DR",0.00,,N,A,-,N,,,,,,,,,,Y,2,0,2,2,A,-,05,21650,,N,A,C,A,A,H,-,A,D,0,,,,,Y,,A,01,1,1,0,0,0,0,0,0,0,"- ","- ",,,BUTTE,CHICO,-121.88124084472656,39.776554107666016