CASE_ID,ACCIDENT_YEAR,PROC_DATE,JURIS,COLLISION_DATE,COLLISION_TIME,OFFICER_ID,REPORTING_DISTRICT,DAY_OF_WEEK,CHP_SHIFT,POPULATION,CNTY_CITY_LOC,SPECIAL_COND,BEAT_TYPE,CHP_BEAT_TYPE,CITY_DIVISION_LAPD,CHP_BEAT_CLASS,BEAT_NUMBER,PRIMARY_RD,SECONDARY_RD,DISTANCE,DIRECTION,INTERSECTION,WEATHER_1,WEATHER_2,STATE_HWY_IND,CALTRANS_COUNTY,CALTRANS_DISTRICT,STATE_ROUTE,ROUTE_SUFFIX,POSTMILE_PREFIX,POSTMILE,LOCATION_TYPE,RAMP_INTERSECTION,SIDE_OF_HWY,TOW_AWAY,COLLISION_SEVERITY,NUMBER_KILLED,NUMBER_INJURED,PARTY_COUNT,PRIMARY_COLL_FACTOR,PCF_CODE_OF_VIOL,PCF_VIOL_CATEGORY,PCF_VIOLATION,PCF_VIOL_SUBSECTION,HIT_AND_RUN,TYPE_OF_COLLISION,MVIW,PED_ACTION,ROAD_SURFACE,ROAD_COND_1,ROAD_COND_2,LIGHTING,CONTROL_DEVICE,CHP_ROAD_TYPE,PEDESTRIAN_ACCIDENT,BICYCLE_ACCIDENT,MOTORCYCLE_ACCIDENT,TRUCK_ACCIDENT,NOT_PRIVATE_PROPERTY,ALCOHOL_INVOLVED,STWD_VEHTYPE_AT_FAULT,CHP_VEHTYPE_AT_FAULT,COUNT_SEVERE_INJ,COUNT_VISIBLE_INJ,COUNT_COMPLAINT_PAIN,COUNT_PED_KILLED,COUNT_PED_INJURED,COUNT_BICYCLIST_KILLED,COUNT_BICYCLIST_INJURED,COUNT_MC_KILLED,COUNT_MC_INJURED,PRIMARY_RAMP,SECONDARY_RAMP,LATITUDE,LONGITUDE,COUNTY,CITY,POINT_X,POINT_Y
90471080,2017,2017-06-05,9241,2017-05-18,2117,017760,,4,2,9,0400,0,3,5,,2,009,"NEAL RD","SR-99 N/B",25344.00,E,N,A,-,N,,,,,,,,,,Y,1,1,0,1,A,-,03,22350,,N,E,I,A,A,H,-,C,D,0,,,,,Y,Y,A,01,0,0,0,0,0,0,0,0,0,"- ","- ",39.707520000000002,-121.6776,BUTTE,UNINCORPORATED,-121.68019295000001,39.705766969999999
91032858,2019,2019-07-17,9240,2019-07-15,2035,018967,,1,2,9,0400,0,1,3,,1,021,SR-99,"TURNER AVE",340.00,N,N,A,-,Y,,,99,,,,,,,Y,2,0,1,1,A,-,01,23152,A,N,E,I,A,A,H,-,A,D,0,,,,,Y,Y,A,01,1,0,0,0,0,0,0,0,0,"- ","- ",39.323699951171875,-121.67980194091797,BUTTE,UNINCORPORATED,-121.67948913574219,39.323818206787109
91173107,2020,2020-01-24,9240,2020-01-15,1025,017760,,3,1,9,0400,0,1,3,,2,041,SR-162,"OLD OLIVE HWY",1584.00,E,N,B,-,Y,,,162,,,,,,,Y,2,0,1,1,A,-,08,22107,,N,E,I,A,A,H,-,A,D,0,,,,,Y,,A,07,1,0,0,0,0,0,0,0,0,"- ","- ",39.505031585693359,-121.45243835449219,BUTTE,UNINCORPORATED,-121.45246124267578,39.505058288574219
8435820,2017,2017-09-09,0404,2017-08-07,1842,651,E,1,5,3,0404,0,0,0,,0,00E,"GILMORE LN","MEDICAL CENTER DR",0.00,,Y,A,-,N,,,,,,,,,,N,2,0,1,2,A,-,05,21650,,N,H,G,A,A,H,-,A,D,0,,Y,,,Y,,L,04,1,0,0,0,0,0,1,0,0,"- ","- ",,,BUTTE,OROVILLE,-121.54012985999999,39.507799970000001
8718032,2018,2018-10-16,0402,2018-09-26,0951,2920,,3,5,5,0402,0,0,0,,0,006,"MANGROVE AV","E 5TH AV",288.00,N,N,A,-,N,,,,,,,,,,Y,2,0,1,2,A,-,09,21801,A,N,B,C,A,A,H,-,A,A,0,,,Y,,Y,,A,07,1,0,0,0,0,0,0,0,1,"- ","- ",,,BUTTE,CHICO,-121.84131622314453,39.746109008789062
8767450,2018,2019-01-30,0402,2018-12-11,1943,P02875,82,2,5,5,0402,0,0,0,,0,005,"EAST AV","CEANOTHUS AV",0.00,,Y,A,-,N,,,,,,,,,,N,2,0,1,2,A,-,12,21453,A,N,B,G,A,A,H,-,C,A,0,,Y,,,Y,,L,04,1,0,0,0,0,0,1,0,0,"- ","- ",,,BUTTE,CHICO,-121.8199462890625,39.761119842529297
9593801,2023,2023-07-21,0405,2023-06-01,1427,ARC01,4N,4,5,4,0405,0,0,0,,0,00N,"PENTZ RD","ELY LN",87.00,S,N,A,-,N,,,,,,,,,,N,2,0,1,2,A,-,11,21954,A,N,G,B,D,A,H,-,A,D,0,Y,,,,Y,,N,60,1,0,0,0,1,0,0,0,0,"- ","- ",39.775661468505859,-121.58062744140625,BUTTE,PARADISE,,
90747564,2018,2018-06-13,9240,2018-06-03,1640,018841,,7,2,9,0400,0,3,5,,2,010,"SWEDES FLAT RD","FOX LN",394.00,N,N,A,-,N,,,,,,,,,,Y,2,0,1,2,A,-,01,23152,A,N,B,C,A,A,H,-,A,D,0,,,Y,,Y,Y,C,02,1,0,0,0,0,0,0,0,1,"- ","- ",39.4451904296875,-121.41806030273438,BUTTE,UNINCORPORATED,-121.41767120361328,39.445121765136719
91089262,2019,2019-10-02,9240,2019-09-24,1800,018841,,2,2,9,0400,0,3,5,,2,010,"PALERMO HONCUT HWY.","CENTRAL HOUSE RD",1425.00,N,N,A,-,N,,,,,,,,,,Y,2,0,1,1,A,-,08,22107,,N,E,I,A,A,H,-,A,D,0,,,,,Y,,A,07,1,0,0,0,0,0,0,0,0,"- ","- ",39.348091125488281,-121.53890228271484,BUTTE,UNINCORPORATED,-121.53877258300781,39.3475341796875
91240376,2020,2020-05-20,9241,2020-05-08,2040,018578,,5,2,9,0400,0,1,3,,1,060,SR-32,"10 MILE HOUSE TRL",20.00,W,N,A,-,Y,,,32,,,,,,,Y,1,1,0,2,A,-,06,21760,B,N,C,G,A,A,H,-,D,D,0,,Y,,,Y,,D,22,0,0,0,0,0,1,0,0,0,"- ","- ",39.805648803710938,-121.71372985839844,BUTTE,UNINCORPORATED,-121.71375274658203,39.805660247802734
91295853,2020,2020-08-31,9240,2020-08-19,2207,020587,,3,3,9,0400,0,3,5,,2,010,"LOWER WYANDOTTE RD","PANO LN",480.00,W,N,A,-,N,,,,,,,,,,Y,2,0,3,1,A,-,01,23152,A,N,E,I,A,A,H,-,C,D,0,,,,,Y,Y,A,07,2,1,0,0,0,0,0,0,0,"- ","- ",39.466869354248047,-121.52439880371094,BUTTE,UNINCORPORATED,-121.52454376220703,39.46685791015625
8794372,2019,2019-03-08,0402,2019-01-29,1244,101,CHICO,2,5,5,0402,0,0,0,,0,003,"E 8TH ST","PINE ST",0.00,,Y,A,-,Y,BUT,3,32,-,-,9.400,I,5,E,Y,2,0,1,2,A,-,12,21453,A,N,D,C,A,A,H,-,A,A,0,,,,,Y,,-,,1,0,0,0,0,0,0,0,0,"- ","- ",,,BUTTE,CHICO,-121.83037567138672,39.728530883789062
9202435,2020,2021-02-13,0402,2020-12-01,1730,P03283,,2,5,5,0402,0,0,0,,0,,"W SACRAMENTO AV","CEDAR ST",45.00,W,N,A,-,N,,,,,,,,,,N,2,0,1,2,A,-,09,21802,A,F,D,G,A,-,H,-,B,A,0,,Y,,,Y,,L,04,1,0,0,0,0,0,1,0,0,"- ","- ",,,BUTTE,CHICO,-121.85655975341797,39.731788635253906
9773187,2024,2025-01-07,0404,2024-10-03,1900,770,SS,4,5,3,0404,0,0,0,,0,0SS,"B ST","ROSEBEN AV",553.00,S,N,A,-,N,,,,,,,,,,N,2,0,1,2,A,-,12,22450,A,N,A,G,A,A,H,-,B,D,0,,Y,,,Y,,L,04,1,0,0,0,0,0,1,0,0,"- ","- ",39.498798370361328,-121.54537200927734,BUTTE,OROVILLE,-121.54534149169922,39.498809814453125
90753377,2018,2018-06-21,9240,2018-06-15,2100,020587,,5,2,9,0400,0,1,3,,1,011,"STATE HIGHWAY 70","JEM RD",1320.00,S,N,A,-,Y,,,70,,,,,,,Y,2,0,5,2,A,-,09,21801,A,N,D,C,A,A,H,-,D,A,0,,,,,Y,,A,01,3,2,0,0,0,0,0,0,0,"- ","- ",39.328201293945312,-121.59700012207031,BUTTE,UNINCORPORATED,-121.59707641601562,39.328189849853516
9410721,2022,2022-02-17,0404,2022-01-20,0004,724,E,4,5,3,0404,0,0,0,,0,00E,"OROVILLE DAM BL EAST","LINCOLN BL",526.00,E,N,A,-,N,,,,,,,,,,N,2,0,1,2,A,-,11,21955,,N,G,B,E,A,H,-,D,D,0,Y,,,,Y,,-,"- ",1,0,0,0,1,0,0,0,0,"- ","- ",39.503299713134766,-121.55355834960938,BUTTE,OROVILLE,-121.55359649658203,39.50341796875
90045400,2015,2015-11-05,9241,2015-11-01,0635,015529,,7,1,9,0400,0,2,4,,2,086,"DURHAM-DAYTON HWY","FIMPLE RD",1584.00,W,N,B,-,N,,,,,,,,,,Y,2,0,1,1,A,-,01,23152,A,N,E,I,A,A,H,-,B,D,0,,,,,Y,Y,A,01,1,0,0,0,0,0,0,0,0,"- ","- ",39.652850000000001,-121.82984999999999,BUTTE,UNINCORPORATED,-121.82974684,39.652843050000001
91543736,2021,2021-08-12,9241,2021-08-05,2125,019006,,4,2,9,0400,0,3,5,,2,007,"STEIFFER RD","TRAILS END RD",528.00,E,N,A,-,N,,,,,,,,,,Y,2,0,1,1,A,-,08,22107,,N,E,I,A,A,H,-,D,D,0,,,Y,,Y,,C,02,1,0,0,0,0,0,0,0,1,"- ","- ",39.853080749511719,-121.59329223632812,BUTTE,UNINCORPORATED,-121.59346008300781,39.853054046630859
91550329,2021,2021-08-20,9241,2021-08-19,0825,018540,,4,1,9,0400,0,3,5,,2,006,"MERIDIAN RD","KILKARE LANE",168.00,W,N,A,-,N,,,,,,,,,,N,2,0,1,1,A,-,03,22350,,N,F,A,A,A,H,-,A,D,0,,,Y,,Y,,C,02,1,0,0,0,0,0,0,0,1,"- ","- ",39.822990417480469,-121.9205322265625,BUTTE,UNINCORPORATED,-121.91991424560547,39.823143005371094
91638117,2021,2021-11-30,9241,2021-11-19,1730,018879,,5,2,5,0402,0,1,3,,2,100,"SR-99 N/B","GARNER LANE",3420.00,S,N,A,-,Y,,,99,,,,,,N,Y,2,0,1,4,A,-,03,22350,,N,C,D,A,A,H,-,D,D,0,,,,,Y,,A,01,1,0,0,0,0,0,0,0,0,"- ","- ",39.782958984375,-121.88372802734375,BUTTE,CHICO,-121.88370513916016,39.782989501953125
9451507,2022,2022-07-06,0404,2022-05-24,2125,700,W,2,5,3,0404,0,0,0,,0,00W,"OROVILLE DAM BL EAST","5TH AV",0.00,,Y,A,-,N,,,,,,,,,,N,2,0,1,2,A,-,00,21840,A,N,H,G,A,A,H,-,C,D,0,,Y,,Y,Y,,L,04,1,0,0,0,0,0,1,0,0,"- ","- ",39.498981475830078,-121.56729125976562,BUTTE,OROVILLE,-121.56513214111328,39.499774932861328
9753643,2024,2024-11-15,0404,2024-10-03,1723,771,W,4,5,3,0404,0,0,0,,0,00W,"VEATCH ST","OROVILLE DAM BL EAST",0.00,,Y,A,-,N,,,,,,,,,,N,2,0,3,2,A,-,04,21703,,N,C,C,A,A,H,-,D,A,0,,,,,Y,,A,01,1,1,1,0,0,0,0,0,0,"- ","- ",39.501380920410156,-121.56031799316406,BUTTE,OROVILLE,-121.56031036376953,39.501388549804688
90010342,2015,2015-10-19,9240,2015-07-19,0650,019055,,7,1,9,0400,0,3,5,,2,020,"RICHVALE HIGHWAY",MIDWAY,3960.00,E,N,A,-,N,,,,,,,,,,Y,2,0,1,1,A,-,00,22017,,N,E,I,A,A,H,-,A,D,0,,,,,Y,,D,22,1,0,0,0,0,0,0,0,0,"- ","- ",39.494019999999999,-121.72153,BUTTE,UNINCORPORATED,-121.73077538,39.494129860000001
90384478,2017,2017-02-02,9241,2017-01-24,2208,017760,,2,3,9,0400,0,3,5,,2,007,SKYWAY,"HUPP COUTOLENC RD",3696.00,E,N,B,-,N,,,,,,,,,,Y,2,0,5,2,A,-,03,22350,,N,A,C,A,C,H,-,D,D,0,,,,,Y,,A,01,1,0,4,0,0,0,0,0,0,"- ","- ",39.885100000000001,-121.59645999999999,BUTTE,UNINCORPORATED,-121.59681746,39.885098339999999
90711426,2018,2018-04-24,9240,2018-04-15,1755,019972,,7,2,9,0400,0,3,5,,2,020,"W BIGGS GRIDLEY RD.","FARRIS RD.",85.00,N,N,B,C,N,,,,,,,,,,Y,2,0,1,1,C,-,18,,,N,E,J,A,B,H,-,A,A,0,,,,,Y,,-,"- ",1,0,0,0,0,0,0,0,0,"- ","- ",39.399589538574219,-121.71620941162109,BUTTE,UNINCORPORATED,-121.71617889404297,39.399654388427734
91122954,2019,2019-11-18,9240,2019-11-10,0043,020376,,7,3,3,0404,0,3,5,,2,010,"FORBESTOWN ROAD","POWELL RIDGE ROAD",432.00,W,N,A,-,N,,,,,,,,,,Y,2,0,1,1,A,-,01,23152,A,N,E,I,A,A,H,-,D,D,0,,,,,Y,Y,D,22,1,0,0,0,0,0,0,0,0,"- ","- ",39.50714111328125,-121.35056304931641,BUTTE,OROVILLE,-121.3505859375,39.506999969482422
91299056,2020,2020-09-04,9240,2020-08-30,0055,019842,,7,3,9,0400,0,3,5,,2,030,"ORO DAM BLVD E","RUSTY DUSTY RD",154.00,W,N,A,-,N,,,,,,,,,,Y,2,0,1,1,A,-,01,23152,A,N,E,I,A,A,H,-,D,D,0,,,,,Y,Y,A,01,1,0,0,0,0,0,0,0,0,"- ","- ",39.524139404296875,-121.50711822509766,BUTTE,UNINCORPORATED,,
91937518,2022,2022-12-08,9241,2022-12-03,2330,019006,,6,3,9,0400,0,2,4,,2,071,SKYWAY,"LOVELOCK RD",10032.00,N,N,C,-,N,,,,,,,,,,Y,2,0,1,1,A,-,08,22107,,N,E,I,A,B,H,-,D,D,0,,,,,Y,,A,07,1,0,0,0,0,0,0,0,0,"- ","- ",39.898529052734375,-121.54956817626953,BUTTE,UNINCORPORATED,-121.60279846191406,39.880214691162109
6504481,2014,2014-07-29,9241,2014-05-30,1515,013630,,5,2,9,0400,0,3,5,,2,009,"NEAL RD","MCCANN DR",6864.00,E,N,A,-,N,,,,,,,,,,Y,2,0,1,1,A,-,03,22350,,N,F,A,A,A,H,-,A,D,0,,,Y,,Y,,C,02,1,0,0,0,0,0,0,0,1,"- ","- ",39.68712,-121.70921,BUTTE,UNINCORPORATED,-121.65461028,39.728563979999997
8167583,2018,2020-05-21,0405,2018-03-22,1647,HON01,1N,4,5,4,0405,0,0,0,,0,00N,"WAGSTAFF RD","VAN FOSSEN RD",26.00,W,N,A,-,N,,,,,,,,,,Y,1,1,0,1,A,-,05,21650,,N,E,I,A,B,H,-,A,D,0,,,Y,,Y,,C,02,0,0,0,0,0,0,0,1,0,"- ","- ",39.777168273925781,-121.62473297119141,BUTTE,PARADISE,-121.62471771240234,39.777511596679688
90118257,2016,2016-02-18,9240,2016-02-07,1726,018796,,7,2,9,0400,0,3,5,,2,020,"AZEVEDO AVE","CHATFIELD AVE",0.00,,Y,A,-,N,,,,,,,,,,N,2,0,1,2,A,-,09,21802,A,N,D,C,A,A,H,-,B,A,0,,,Y,,Y,,C,02,1,0,0,0,0,0,0,0,1,"- ","- ",39.405180000000001,-121.69267000000001,BUTTE,UNINCORPORATED,-121.69267986,39.405229990000002
91097410,2019,2019-10-15,9240,2019-10-07,0820,017532,,1,1,9,0400,0,1,3,,2,041,SR-162,"SIMMONS RD.",5808.00,S,N,A,-,Y,,,162,,,,,,,N,2,0,1,1,A,-,08,22107,,N,E,I,A,A,H,-,A,D,0,,,Y,,Y,,C,02,1,0,0,0,0,0,0,0,1,"- ","- ",39.5523681640625,-121.42978668212891,BUTTE,UNINCORPORATED,-121.42983245849609,39.552341461181641
91100077,2019,2019-10-17,9241,2019-10-14,1503,019972,,1,2,9,0400,0,2,4,,2,083,"RIVER RD.","CHICO RIVER RD.",8448.00,S,N,A,-,N,,,,,,,,,,Y,2,0,2,1,A,-,01,23152,A,N,E,I,A,A,H,-,A,A,0,,,,,Y,Y,A,01,1,0,1,0,0,0,0,0,0,"- ","- ",39.676158905029297,-121.93308258056641,BUTTE,UNINCORPORATED,-121.93260192871094,39.676425933837891
91164445,2019,2020-01-13,9240,2019-12-12,1915,019055,,4,2,9,0400,0,3,5,,2,010,"LINCOLN BLVD","OPHIR ROAD",0.00,,Y,B,-,N,,,,,,,,,,Y,2,0,2,2,A,-,12,21453,A,N,D,C,A,A,H,-,C,A,0,,,,,Y,,D,22,1,1,0,0,0,0,0,0,0,"- ","- ",39.465801239013672,-121.54930114746094,BUTTE,UNINCORPORATED,-121.54934692382812,39.465801239013672
91893191,2022,2022-10-18,9241,2022-10-14,1643,020638,,5,2,9,0400,0,3,5,,2,007,"STEIFFER RD","TRAILS END RD",2112.00,E,N,A,-,N,,,,,,,,,,N,2,0,1,1,A,-,08,22107,,N,F,I,A,A,H,-,A,D,0,,,Y,,Y,,C,02,1,0,0,0,0,0,0,0,1,"- ","- ",39.853141784667969,-121.59310150146484,BUTTE,UNINCORPORATED,-121.58802795410156,39.853767395019531
92160102,2023,2023-08-31,9241,2023-08-29,"715 ",014929,,2,1,9,0400,0,1,3,,2,081,"SR-99 S/B","SOUTHGATE AVE",1500.00,N,N,A,-,Y,BUT,,99," "," ",29.650,H,,L,Y,2,0,3,4,A,-,03,22350,,N,C,C,A,A,H,-,A,D,0,,,,,Y,,D,22,1,0,2,0,0,0,0,0,0,"- ","- ",39.704219818115234,-121.7894287109375,BUTTE,UNINCORPORATED,-121.78943634033203,39.704216003417969
92348872,2024,2024-03-27,9240,2024-03-21,"634 ",019060,,4,1,9,0400,0,1,3,,2,041,SR-162,"ARBOL AVE",0.00,,Y,A,-,Y,BUT,,162," "," ",19.280,H,,R,Y,2,0,3,2,A,-,01,23152,F,N,D,C,A,A,H,-,B,A,0,,,,,Y,,A,01,1,0,2,0,0,0,0,0,0,"- ","- ",39.505500793457031,-121.51740264892578,BUTTE,UNINCORPORATED,-121.51740264892578,39.505477905273438
94576894,2025,2025-02-12,9240,2025-02-05,"308 ",022094,,3,3,9,0400,0,1,3,,2,041,"SR-162 EASTBOUND","ARBOL AVE",46.00,E,N,B,-,Y,BUT,,162," "," ",19.295,H,,R,N,2,0,1,1,A,-,08,22107,,N,E,8,A,A,H,-,C,D,0,,,,,Y,,A,01,1,0,0,0,0,0,0,0,0,"- ","- ",39.505519866943359,-121.51711273193359,BUTTE,UNINCORPORATED,-121.51713562011719,39.505435943603516
91287687,2020,2020-08-17,9241,2020-08-14,0725,018540,,5,1,5,0402,0,1,3,,2,100,"SR-99 N/B","E 5TH STREET",139.00,S,N,A,-,Y,,,99,,,,,,N,Y,2,0,2,1,A,-,08,22107,,N,F,A,A,A,C,-,A,D,0,,,,,Y,,D,22,1,1,0,0,0,0,0,0,0,"- ","- ",39.747821807861328,-121.83458709716797,BUTTE,CHICO,-121.83462524414062,39.747768402099609
91608846,2020,2021-10-29,9240,2020-11-14,0045,020587,,6,3,9,0400,0,1,3,,1,021,"STATE HIGHWAY 99","SOUTH AVENUE",1595.00,S,N,E,-,Y,,,99,,,,,,,Y,2,0,2,7,A,-,03,22350,,N,C,C,E,A,H,-,D,D,0,Y,,,Y,Y,Y,G,25,1,0,1,0,1,0,0,0,0,"- ","- ",39.388111114501953,-121.68804168701172,BUTTE,UNINCORPORATED,-121.68801116943359,39.388111114501953
94411472,2024,2024-09-27,9241,2024-09-25,1600,020686,,3,2,9,0400,0,1,3,,1,061,SR-99,"HAMILTON NORD CANA HWY",3660.00,S,N,A,-,Y,BUT,,99," "," ",43.289,H,,R,Y,2,0,1,2,A,-,01,23152,A,N,D,C,A,A,H,-,A,D,0,,,Y,,Y,Y,C,02,1,0,0,0,0,0,0,0,1,"- ","- ",39.851081848144531,-121.94979095458984,BUTTE,UNINCORPORATED,-121.94976806640625,39.851089477539062
8911950,2020,2021-01-07,0405,2020-08-09,0214,AKI01,2N,7,5,4,0405,0,0,0,,0,00N,SKYWAY,"COLDREN RD",0.00,,Y,A,-,N,,,,,,,,,,Y,1,1,0,1,A,-,01,23152,G,N,E,I,A,A,H,-,D,D,0,,,Y,,Y,Y,C,02,0,0,0,0,0,0,0,1,0,"- ","- ",39.782451629638672,-121.60146331787109,BUTTE,PARADISE,-121.59153747558594,39.790088653564453
6290050,2014,2014-03-04,9241,2014-01-26,0038,17562,,7,3,9,0400,0,3,5,,2,008,"BIDWELL AV","ROSE AV",1680.00,W,N,A,-,N,,,,,,,,,,Y,1,2,1,1,A,-,01,23152,A,N,E,I,A,A,H,-,D,D,0,,,,,Y,Y,A,01,1,0,0,0,0,0,0,0,0,"- ","- ",39.724589999999999,-121.86781000000001,BUTTE,UNINCORPORATED,-121.86780362,39.724547450000003
6290654,2014,2015-12-29,9240,2014-05-04,1250,12511,,7,1,9,0400,0,3,5,,2,020,"W EVANS REIMER RD","BLOCK RD",661.00,E,N,A,-,N,,,,,,,,,,Y,1,1,0,1,A,-,05,21650,,N,E,I,A,A,H,-,A,D,0,,,,,Y,Y,D,22,0,0,0,0,0,0,0,0,0,"- ","- ",39.333599999999997,-121.72387000000001,BUTTE,UNINCORPORATED,-121.72284265,39.333636830000003
6291544,2014,2016-01-07,9240,2014-09-06,1045,18796,,6,1,9,0400,0,3,5,,2,040,"FORBESTOWN RD","FORBESTOWN CIR",528.00,W,N,A,-,N,,,,,,,,,,Y,1,1,0,1,A,-,01,23152,A,N,E,I,A,A,H,-,A,D,0,,,,,Y,Y,A,07,0,0,0,0,0,0,0,0,0,"- ","- ",39.501359999999998,-121.40709,BUTTE,UNINCORPORATED,-121.40926156,39.501360630000001
6291664,2014,2015-12-30,9240,2014-10-23,1350,13161,,4,1,9,0400,0,1,3,,2,041,"RT 162","ARBOL AV",258.00,W,N,B,-,Y,BUT,3,162,-,-,19.230,H,-,W,Y,1,1,3,2,A,-,05,21460,A,N,A,C,A,B,H,-,A,D,0,,,,,Y,,D,22,3,0,0,0,0,0,0,0,0,"- ","- ",39.505540000000003,-121.51833999999999,BUTTE,UNINCORPORATED,-121.51835151,39.505534040000001
6291807,2014,2015-01-12,9241,2014-11-12,0935,16246,,3,1,9,0400,0,1,3,,1,060,"RT 32","HUMBOLDT RD",0.00,W,N,A,-,Y,BUT,3,32,-,-,14.710,H,-,E,Y,1,1,0,1,A,-,08,22107,,N,E,I,A,A,H,-,A,D,0,,,,,Y,,A,01,0,0,0,0,0,0,0,0,0,"- ","- ",39.755600000000001,-121.73839,BUTTE,UNINCORPORATED,-121.73855097000001,39.75547933
6292215,2015,2015-06-02,0402,2015-03-28,2013,59,CHICO,6,5,5,0402,0,0,0,,0,002,"W 7TH ST","CHESTNUT ST",0.00,,Y,A,-,N,,,,,,,,,,Y,1,1,1,4,A,-,01,23153,A,N,G,B,B,A,H,-,C,A,0,Y,,,,Y,Y,A,07,0,1,0,1,0,0,0,0,0,"- ","- ",,,BUTTE,CHICO,-121.84020995,39.724389960000003
6292927,2017,2019-04-05,0404,2017-09-12,2027,645,W,2,5,3,0404,0,0,0,,0,00W,"OROVILLE DAM BL EAST","FEATHER RIVER BL",0.00,,Y,A,-,N,,,162,,,,,,,N,1,1,0,2,A,-,00,23103,,F,G,G,A,A,H,-,C,D,0,,Y,,,Y,Y,-,,0,0,0,0,0,1,0,0,0,"- ","- ",39.497990000000001,-121.57194,BUTTE,OROVILLE,-121.57193943,39.498042060000003
6414029,2014,2015-11-14,0403,2014-01-28,1812,P201,,2,5,2,0403,0,0,0,,0,004,"RT 99","CHERRY ST",631.00,S,N,A,-,Y,BUT,3,99,-,R,3.840,H,-,N,N,2,0,1,2,A,-,11,21954,A,N,G,B,D,A,H,-,C,D,0,Y,,,,Y,,N,60,1,0,0,0,1,0,0,0,0,"- ","- ",39.358939999999997,-121.68813,BUTTE,GRIDLEY,-121.68791174,39.359101719999998
6434871,2014,2014-06-30,9240,2014-03-30,1620,017532,,7,2,9,0400,0,3,5,,2,020,"WATSON RD","DOS RIOS RD",865.00,W,N,B,-,N,,,,,,,,,,Y,2,0,3,3,A,-,01,23152,A,N,E,I,A,D,A,-,A,D,0,,,,,Y,Y,D,22,1,1,1,0,0,0,0,0,0,"- ","- ",39.41095,-121.66011,BUTTE,UNINCORPORATED,-121.66003000000001,39.410809999999998
6437078,2014,2014-06-27,9240,2014-02-01,1347,18578,,6,1,9,0400,0,3,5,,2,010,"FOOTHILL BL","ORO BANGOR HWY",367.00,S,N,A,-,N,,,,,,,,,,Y,2,0,1,2,A,-,09,21804,A,N,D,C,A,A,H,-,A,D,0,,,Y,,Y,,C,02,1,0,0,0,0,0,0,0,1,"- ","- ",39.482170000000004,-121.50335,BUTTE,UNINCORPORATED,-121.45914137,39.466679650000003
6439344,2014,2014-07-08,9241,2014-03-30,2000,16246,,7,2,9,0400,0,2,4,,2,086,"DURHAM DAYTON HWY","ORO CHICO HWY",4752.00,W,N,B,-,N,,,,,,,,,,N,2,0,1,1,A,-,01,23152,A,N,E,I,A,A,H,-,D,D,0,,,,,Y,Y,D,22,1,0,0,0,0,0,0,0,0,"- ","- ",39.646639999999998,-121.74155,BUTTE,UNINCORPORATED,-121.74061775,39.646675549999998
6465410,2014,2016-03-26,9241,2014-04-09,0832,16597,,3,1,5,0402,0,3,5,,2,006,"RT 32","KENNEDY AV",2112.00,W,N,A,-,Y,BUT,3,32,-,-,5.610,H,-,E,Y,2,0,2,2,A,-,09,21804,A,N,D,C,A,A,H,-,A,D,0,,,,,Y,,A,01,2,0,0,0,0,0,0,0,0,"- ","- ",39.746290000000002,-121.89335,BUTTE,CHICO,-121.8936501,39.746481600000003
6479044,2014,2016-03-26,9241,2014-05-13,1345,013661,,2,1,9,0400,0,1,3,,1,060,"RT 32","SUGAR PINE PL",528.00,E,N,A,-,Y,BUT,3,32,-,-,25.850,H,-,E,Y,2,0,1,1,A,-,01,23152,A,N,E,I,A,A,H,-,A,D,0,,,,,Y,Y,A,01,1,0,0,0,0,0,0,0,0,"- ","- ",39.899709999999999,-121.66070000000001,BUTTE,UNINCORPORATED,-121.66213883,39.89712746
6480471,2014,2014-07-28,9241,2014-05-08,1125,13630,,4,1,9,0400,0,2,4,,2,065,"HAMILTON NORD CANA HWY","TAYLOR ST",1901.00,S,N,A,B,N,,,,,,,,,,Y,2,0,1,2,A,-,03,22350,,N,C,C,A,A,H,-,A,D,0,,,Y,Y,Y,,C,02,1,0,0,0,0,0,0,0,1,"- ","- ",39.77205,-121.95671,BUTTE,UNINCORPORATED,-121.95673044999999,39.772129820000004
6495014,2014,2014-08-06,9241,2014-05-24,1145,013630,,6,1,9,0400,0,3,5,,2,007,"COUTOLENC RD","LARTER LN",0.00,,Y,A,-,N,,,,,,,,,,N,2,0,1,2,A,-,09,21801,A,N,E,I,A,A,H,-,A,D,0,,Y,,,Y,,D,22,1,0,0,0,0,0,1,0,0,"- ","- ",39.836150000000004,-121.57461000000001,BUTTE,UNINCORPORATED,-121.5743599,39.836599900000003