CASE_ID,ACCIDENT_YEAR,PROC_DATE,JURIS,COLLISION_DATE,COLLISION_TIME,OFFICER_ID,REPORTING_DISTRICT,DAY_OF_WEEK,CHP_SHIFT,POPULATION,CNTY_CITY_LOC,SPECIAL_COND,BEAT_TYPE,CHP_BEAT_TYPE,CITY_DIVISION_LAPD,CHP_BEAT_CLASS,BEAT_NUMBER,PRIMARY_RD,SECONDARY_RD,DISTANCE,DIRECTION,INTERSECTION,WEATHER_1,WEATHER_2,STATE_HWY_IND,CALTRANS_COUNTY,CALTRANS_DISTRICT,STATE_ROUTE,ROUTE_SUFFIX,POSTMILE_PREFIX,POSTMILE,LOCATION_TYPE,RAMP_INTERSECTION,SIDE_OF_HWY,TOW_AWAY,COLLISION_SEVERITY,NUMBER_KILLED,NUMBER_INJURED,PARTY_COUNT,PRIMARY_COLL_FACTOR,PCF_CODE_OF_VIOL,PCF_VIOL_CATEGORY,PCF_VIOLATION,PCF_VIOL_SUBSECTION,HIT_AND_RUN,TYPE_OF_COLLISION,MVIW,PED_ACTION,ROAD_SURFACE,ROAD_COND_1,ROAD_COND_2,LIGHTING,CONTROL_DEVICE,CHP_ROAD_TYPE,PEDESTRIAN_ACCIDENT,BICYCLE_ACCIDENT,MOTORCYCLE_ACCIDENT,TRUCK_ACCIDENT,NOT_PRIVATE_PROPERTY,ALCOHOL_INVOLVED,STWD_VEHTYPE_AT_FAULT,CHP_VEHTYPE_AT_FAULT,COUNT_SEVERE_INJ,COUNT_VISIBLE_INJ,COUNT_COMPLAINT_PAIN,COUNT_PED_KILLED,COUNT_PED_INJURED,COUNT_BICYCLIST_KILLED,COUNT_BICYCLIST_INJURED,COUNT_MC_KILLED,COUNT_MC_INJURED,PRIMARY_RAMP,SECONDARY_RAMP,LATITUDE,LONGITUDE,COUNTY,CITY,POINT_X,POINT_Y
6509166,2014,2016-06-30,9241,2014-05-30,0150,017114,,5,3,5,0402,0,1,3,,2,100,"RT 99","EAST AV",100.00,S,N,A,-,Y,BUT,3,99,-,R,34.910,H,-,N,Y,2,0,2,1,A,-,08,22107,,N,E,I,A,A,H,-,C,D,5,,,,,Y,,A,07,1,0,1,0,0,0,0,0,0,"- ","- ",39.760660000000001,-121.8561,BUTTE,CHICO,-121.855029,39.759906370000003
6515754,2014,2016-03-26,9241,2014-06-01,1710,016120,,7,2,9,0400,0,1,3,,1,060,"RT 32","HUMBOLDT RD",91.00,E,N,A,-,Y,BUT,3,32,-,R,36.950,H,-,E,Y,2,0,1,1,A,-,03,22350,,N,F,A,A,A,H,-,A,D,0,,,Y,,Y,,C,02,1,0,0,0,0,0,0,0,1,"- ","- ",40.03913,-121.61702,BUTTE,UNINCORPORATED,-121.61702738,40.039154189999998
6524129,2014,2014-07-21,0402,2014-04-23,1206,3135,,3,5,5,0402,0,0,0,,0,002,"IVY ST","1ST ST",252.00,N,N,A,-,N,,,,,,,,,,N,2,0,1,2,A,-,11,21950,B,N,G,B,E,A,H,-,A,D,0,Y,,,,Y,,N,60,1,0,0,0,1,0,0,0,0,"- ","- ",,,BUTTE,CHICO,-121.84725770999999,39.727837710000003
6561434,2014,2014-08-27,9240,2014-07-13,2235,018841,,7,3,9,0400,0,3,5,,2,020,"W EVANS REIMER RD","DEWSNUP AV",3368.00,E,N,A,-,N,,,,,,,,,,Y,2,0,1,1,A,-,01,23152,A,N,E,I,A,A,H,-,D,D,0,,,,,Y,Y,D,22,1,0,0,0,0,0,0,0,0,"- ","- ",39.334029999999998,-121.69682,BUTTE,UNINCORPORATED,-121.69688235,39.333972639999999
6612481,2014,2014-09-15,9241,2014-08-28,1130,016932,,4,1,9,0400,0,3,5,,2,008,"RIVER RD","CHICO RIVER RD",6864.00,N,N,A,-,N,,,,,,,,,,Y,2,0,1,1,A,-,03,22350,,N,E,I,A,A,H,-,A,D,0,,,Y,,Y,,C,02,1,0,0,0,0,0,0,0,1,"- ","- ",39.707949999999997,-121.94383999999999,BUTTE,UNINCORPORATED,-121.94312572,39.707210590000003
6623228,2014,2014-10-01,9241,2014-09-06,1705,016360,,6,2,5,0402,0,1,A,,2,751,"FAIR ST","2357 FAIR ST",1220.00,E,N,A,-,N,,,,,,,,,,N,2,0,1,1,C,-,18,,,N,H,A,A,A,H,-,A,D,0,,,,,Y,,-,"- ",1,0,0,0,0,0,0,0,0,"- ","- ",,,BUTTE,CHICO,,
6669544,2014,2014-12-26,9241,2014-10-15,0150,016120,,3,3,9,0400,0,2,4,,2,097,"CENTERVILLE RD","QUAIL RUN DR",528.00,S,N,C,-,N,,,,,,,,,,Y,2,0,2,1,A,-,08,22107,,N,E,J,A,B,H,-,D,D,0,,,,,Y,,D,22,2,0,0,0,0,0,0,0,0,"- ","- ",39.764800000000001,-121.67492,BUTTE,UNINCORPORATED,-121.67514920000001,39.763825519999997
6703836,2014,2015-01-08,9241,2014-11-09,0100,016360,,7,3,9,0400,0,3,5,,2,007,"HUMBUG SUMMIT RD","PHILBROOK RD",1320.00,S,N,A,-,N,,,,,,,,,,N,2,0,1,1,C,-,18,,,N,H,A,A,A,H,-,D,D,0,,,,,Y,,-,"- ",1,0,0,0,0,0,0,0,0,"- ","- ",40.046970000000002,-121.49423,BUTTE,UNINCORPORATED,-121.50440999999999,40.044280000000001
6755029,2014,2016-07-05,9241,2014-12-18,1805,19043,,4,2,9,0400,0,1,3,,1,061,"RT 99",ESPLANADE,0.00,,Y,B,-,Y,BUT,3,99,-,T,38.210,I,5,S,Y,2,0,1,2,A,-,09,21802,A,N,D,C,A,A,H,-,C,D,0,,,,,Y,,A,01,1,0,0,0,0,0,0,0,0,"- ","- ",39.79336,-121.89864,BUTTE,UNINCORPORATED,-121.89871137999999,39.793331520000002
6786091,2015,2015-03-03,0402,2015-01-07,1626,434,,3,5,5,0402,0,0,0,,0,006,"W EAST AV",ESPLANADE,770.00,W,N,A,-,N,,,,,,,,,,Y,2,0,1,4,A,-,12,21453,A,N,-,G,A,A,H,-,A,A,0,,Y,,Y,Y,,A,01,1,0,0,0,0,0,1,0,0,"- ","- ",,,BUTTE,CHICO,-121.86356968,39.755429149999998
6790072,2015,2015-02-20,9240,2015-01-03,1940,19085,,6,2,9,0400,0,3,5,,2,010,"LINCOLN BL","MYERS ST",291.00,S,N,A,-,N,,,,,,,,,,Y,2,0,2,3,A,-,08,22107,,N,H,G,E,A,H,-,D,D,0,Y,Y,,,Y,,A,01,2,0,0,0,1,0,1,0,0,"- ","- ",39.490589999999997,-121.55056,BUTTE,UNINCORPORATED,-121.55072523,39.49060386
6793368,2015,2015-02-20,9240,2015-01-20,1400,018046,,2,2,9,0400,0,3,5,,2,040,"ORO QUINCY HWY","WHISPERING CHAPEL LN",6.00,W,N,A,-,N,,,,,,,,,,Y,2,0,1,2,A,-,01,23152,E,N,C,C,A,A,H,-,A,D,0,,,Y,,Y,,C,02,1,0,0,0,0,0,0,0,1,"- ","- ",39.623519999999999,-121.43631000000001,BUTTE,UNINCORPORATED,-121.43633187,39.623759499999998
6808395,2015,2015-02-27,9240,2015-01-24,0020,018710,,6,3,9,0400,0,3,5,,2,030,"BIG BEND RD","DETLOW RD",528.00,E,N,A,-,N,,,,,,,,,,Y,2,0,1,1,A,-,01,23152,A,N,E,I,A,A,H,-,D,D,0,,,,,Y,Y,A,07,1,0,0,0,0,0,0,0,0,"- ","- ",39.725619999999999,-121.50109999999999,BUTTE,UNINCORPORATED,-121.50109999999999,39.725619999999999
6829867,2015,2016-11-05,9241,2015-04-28,1135,016120,,2,1,9,0400,0,1,3,,1,061,"RT 99","HAMILTON NORD CANA HWY",0.00,,Y,A,-,Y,BUT,3,99,-,-,44.000,I,5,S,Y,2,0,2,2,A,-,09,21801,A,N,D,C,A,A,H,-,A,D,0,,,,,Y,,D,22,1,1,0,0,0,0,0,0,0,"- ","- ",39.859780000000001,-121.95657,BUTTE,UNINCORPORATED,-121.95645613000001,39.859865419999998
6840072,2015,2016-09-06,0402,2015-02-10,1248,1240,,2,5,5,0402,0,0,0,,0,004,SKYWAY,"RT 99",78.00,W,N,A,-,Y,BUT,3,99,-,R,30.355,R,4,N,Y,2,0,1,2,A,-,03,22350,,N,C,C,A,A,H,-,A,A,0,,,,,Y,,-,,1,0,0,0,0,0,0,0,0,"- ",NF,,,BUTTE,CHICO,-121.79772653000001,39.711947719999998
6854140,2015,2015-04-03,9240,2015-01-04,1920,18540,,7,2,9,0400,0,1,3,,1,021,"RT 99","TURNER AV",1080.00,S,N,A,-,Y,BUT,3,99,-,-,1.090,H,-,S,Y,1,1,1,2,A,-,11,21954,A,N,G,B,E,A,H,-,D,D,0,Y,,,,Y,,N,60,1,0,0,1,0,0,0,0,0,"- ","- ",39.319949999999999,-121.67819,BUTTE,UNINCORPORATED,-121.67826648,39.32040361
6854716,2015,2015-07-11,9240,2015-05-01,1257,19055,,5,1,9,0400,0,3,5,,2,010,"LOWER WYANDOTTE RD","V-6 RD",0.00,,Y,A,-,N,,,,,,,,,,Y,1,1,3,2,A,-,09,21802,B,N,D,C,A,A,H,-,A,A,0,,,,,Y,,A,01,1,2,0,0,0,0,0,0,0,"- ","- ",39.487810000000003,-121.53055000000001,BUTTE,UNINCORPORATED,-121.53058996999999,39.487809910000003
6870081,2015,2016-11-01,9241,2015-04-01,0410,016120,,3,3,9,0400,0,3,5,,2,006,"MERIDIAN RD","RT 32",211.00,S,N,A,-,Y,BUT,3,32,-,-,4.166,I,6,E,Y,2,0,1,1,A,-,01,23152,A,N,E,I,A,A,H,-,D,D,0,,,,,Y,Y,D,22,1,0,0,0,0,0,0,0,0,"- ","- ",39.752949999999998,-121.91906,BUTTE,UNINCORPORATED,-121.91933935,39.753343260000001
6880046,2015,2015-04-21,0402,2015-03-27,1445,434,,5,5,5,0402,0,0,0,,0,004,"BRUCE RD","STERLING OAKS DR",55.00,N,N,A,-,N,,,,,,,,,,Y,2,0,1,1,A,-,03,22350,,N,E,I,A,A,H,-,A,D,0,,,Y,,Y,,C,02,1,0,0,0,0,0,0,0,1,"- ","- ",,,BUTTE,CHICO,-121.79299057,39.745270849999997
6917030,2015,2015-06-01,9241,2015-05-12,1635,015794,,2,2,9,0400,0,2,4,,2,086,"ORD FERRY RD","HUGH BARBER LN",2640.00,W,N,A,-,N,,,,,,,,,,Y,2,0,1,1,A,-,05,21650,,N,E,I,A,A,H,-,A,D,0,,,,,Y,,D,22,1,0,0,0,0,0,0,0,0,"- ","- ",39.622439999999997,-121.96418,BUTTE,UNINCORPORATED,-121.96310966999999,39.622714109999997
6947430,2015,2015-06-24,9241,2015-05-31,1940,15794,,7,2,9,0400,0,2,4,,2,084,"CHICO RIVER RD","CROUCH AV",1056.00,E,N,A,-,N,,,,,,,,,,Y,2,0,1,1,A,-,08,22107,,N,F,A,A,A,H,-,A,D,0,,,Y,,Y,,C,02,1,0,0,0,0,0,0,0,1,"- ","- ",39.709049999999998,-121.87654000000001,BUTTE,UNINCORPORATED,-121.87600053,39.709112230000002
6965701,2015,2015-07-01,0405,2015-06-07,1142,BER01,3N,7,5,4,0405,0,0,0,,0,00N,"CLARK RD","ARMSTRONG PL",702.00,S,N,A,-,N,,,,,,,,,,N,2,0,1,2,A,-,05,21650,1,N,B,C,A,A,H,-,A,D,0,,,,,Y,,A,01,1,0,0,0,0,0,0,0,0,"- ","- ",39.773060000000001,-121.59650000000001,BUTTE,PARADISE,-121.59618161,39.771995820000001
6967465,2015,2015-07-01,9241,2015-06-06,2210,018540,,6,3,9,0400,0,2,4,,2,090,SKYWAY,"SPANISH GARDEN DR",2640.00,W,N,A,-,N,,,,,,,,,,Y,2,0,3,1,A,-,01,23152,A,N,F,A,A,A,H,-,D,D,0,,,,,Y,Y,A,07,1,2,0,0,0,0,0,0,0,"- ","- ",39.702060000000003,-121.76788999999999,BUTTE,UNINCORPORATED,-121.767702,39.701979999999999
6989374,2015,2015-07-24,9241,2015-07-09,2015,019043,,4,2,9,0400,0,3,5,,2,007,"MASTERSON WY","COLTER CT",851.00,S,N,A,-,N,,,,,,,,,,Y,2,0,4,1,A,-,01,23152,A,F,E,I,A,A,H,-,B,D,0,,,,,Y,Y,A,07,1,1,2,0,0,0,0,0,0,"- ","- ",39.846679999999999,-121.60355,BUTTE,UNINCORPORATED,-121.60345907,39.846933780000001
7000659,2015,2015-07-30,0402,2015-07-17,1818,4127,0402,5,5,5,0402,0,0,0,,0,005,"NORTH AV","SAN RAMON DR",144.00,S,N,A,-,N,,,,,,,,,,N,2,0,1,2,A,-,11,21955,,N,G,B,D,A,H,-,A,D,0,Y,,,,Y,Y,N,60,1,0,0,0,1,0,0,0,0,"- ","- ",,,BUTTE,CHICO,-121.83874120999999,39.763684640000001
7006658,2015,2016-09-14,0403,2015-09-04,1735,P202,4,5,5,2,0403,0,0,0,,0,004,"EAST GRIDLEY RD","FAIRVIEW DR",0.00,,Y,A,-,N,,,,,,,,,,Y,1,1,0,2,A,-,03,22350,,N,G,B,B,A,H,-,A,D,0,Y,,,Y,Y,,F,76,0,0,0,1,0,0,0,0,0,"- ","- ",,,BUTTE,GRIDLEY,-121.68606994,39.363219979999997
7076970,2015,2015-10-03,0402,2015-09-18,2057,38,,5,5,5,0402,0,0,0,,0,,"9TH AV","MANGROVE AV",0.00,,Y,A,-,N,,,,,,,,,,N,2,0,1,2,A,-,10,21950,A,F,G,B,B,A,H,-,C,A,0,Y,,,,Y,,-,,1,0,0,0,1,0,0,0,0,"- ","- ",,,BUTTE,CHICO,-121.84389,39.749649980000001
7126858,2015,2015-12-24,0402,2015-12-11,2346,30,0402,5,5,5,0402,0,0,0,,0,001,"NORD AV","NORD AV 1630",0.00,,Y,A,G,N,,,,,,,,,,N,2,0,1,2,A,-,17,21209,A,F,C,G,A,A,H,-,C,D,0,,Y,,,Y,,D,22,1,0,0,0,0,0,1,0,0,"- ","- ",39.447049999999997,-121.52319,BUTTE,CHICO,-121.86757743,39.735182340000001
7131723,2014,2015-12-16,0404,2014-05-08,1411,559,W,4,5,3,0404,0,0,0,,0,00W,"WASHINGTON AV","BIRD ST",31.00,S,N,A,-,N,,,,,,,,,,Y,2,0,1,2,A,-,03,22350,,N,C,C,A,A,H,-,A,D,0,,,Y,,Y,,C,02,1,0,0,0,0,0,0,0,1,"- ","- ",,,BUTTE,OROVILLE,-121.54899806,39.515623269999999
7148834,2015,2016-01-06,0402,2015-12-28,1842,90,,1,5,5,0402,0,0,0,,0,005,"COHASSETT RD","CHRISTI LN",66.00,N,N,A,-,N,,,,,,,,,,Y,2,0,1,2,A,-,08,22107,,N,D,G,A,A,H,-,C,D,0,,Y,,,Y,Y,L,04,1,0,0,0,0,0,1,0,0,"- ","- ",,,BUTTE,CHICO,-121.84353259,39.765121219999997
7190691,2016,2018-09-27,0405,2016-11-18,1042,AKI01,7S,5,5,4,0405,0,0,0,,0,00S,"CLARK RD","PEARSON RD",160.00,N,N,A,-,N,,,191,,,,,,,N,1,1,0,2,A,-,11,21955,,N,G,B,D,A,H,-,A,A,0,Y,,,,Y,,N,60,0,0,0,1,0,0,0,0,0,"- ","- ",39.752549999999999,-121.60745,BUTTE,PARADISE,-121.60776634,39.752262170000002
7190693,2016,2018-09-27,0402,2016-12-07,0129,101,CHICO,3,5,5,0402,0,0,0,,0,001,"RT 32","W SACRAMENTO AV",306.00,S,N,A,-,Y,BUT,3,32,-,-,7.650,H,-,E,Y,1,1,0,2,A,-,01,23152,A,F,G,B,F,A,H,-,C,D,0,Y,,,,Y,Y,A,01,0,0,0,1,0,0,0,0,0,"- ","- ",,,BUTTE,CHICO,-121.86068152,39.731648819999997
8048847,2016,2016-05-31,0405,2016-05-22,2219,NIC02,8S,7,5,4,0405,0,0,0,,0,00S,"SAWMILL RD","PG&E 110364783",98.00,N,N,A,-,N,,,,,,,,,,Y,2,0,1,2,A,-,01,23153,A,N,G,B,E,A,H,-,D,D,0,Y,,,,Y,Y,A,01,1,0,0,0,1,0,0,0,0,"- ","- ",39.748609999999999,-121.58902999999999,BUTTE,PARADISE,,
8049088,2016,2016-06-01,0402,2016-05-08,0046,30,0402,7,5,5,0402,0,0,0,,0,003,"PINE ST","LITTLE CHICO CREEK",0.00,,Y,A,-,N,,,,,,,,,,Y,2,0,2,1,A,-,01,23153,A,N,E,I,A,A,H,-,C,D,0,,,,,Y,Y,A,01,1,1,0,0,0,0,0,0,0,"- ","- ",,,BUTTE,CHICO,-121.82875514,39.727052999999998
8142249,2016,2016-10-19,0402,2016-10-11,1904,2539,0402,2,5,5,0402,0,0,0,,0,005,"EAST LASSEN AV","SCENIC DR",0.00,,Y,A,-,N,,,,,,,,,,Y,2,0,1,2,A,-,17,22109,,N,C,D,A,A,H,-,D,D,0,,,,,Y,,-,,1,0,0,0,0,0,0,0,0,"- ","- ",,,BUTTE,CHICO,-121.84996999000001,39.770389909999999
8197787,2016,2017-01-06,0405,2016-11-15,2021,SMI01,10S,2,5,4,0405,0,0,0,,0,00S,"NEAL RD","CIRCLEWOOD DR",133.00,S,N,A,-,N,,,,,,,,,,N,2,0,1,2,A,-,11,21954,A,N,G,B,D,B,H,-,D,D,0,Y,,,,Y,,N,60,1,0,0,0,1,0,0,0,0,"- ","- ",39.745420000000003,-121.63827000000001,BUTTE,PARADISE,-121.63861511,39.745182229999998
82166437,2023,2023-09-11,0402,2023-05-18,2107,3322,,4,5,5,0402,0,0,0,,0,001,"W. SACRAMENTO AVENUE","N. CEDAR STREET",0.00,,Y,A,-,N,,,,,,,,,,N,2,0,1,2,A,-,10,21950,A,F,G,B,B,A,H,-,C,D,0,Y,,,,Y,,A,71,1,0,0,0,1,0,0,0,0,"- ","- ",,,BUTTE,CHICO,-121.85641479492188,39.731849670410156
82194042,2023,2023-10-09,0402,2023-09-29,2347,3342,0402,5,5,5,0402,0,0,0,,0,002,"316 W. 2ND ST","SALEM ST",0.00,,Y,B,C,N,,,,,,,,,,Y,2,0,1,3,A,-,01,23152,A,N,G,B,F,B,H,-,C,A,0,Y,,,,Y,Y,A,01,1,0,0,0,1,0,0,0,0,"- ","- ",39.729091644287109,-121.84226226806641,BUTTE,CHICO,-121.84220886230469,39.729061126708984
82235259,2023,2023-11-14,0402,2023-11-07,1520,3384,0402,2,5,5,0402,0,0,0,,0,002,"MAIN ST","1ST ST",0.00,,Y,A,-,N,,,,,,,,,,N,2,0,1,2,A,-,10,21950,A,N,G,B,B,A,H,-,A,A,0,Y,,,Y,Y,,F,86,1,0,0,0,1,0,0,0,0,"- ","- ",39.731060028076172,-121.84120178222656,BUTTE,CHICO,-121.84120941162109,39.731067657470703
82382022,2024,2024-05-06,0402,2024-03-24,1525,3366,,7,5,5,0402,0,0,0,,0,002,"HWY 32  W","FIR STREET",138.00,W,N,A,-,Y,,,,,,,,,,N,2,0,1,1,A,-,03,22350,,N,E,I,A,A,H,-,A,D,0,,,Y,,Y,,C,02,1,0,0,0,0,0,0,0,1,"- ","- ",,,BUTTE,CHICO,-121.81856536865234,39.737422943115234
82408445,2024,2024-06-26,0402,2024-05-11,2006,3393,,6,5,5,0402,0,0,0,,0,002,"W. SACRAMENTO AVE","NORD AVE.",63.00,W,N,A,-,Y,,,,,,,,,,Y,2,0,1,1,A,-,01,23152,A,N,E,I,A,A,H,-,A,D,0,,,,,Y,Y,A,01,1,0,0,0,0,0,0,0,0,"- ","- ",,,BUTTE,CHICO,-121.86029815673828,39.731208801269531
8403189,2017,2017-07-06,0402,2017-06-01,1230,P02710,,4,5,5,0402,0,0,0,,0,006,ESPLANADE,"HENSHAW AV",0.00,,Y,A,-,N,,,,,,,,,,Y,2,0,1,2,A,-,00,22802,A,N,A,C,A,A,H,-,A,A,0,,,Y,,Y,,A,08,1,0,0,0,0,0,0,0,1,"- ","- ",,,BUTTE,CHICO,-121.86422997,39.759599940000001
8404526,2017,2019-04-09,0405,2017-07-16,1415,CHA01,6N,7,5,4,0405,0,0,0,,0,00N,SKYWAY,"CENTER ST",176.00,N,N,A,-,N,,,,,,,,,,Y,1,1,1,2,A,-,05,21650,,N,A,C,A,A,H,-,A,D,0,,,,,Y,,A,01,0,1,0,0,0,0,0,0,0,"- ","- ",39.7639,-121.6204,BUTTE,PARADISE,-121.62015608999999,39.763752500000002
8416638,2017,2017-07-31,0402,2017-05-19,1400,P02245,9,5,5,5,0402,0,0,0,,0,002,"IVY ST","3RD ST",0.00,,Y,A,-,N,,,,,,,,,,N,2,0,1,2,A,-,11,21950,B,N,G,B,E,A,H,-,A,D,0,Y,,,,Y,,N,60,1,0,0,0,1,0,0,0,0,"- ","- ",,,BUTTE,CHICO,-121.84510989,39.725879970000001
8425877,2017,2017-08-22,0402,2017-08-03,1831,P00602,82,4,5,5,0402,0,0,0,,0,006,"E 7TH AV","LABURNUM AV",0.00,,Y,A,-,N,,,,,,,,,,N,2,0,1,2,A,-,08,22107,,N,A,C,A,A,H,-,A,D,0,,,Y,,Y,,A,07,1,0,0,0,0,0,0,0,1,"- ","- ",,,BUTTE,CHICO,-121.84704995,39.745529990000001
8431574,2017,2017-09-19,0402,2017-08-02,0912,P00800,,3,5,5,0402,0,0,0,,0,,"EAST AV","EAST AV N",0.00,,Y,A,-,N,,,,,,,,,,Y,2,0,1,2,A,-,09,21804,A,N,D,C,A,A,H,-,A,D,0,,,,,Y,,A,01,1,0,0,0,0,0,0,0,0,"- ","- ",39.761139999999997,-121.82138,BUTTE,CHICO,-121.86139996,39.756719959999998
8436501,2017,2017-09-22,0404,2017-08-28,2500,651,SS,1,5,3,0404,0,0,0,,0,0SS,"WYANDOTTE AV","BURLINGTON AV",0.00,,Y,A,-,N,,,,,,,,,,N,2,0,1,2,A,-,08,22103,,N,D,E,A,A,H,-,A,D,0,,,,,Y,,A,01,1,0,0,0,0,0,0,0,0,"- ","- ",,,BUTTE,OROVILLE,-121.5416099,39.500459900000003
84368803,2024,2024-08-26,0402,2024-08-11,1148,33103,,7,5,5,0402,0,0,0,,0,002,"9TH ST","FLUME ST",84.00,W,N,A,-,N,,,,,,,,,,Y,2,0,2,1,A,-,05,21650,,N,E,I,A,A,H,-,A,D,0,,,,,Y,Y,A,01,1,1,0,0,0,0,0,0,0,"- ","- ",39.726749420166016,-121.8330078125,BUTTE,CHICO,-121.833251953125,39.726612091064453
84378683,2024,2024-09-03,0402,2024-08-29,2134,3366,,4,5,5,0402,0,0,0,,0,004,"WILDWOOD AVE","UPPER PARK RD",61.00,W,N,A,-,N,,,,,,,,,,N,2,0,4,1,A,-,01,23153,A,N,F,J,A,A,H,-,D,D,0,,,,,Y,Y,A,01,1,3,0,0,0,0,0,0,0,"- ","- ",39.765178680419922,-121.79974365234375,BUTTE,CHICO,-121.79981994628906,39.765132904052734
8444688,2017,2017-08-31,0405,2017-07-21,1303,WAL02,7S,5,5,4,0405,0,0,0,,0,00S,"PEARSON RD","CLARK RD",83.00,E,N,A,-,N,,,,,,,,,,N,2,0,1,2,A,-,09,21804,A,N,D,G,A,A,H,-,A,D,0,,Y,,,Y,,L,04,1,0,0,0,0,0,1,0,0,"- ","- ",39.752270000000003,-121.60777,BUTTE,PARADISE,-121.60746474,39.752249999999997
84455965,2024,2024-11-04,0402,2024-10-21,"609 ",3329,,1,5,5,0402,0,0,0,,0,,ESPLANADE,"9TH AVE",0.00,,Y,A,-,N,,,,,,,,,,N,2,0,1,2,D,-,00,,,N,D,G,A,A,D,E,C,A,0,,Y,,,Y,,-,"- ",1,0,0,0,0,0,1,0,0,"- ","- ",39.746269226074219,-121.85182952880859,BUTTE,CHICO,-121.85188293457031,39.7462158203125
8449081,2017,2017-09-20,0405,2017-09-05,1650,VAN02,10S,2,5,4,0405,0,0,0,,0,00S,SKYWAY,"BLACK OLIVE DR",0.00,,Y,A,-,N,,,,,,,,,,N,2,0,1,3,A,-,09,21801,A,N,A,C,A,A,H,-,A,D,0,,,,,Y,,A,01,1,0,0,0,0,0,0,0,0,"- ","- ",39.751620000000003,-121.6307,BUTTE,PARADISE,-121.63066992,39.751659930000002
84496178,2024,2024-12-16,0402,2024-12-08,1436,3327,,7,5,5,0402,0,0,0,,0,003,"EAST AVE","COHASSET RD",430.00,W,N,A,-,N,,,,,,,,,,Y,2,0,2,2,A,-,03,22350,,N,D,C,A,A,H,-,A,A,0,,,,Y,Y,,F,26,1,0,1,0,0,0,0,0,0,"- ","- ",39.760910034179688,-121.84390258789062,BUTTE,CHICO,-121.84500122070312,39.7608642578125
84540970,2025,2025-01-17,0402,2025-01-01,2147,3346,,3,5,5,0402,0,0,0,,0,,"PILLSBURY RD","PLAZA WAY",148.00,S,N,A,-,N,,,,,,,,,,Y,2,0,1,1,A,-,03,22350,,N,E,I,A,A,H,-,C,D,0,,,,Y,Y,,F,86,1,0,0,0,0,0,0,0,0,"- ","- ",39.759548187255859,-121.84938049316406,BUTTE,CHICO,-121.84937286376953,39.759174346923828
84546804,2024,2025-02-03,0402,2024-11-30,1515,3366,,6,5,5,0402,0,0,0,,0,004,"HWY 32  E","HWY 99 NB ONRAMP",0.00,,Y,A,-,Y,BUT,,32," "," ",10.214,H,,L,N,2,0,1,2,A,-,12,21453,A,N,D,C,A,A,H,-,A,A,0,,,,,Y,,A,01,1,0,0,0,0,0,0,0,0,"- ","- ",39.737140655517578,-121.81952667236328,BUTTE,CHICO,-121.81951141357422,39.737113952636719
84586850,2025,2025-02-24,0402,2025-02-20,"935 ",3379,,4,5,5,0402,0,0,0,,0,001,"COHASSET RD","PARMAC RD",0.00,,Y,A,-,N,,,,,,,,,,Y,2,0,1,2,A,-,09,21802,A,N,D,G,A,A,H,-,A,A,0,,Y,,,Y,,A,01,1,0,0,0,0,0,1,0,0,"- ","- ",39.751598358154297,-121.85135650634766,BUTTE,CHICO,-121.85125732421875,39.751579284667969
8459347,2017,2017-09-28,0402,2017-09-03,1622,P04107,84,7,5,5,0402,0,0,0,,0,001,"WEST 1ST AV","CITRUS AV",0.00,,Y,A,-,N,,,,,,,,,,Y,2,0,1,2,A,-,12,22450,A,N,D,C,A,A,H,-,A,A,0,,,Y,,Y,,C,02,1,0,0,0,0,0,0,0,1,"- ","- ",,,BUTTE,CHICO,-121.85038987,39.73578998
84594217,2025,2025-03-03,0402,2025-01-27,"243 ",3396,,1,5,5,0402,0,0,0,,0,,"FRESHWATER CRK","SHOAL RIVER",0.00,,Y,A,-,N,,,,,,,,,,Y,2,0,1,1,A,-,01,23153,A,N,E,I,A,A,H,-,C,D,0,,,,,Y,Y,A,01,1,0,0,0,0,0,0,0,0,"- ","- ",,,BUTTE,CHICO,,
84603536,2025,2025-03-18,0402,2025-02-21,1829,3366,,5,5,5,0402,0,0,0,,0,001,"LASSEN AVE","GODMAN AVE",93.00,E,N,A,-,N,,,,,,,,,,N,2,0,1,2,A,-,06,21755,A,N,D,C,A,A,H,-,C,D,0,,,Y,,Y,Y,C,02,1,0,0,0,0,0,0,0,1,"- ","- ",39.766658782958984,-121.85626983642578,BUTTE,CHICO,-121.85594940185547,39.766819000244141
8465620,2018,2020-05-22,0402,2018-12-21,1747,P01767,14,5,5,5,0402,0,0,0,,0,001,"WEST 8TH AV","CITRUS AV",7.00,W,N,A,-,N,,,,,,,,,,Y,1,1,0,2,A,-,10,21950,,N,G,B,B,A,H,-,C,D,0,Y,,,,Y,,A,01,0,0,0,1,0,0,0,0,0,"- ","- ",,,BUTTE,CHICO,-121.85536193847656,39.743492126464844
8465627,2018,2019-02-15,0403,2018-04-01,2108,P201,4,7,5,2,0403,0,0,0,,0,004,"MAGNOLIA ST","HASKELL ST",0.00,,Y,A,-,N,,,,,,,,,,N,1,1,0,2,A,-,10,21950,A,F,G,B,B,A,H,-,C,A,0,Y,,,,Y,Y,A,01,0,0,0,1,0,0,0,0,0,"- ","- ",39.364459991455078,-121.69457244873047,BUTTE,GRIDLEY,-121.69017028808594,39.363201141357422