CASE_ID,ACCIDENT_YEAR,PROC_DATE,JURIS,COLLISION_DATE,COLLISION_TIME,OFFICER_ID,REPORTING_DISTRICT,DAY_OF_WEEK,CHP_SHIFT,POPULATION,CNTY_CITY_LOC,SPECIAL_COND,BEAT_TYPE,CHP_BEAT_TYPE,CITY_DIVISION_LAPD,CHP_BEAT_CLASS,BEAT_NUMBER,PRIMARY_RD,SECONDARY_RD,DISTANCE,DIRECTION,INTERSECTION,WEATHER_1,WEATHER_2,STATE_HWY_IND,CALTRANS_COUNTY,CALTRANS_DISTRICT,STATE_ROUTE,ROUTE_SUFFIX,POSTMILE_PREFIX,POSTMILE,LOCATION_TYPE,RAMP_INTERSECTION,SIDE_OF_HWY,TOW_AWAY,COLLISION_SEVERITY,NUMBER_KILLED,NUMBER_INJURED,PARTY_COUNT,PRIMARY_COLL_FACTOR,PCF_CODE_OF_VIOL,PCF_VIOL_CATEGORY,PCF_VIOLATION,PCF_VIOL_SUBSECTION,HIT_AND_RUN,TYPE_OF_COLLISION,MVIW,PED_ACTION,ROAD_SURFACE,ROAD_COND_1,ROAD_COND_2,LIGHTING,CONTROL_DEVICE,CHP_ROAD_TYPE,PEDESTRIAN_ACCIDENT,BICYCLE_ACCIDENT,MOTORCYCLE_ACCIDENT,TRUCK_ACCIDENT,NOT_PRIVATE_PROPERTY,ALCOHOL_INVOLVED,STWD_VEHTYPE_AT_FAULT,CHP_VEHTYPE_AT_FAULT,COUNT_SEVERE_INJ,COUNT_VISIBLE_INJ,COUNT_COMPLAINT_PAIN,COUNT_PED_KILLED,COUNT_PED_INJURED,COUNT_BICYCLIST_KILLED,COUNT_BICYCLIST_INJURED,COUNT_MC_KILLED,COUNT_MC_INJURED,PRIMARY_RAMP,SECONDARY_RAMP,LATITUDE,LONGITUDE,COUNTY,CITY,POINT_X,POINT_Y
84677935,2025,2025-05-07,0402,2025-05-01,1746,3366,,4,5,5,0402,0,0,0,,0,,"CHERRY ST","1ST ST",204.00,N,N,A,-,N,,,,,,,,,,N,2,0,1,1,A,-,03,22350,,N,E,I,A,A,H,-,A,D,0,,,Y,,Y,,O,05,1,0,0,0,0,0,0,0,1,"- ","- ",39.726039886474609,-121.84860229492188,BUTTE,CHICO,-121.84813690185547,39.727149963378906
84689730,2025,2025-05-16,0402,2025-05-02,1955,3366,,5,5,5,0402,0,0,0,,0,,"MANZANITA AVE","CENTENNIAL AVE",15.00,S,N,A,-,N,,,,,,,,,,N,2,0,2,2,A,-,03,22350,,N,C,C,A,A,H,-,B,D,0,,,Y,,Y,,A,01,2,0,0,0,0,0,0,0,2,"- ","- ",39.758148193359375,-121.79611968994141,BUTTE,CHICO,-121.795654296875,39.758010864257812
84689731,2025,2025-05-16,0402,2025-05-02,2032,3366,,5,5,5,0402,0,0,0,,0,002,"VIRGINIA ST","BRUCE ST",157.00,E,N,A,-,N,,,,,,,,,,N,2,0,1,2,A,-,08,22107,,N,D,C,A,A,H,-,D,D,0,,,Y,,Y,,C,03,1,0,0,0,0,0,0,0,1,"- ","- ",39.728679656982422,-121.81877899169922,BUTTE,CHICO,-121.81816864013672,39.728733062744141
8472666,2017,2017-11-02,0402,2017-10-15,0313,P00707,,7,5,5,0402,0,0,0,,0,002,"WALNUT ST","W 1ST ST",0.00,,Y,A,-,N,,,,,,,,,,Y,2,0,2,1,A,-,01,23153,A,N,E,I,A,A,H,-,C,A,0,,,,,Y,Y,A,01,1,1,0,0,0,0,0,0,0,"- ","- ",,,BUTTE,CHICO,-121.85051,39.72484
8566335,2018,2018-03-19,0402,2018-02-24,0033,P02757,,6,5,5,0402,0,0,0,,0,002,"IVY ST","5TH ST",6.00,N,N,A,-,N,,,,,,,,,,Y,2,0,1,2,A,-,01,23153,E,N,A,B,B,A,H,-,C,D,0,Y,,,,Y,Y,A,01,1,0,0,0,1,0,0,0,0,"- ","- ",,,BUTTE,CHICO,-121.84363555908203,39.724533081054688
8599680,2018,2018-05-03,0404,2018-03-17,1005,598,TH,6,5,3,0404,0,0,0,,0,0TH,"TABLE MOUNTAIN BL","LA PALMA DR",15.00,N,N,A,-,N,,,,,,,,,,Y,2,0,1,1,A,-,"- ",,,N,A,I,A,A,H,-,A,D,0,,,,,Y,,A,07,1,0,0,0,0,0,0,0,0,"- ","- ",39.509361267089844,-121.55452728271484,BUTTE,OROVILLE,-121.55692291259766,39.522987365722656
8637812,2018,2018-06-20,0404,2018-04-07,1002,675,E,6,5,3,0404,0,0,0,,0,00E,"OROVILLE DAM BL EAST","OROVILLE DAM BL E 4141",0.00,,N,A,-,N,,,,,,,,,,Y,2,0,1,1,A,-,05,21650,,N,A,I,A,A,H,-,A,D,0,,,,,Y,,A,01,1,0,0,0,0,0,0,0,0,"- ","- ",,,BUTTE,OROVILLE,-121.519142,39.516333000000003
8693952,2018,2018-09-17,0405,2018-07-16,2027,WAL02,7S,1,5,4,0405,0,0,0,,0,00S,"CLARK RD","NUNNELEY RD",0.00,,Y,A,-,N,,,,,,,,,,Y,2,0,3,2,A,-,12,21453,A,N,D,C,A,A,H,-,A,A,0,,,Y,,Y,,-,"- ",2,1,0,0,0,0,0,0,1,"- ","- ",39.755908966064453,-121.60738372802734,BUTTE,PARADISE,-121.607421875,39.755889892578125
8709827,2018,2018-12-07,0402,2018-09-05,1422,101,,3,5,5,0402,0,0,0,,0,003,"EAST 9TH ST","LINDEN ST",0.00,,Y,A,-,Y,BUT,3,32,-,-,9.775,I,5,E,N,2,0,1,2,A,-,10,21950,A,N,G,B,B,A,H,-,A,A,0,Y,,,,Y,,-,,1,0,0,0,1,0,0,0,0,"- ","- ",39.732089996337891,-121.82511138916016,BUTTE,CHICO,-121.82490539550781,39.732189178466797
8723403,2018,2018-11-19,0402,2018-10-12,2048,P01277,34,5,5,5,0402,0,0,0,,0,006,"MANGROVE AV","E 5TH AV",0.00,,Y,A,-,N,,,,,,,,,,Y,2,0,4,2,A,-,09,21801,A,N,D,C,A,A,H,-,C,A,0,,,,,Y,,A,01,1,0,3,0,0,0,0,0,0,"- ","- ",39.745399475097656,-121.84089660644531,BUTTE,CHICO,-121.84081268310547,39.745418548583984
8729263,2018,2019-07-02,0404,2018-10-17,0741,675,W,3,5,3,0404,0,0,0,,0,00W,"5TH AV","ORO DAM BL EAST",0.00,,Y,A,-,N,,,,,,,,,,N,1,1,0,2,A,-,12,21453,A,N,D,G,A,A,H,-,B,A,0,,Y,,,Y,,L,04,0,0,0,0,0,1,0,0,0,"- ","- ",39.508998870849609,-121.55400085449219,BUTTE,OROVILLE,-121.56513,39.499780000000001
8829128,2019,2019-04-16,0402,2019-04-01,1314,101,CPD,1,5,5,0402,0,0,0,,0,006,"E 3RD AV","SPRUCE AV",82.00,W,N,B,-,N,,,,,,,,,,N,2,0,1,2,A,-,21,22106,,N,D,G,A,A,H,-,A,A,0,,Y,,,Y,,-,,1,0,0,0,0,0,1,0,0,"- ","- ",39.443199157714844,-121.50319671630859,BUTTE,CHICO,-121.84268951416016,39.741832733154297
8837828,2019,2019-04-23,0404,2019-02-26,1804,686,TH,2,5,3,0404,0,0,0,,0,0TH,"TABLE MOUNTAIN BL","TABLE MOUNTAIN BL 82",0.00,,N,C,-,N,,,,,,,,,,N,2,0,1,2,A,-,11,21950,B,N,G,B,D,B,H,-,C,A,0,Y,,,,Y,,-,,1,0,0,0,1,0,0,0,0,"- ","- ",39.521011352539062,-121.554443359375,BUTTE,OROVILLE,,
8854496,2019,2019-10-29,0404,2019-04-09,1246,557,E,2,5,3,0404,0,0,0,,0,00E,"OLIVE HWY","OROVILLE MEDICAL CENTER DR",438.00,N,N,A,-,Y,BUT,3,162,-,-,17.746,H,-,W,Y,2,0,2,2,A,-,09,21804,,N,H,E,A,A,H,-,A,A,0,,,,,Y,,A,07,1,0,1,0,0,0,0,0,0,"- ","- ",38.508491516113281,-121.54232788085938,BUTTE,OROVILLE,-121.54281616210938,39.504970550537109
8862804,2019,2019-05-29,0405,2019-04-18,1552,NIC02,4N,4,5,4,0405,0,0,0,,0,00N,"PENTZ RD","MEADOWBROOK WY",0.00,,Y,A,-,N,,,,,,,,,,Y,2,0,1,1,A,-,05,21650,,N,E,J,A,A,H,-,A,D,0,,,,,Y,,A,07,1,0,0,0,0,0,0,0,0,"- ","- ",,,BUTTE,PARADISE,-121.57959747314453,39.773368835449219
8872307,2021,2021-10-18,0403,2021-08-20,1722,P211,G,5,5,2,0403,0,0,0,,0,,"RT 99","EAST GRIDLEY RD",0.00,,Y,A,-,Y,BUT,3,99,-,-,4.110,H,-,N,N,2,0,2,3,A,-,00,23103,A,F,B,C,A,A,H,-,A,A,0,,,Y,,Y,,C,02,1,1,0,0,0,0,0,0,2,"- ","- ",39.363208770751953,-121.68791198730469,BUTTE,GRIDLEY,-121.68791198730469,39.363048553466797
8874692,2019,2019-06-18,0402,2019-06-04,1518,101,CHICO,2,5,5,0402,0,0,0,,0,003,"5TH ST","FLUME ST",4.00,E,N,A,-,N,,,,,,,,,,N,2,0,1,2,A,-,10,21950,A,N,G,B,B,A,H,-,A,A,0,Y,,,,Y,,-,,1,0,0,0,1,0,0,0,0,"- ","- ",,,BUTTE,CHICO,-121.83610534667969,39.729568481445312
8911145,2020,2021-11-24,0402,2020-04-09,0459,1767,,4,5,5,0402,0,0,0,,0,002,BROADWAY,"RT 32",0.00,,Y,A,-,Y,BUT,3,32,-,R,9.503,I,5,W,Y,1,1,2,2,A,-,12,21453,A,N,D,C,A,A,H,-,C,A,0,,,,,Y,,A,01,2,0,0,0,0,0,0,0,0,"- ","- ",,,BUTTE,CHICO,-121.83663940429688,39.725612640380859
8911310,2020,2022-06-18,0405,2020-03-12,1250,TAT01,1IS,4,5,4,0405,0,0,0,,0,00S,"CLARK RD","EWALD CT",830.00,S,-,A,-,Y,BUT,3,191,-,-,10.690,H,-,S,Y,1,1,2,2,A,-,05,21650,,N,A,C,A,A,H,-,A,D,0,,,,,Y,,-,,0,0,2,0,0,0,0,0,0,"- ","- ",,,BUTTE,PARADISE,-121.60765075683594,39.741939544677734
8911335,2020,2022-06-18,0404,2020-01-15,2144,01,E,3,5,3,0404,0,0,0,,0,00B,"OLIVE HWY/ RT 162","FOOTHILL BL",63.00,E,N,A,-,Y,BUT,3,162,-,-,18.470,H,-,E,Y,1,1,0,2,A,-,05,21650,,N,G,B,F,A,H,-,D,D,0,Y,,,,Y,,A,01,0,0,0,1,0,0,0,0,0,"- ","- ",39.501438140869141,-121.53144836425781,BUTTE,OROVILLE,-121.53126525878906,39.501544952392578
8911752,2020,2020-10-29,0402,2020-08-14,2219,P03880,CHICO,5,5,5,0402,0,0,0,,0,004,SKYWAY,"POTTER RD",560.00,W,N,A,-,N,,,,,,,,,,Y,1,1,0,1,A,-,01,23152,A,N,F,A,A,A,H,-,D,D,0,,,Y,,Y,Y,C,02,0,0,0,0,0,0,0,1,0,"- ","- ",,,BUTTE,CHICO,-121.77980041503906,39.713451385498047
8911754,2020,2022-06-11,0402,2020-09-11,2114,P03283,,5,5,5,0402,0,0,0,,0,,"NORD AV","LA LINDA LN",221.00,N,N,A,-,Y,BUT,3,32,-,-,6.700,H,-,E,Y,1,1,0,3,A,-,11,21954,A,F,G,B,E,A,H,-,C,D,0,Y,,,,Y,,N,60,0,0,0,1,0,0,0,0,0,"- ","- ",,,BUTTE,CHICO,-121.87579345703125,39.738857269287109
8927437,2019,2019-09-20,0402,2019-08-02,2054,56/0883,,5,5,5,0402,0,0,0,,0,004,"FOREST AV","E 20TH ST",462.00,S,N,A,-,N,,,,,,,,,,Y,2,0,1,1,A,-,05,21650,,N,A,I,A,A,H,-,C,D,0,,,,,Y,,A,07,1,0,0,0,0,0,0,0,0,"- ","- ",,,BUTTE,CHICO,-121.80149841308594,39.72601318359375
8932859,2019,2019-09-17,0402,2019-08-05,1725,81/3893,BCCH,1,5,5,0402,0,0,0,,0,006,ESPLANADE,"EATON RD",0.00,,Y,A,-,N,,,,,,,,,,Y,2,0,1,3,A,-,01,23152,F,N,C,C,A,A,H,-,A,A,0,,,,,Y,Y,A,01,1,0,0,0,0,0,0,0,0,"- ","- ",,,BUTTE,CHICO,-121.87693023681641,39.772270202636719
8939356,2019,2021-03-19,0402,2019-09-27,0714,46,,5,5,5,0402,0,0,0,,0,005,"EAST LASSEN AV","RT 99",0.00,,Y,B,-,N,,,,,,,,,,N,1,1,0,2,A,-,10,21950,A,N,G,B,C,A,H,-,B,A,0,Y,,,,Y,,-,,0,0,0,1,0,0,0,0,0,"- ","- ",,,BUTTE,CHICO,-121.86058044433594,39.764030456542969
8941796,2019,2019-10-04,0402,2019-08-29,1045,68,,4,5,5,0402,0,0,0,,0,001,"IVY ST","W 1ST ST",250.00,N,N,A,-,N,,,,,,,,,,N,2,0,1,2,A,-,05,21650,1,F,A,-,A,A,D,-,A,D,0,,Y,,,Y,,L,04,1,0,0,0,0,0,1,0,0,"- ","- ",,,BUTTE,CHICO,-121.84725189208984,39.727832794189453
8974623,2019,2020-02-10,0404,2019-10-01,1743,686,W,2,5,3,0404,0,0,0,,0,00W,"OROVILLE DAM BL EAST","FEATHER RIVER BL",0.00,,Y,A,-,Y,BUT,3,162,-,-,16.140,H,-,W,N,2,0,1,2,A,-,09,21804,,N,C,C,A,A,H,-,A,A,0,,,Y,,Y,,A,01,1,0,0,0,0,0,0,0,1,"- ","- ",39.478260040283203,-121.54974365234375,BUTTE,OROVILLE,-121.56965637207031,39.498271942138672
8984406,2018,2020-05-27,0403,2018-03-24,0350,P74,4,6,5,2,0403,0,0,0,,0,004,"RT 99","CHERRY AV",0.00,,-,A,-,Y,BUT,3,99,-,R,3.890,H,-,S,Y,2,0,1,1,A,-,00,23103,A,N,A,I,A,A,H,-,C,D,0,,,,,Y,Y,A,01,1,0,0,0,0,0,0,0,0,"- ","- ",,,BUTTE,GRIDLEY,-121.68789672851562,39.359817504882812
90010580,2015,2015-10-19,9240,2015-08-15,0020,019784,,6,3,9,0400,0,3,5,,2,010,"OPHIR RD","UPPER PALERMO RD",2112.00,W,N,A,-,N,,,,,,,,,,Y,2,0,1,1,A,-,08,22107,,N,E,I,A,A,H,-,D,D,0,,,,,Y,,D,22,1,0,0,0,0,0,0,0,0,"- ","- ",39.266210000000001,-121.53134,BUTTE,UNINCORPORATED,-121.53348414,39.466057280000001
90013571,2015,2015-10-19,9240,2015-08-27,0430,018841,,4,3,9,0400,0,1,3,,2,031,"SR 70 E/B","GARDEN DR",2059.00,E,N,A,-,Y,,,70,,,,,,E,N,2,0,1,2,A,-,11,21956,A,N,G,B,E,A,H,-,D,D,0,Y,,,,Y,,N,60,1,0,0,0,1,0,0,0,0,"- ","- ",39.54083,-121.58774,BUTTE,UNINCORPORATED,-121.58780458,39.540772369999999
90014229,2015,2015-10-19,9241,2015-08-27,1320,018540,,4,1,9,0400,0,2,4,,2,090,"SKYWAY E/B","ROCKY BLUFF DR",1584.00,E,N,A,-,N,,,,,,,,,,Y,2,0,1,1,A,-,08,22107,,N,F,A,A,A,H,-,A,D,0,,,Y,,Y,,C,02,1,0,0,0,0,0,0,0,1,"- ","- ",39.707830000000001,-121.72756,BUTTE,UNINCORPORATED,-121.72796295000001,39.707828970000001
90053798,2015,2015-12-08,9241,2015-10-27,0222,012300,,2,3,9,0400,0,1,3,,2,093,"STATE ROUTE 191 (CLARK RD.)","AIRPORT RD.",7920.00,S,N,B,-,Y,,,191,,,,,,,Y,1,1,0,1,A,-,03,22350,,N,E,I,A,A,H,-,D,A,0,,,,,Y,,A,01,0,0,0,0,0,0,0,0,0,"- ","- ",39.711309999999997,-121.61235000000001,BUTTE,UNINCORPORATED,-121.61242089,39.711295110000002
90097964,2016,2016-01-19,9240,2016-01-02,1920,018980,,6,2,9,0400,0,3,5,,2,010,"LOST HORIZON DR","LOST LN",282.00,N,N,A,-,N,,,,,,,,,,Y,2,0,4,1,A,-,03,22350,,F,E,J,A,A,H,-,D,D,0,,,,,Y,Y,A,07,2,1,1,0,0,0,0,0,0,"- ","- ",39.504820000000002,-121.44825,BUTTE,UNINCORPORATED,-121.44800819,39.50411089
90101488,2015,2016-01-25,9240,2015-12-28,1647,018876,,1,2,9,0400,0,1,3,,1,011,SR-70,"STIMPSON RD",1069.00,N,N,A,-,Y,,,70,,,,,,,Y,2,0,5,4,A,-,01,23152,A,N,A,C,A,A,H,-,B,D,0,,,,Y,Y,Y,A,07,1,4,0,0,0,0,0,0,0,"- ","- ",39.365389999999998,-121.60814999999999,BUTTE,UNINCORPORATED,-121.60815779000001,39.365386960000002
90113883,2015,2016-02-11,9241,2015-12-04,1915,016630,9241,5,2,9,0400,0,1,3,,1,060,"STATE ROUTE 32","HUMBOLDT PARK DRIVE",693.00,E,N,A,-,Y,,,32,,,,,,,Y,1,1,0,1,A,-,01,23152,A,N,E,I,A,A,H,-,D,D,0,,,,,Y,Y,A,07,0,0,0,0,0,0,0,0,0,"- ","- ",39.857970000000002,-121.69386,BUTTE,UNINCORPORATED,-121.69388437000001,39.857968290000002
90117066,2016,2016-02-17,9240,2016-02-06,1824,018796,,6,2,9,0400,0,1,3,,1,021,SR-99,"RIVIERA RD",3095.00,N,N,A,-,Y,,,99,,,,,,,N,2,0,1,2,A,-,05,21650,,N,G,B,E,A,H,-,D,D,0,Y,,,,Y,,A,01,1,0,0,0,1,0,0,0,0,"- ","- ",39.309550000000002,-121.67417,BUTTE,UNINCORPORATED,-121.67425396,39.309520569999997
9014151,2019,2020-06-15,0404,2019-11-13,0951,651,TH,3,5,3,0404,0,0,0,,0,0TH,"3RD ST","RT 70",0.00,,Y,A,-,Y,BUT,3,70,-,-,15.299,R,4,E,Y,2,0,1,1,A,-,08,22107,,N,E,J,A,A,H,-,A,A,0,,,,,Y,,D,73,1,0,0,0,0,0,0,0,0,"- ","- ",39.519859313964844,-121.57190704345703,BUTTE,OROVILLE,-121.57234954833984,39.517856597900391
90157155,2016,2016-04-13,9241,2016-04-06,0325,016246,,3,3,9,0400,0,2,4,,2,090,"SKYWAY E/B","MEDIA WAY",625.00,W,N,A,-,N,,,,,,,,,,Y,2,0,1,1,A,-,01,23152,A,N,E,I,A,A,H,-,D,D,0,,,,,Y,Y,A,07,1,0,0,0,0,0,0,0,0,"- ","- ",39.731650000000002,-121.68188000000001,BUTTE,UNINCORPORATED,-121.68323534,39.731233860000003
90202131,2016,2016-06-15,9240,2016-05-29,1805,019055,,7,2,9,0400,0,3,5,,2,020,"LARKIN ROAD","ORD RANCH ROAD",241.00,S,N,A,-,N,,,,,,,,,,N,2,0,1,1,A,-,05,21650,,N,F,A,A,A,H,-,A,D,0,,,Y,,Y,,C,02,1,0,0,0,0,0,0,0,1,"- ","- ",39.379019999999997,-121.6601,BUTTE,UNINCORPORATED,-121.65954410000001,39.379832329999999
90211321,2016,2016-06-28,9241,2016-06-17,1750,018578,,5,2,9,0400,0,3,5,,2,007,"WYCLIFF WAY","VILLAGE LN",43.00,S,N,C,-,N,,,,,,,,,,Y,2,0,3,2,A,-,09,21801,A,N,A,C,A,B,H,-,A,D,0,,,,,Y,Y,D,22,1,0,2,0,0,0,0,0,0,"- ","- ",39.824779999999997,-121.60576,BUTTE,UNINCORPORATED,-121.60535932000001,39.824543810000002
90215853,2016,2016-08-01,9241,2016-06-19,1538,016609,,7,2,5,0402,0,1,3,,2,100,"SR-99 N/B","PALMETTO AVE",276.00,S,N,A,-,Y,,,99,,,,,,N,Y,1,1,0,1,A,-,03,22350,,N,F,I,A,A,H,-,A,D,0,,,Y,,Y,,C,02,0,0,0,0,0,0,0,1,0,"- ","- ",39.742710000000002,-121.82792999999999,BUTTE,CHICO,-121.82789885,39.742752549999999
90240235,2016,2016-08-08,9241,2016-08-04,1050,018181,,4,1,9,0400,0,1,3,,1,060,"STATE ROUTE 32","CROWN POINT RD",4224.00,E,N,A,-,Y,,,32,,,,,,,N,2,0,1,2,A,-,04,21703,,N,C,C,A,A,D,E,A,A,0,,,,,Y,,A,07,1,0,0,0,0,0,0,0,0,"- ","- ",39.842550000000003,-121.6974,BUTTE,UNINCORPORATED,-121.69725753,39.842435899999998
90257613,2016,2016-08-31,9241,2016-07-22,1425,018578,,5,2,9,0400,0,1,3,,2,080,SR-32,"MERIDIAN RD",2112.00,W,N,A,-,Y,,,32,,,,,,,Y,1,1,3,1,A,-,08,22107,,N,E,I,A,A,H,-,A,D,0,,,,,Y,,A,07,2,1,0,0,0,0,0,0,0,"- ","- ",39.75329,-121.92789999999999,BUTTE,UNINCORPORATED,-121.92790003,39.753343489999999
90274083,2016,2016-09-22,9241,2016-09-07,0300,013855,,3,3,9,0400,0,1,3,,2,100,"SR-99 S/B","GARNER LN",1056.00,S,N,A,-,Y,,,99,,,,,,S,Y,2,0,1,1,A,-,08,22107,,N,E,I,A,A,H,-,D,D,0,,,Y,,Y,,C,02,1,0,0,0,0,0,0,0,1,"- ","- ",39.785580000000003,-121.88706999999999,BUTTE,UNINCORPORATED,-121.88713353,39.785508950000001
90299261,2016,2016-10-24,9240,2016-10-07,1705,018833,,5,2,9,0400,0,3,5,,2,010,"FORBESTOWN RD","HURLETON RD",285.00,N,N,A,-,N,,,,,,,,,,Y,2,0,1,1,A,-,01,23152,E,N,E,I,A,A,H,-,A,D,0,,,,,Y,,A,01,1,0,0,0,0,0,0,0,0,"- ","- ",39.491770000000002,-121.37993,BUTTE,UNINCORPORATED,-121.43128313,39.503563079999999
90319176,2016,2016-11-14,9241,2016-11-03,1118,017114,,4,1,9,0400,0,1,3,,2,080,SR-32,"MERIDIAN RD.",4.00,E,N,A,-,Y,,,32,,,,,,,Y,1,1,1,2,A,-,09,21802,A,N,D,C,A,A,H,-,A,A,0,,,,Y,Y,,D,22,0,0,1,0,0,0,0,0,0,"- ","- ",39.753219999999999,-121.91904,BUTTE,UNINCORPORATED,-121.91903352999999,39.75333972
90377571,2016,2017-01-25,9240,2016-12-17,2040,018876,,6,2,9,0400,0,3,5,,2,010,"OPHIR RD","LINCOLN BLVD",0.00,,Y,A,-,N,,,,,,,,,,Y,2,0,2,2,D,-,00,,,N,A,C,A,A,H,-,C,A,0,,,,,Y,,-,"- ",1,0,1,0,0,0,0,0,0,"- ","- ",39.465800000000002,-121.54938,BUTTE,UNINCORPORATED,-121.54934987,39.46579998
90406367,2017,2017-03-06,9241,2017-01-30,1715,016246,,1,2,5,0402,0,1,3,,2,100,"SR-99 N/B","SKYWAY O/C",675.00,N,N,A,-,Y,,,,,,,,,,Y,2,0,1,2,A,-,07,21658,A,F,E,I,A,A,H,-,A,D,0,,,,,Y,,A,07,1,0,0,0,0,0,0,0,0,"- ","- ",39.433,-121.4812,BUTTE,CHICO,,
90421826,2017,2017-04-06,9241,2017-02-07,2500,016831,,2,4,9,0400,0,1,3,,1,060,SR-32,"WOODLAND PARK DR",656.00,E,N,C,E,Y,,,32,,,,,,,Y,1,1,0,1,A,-,03,22350,,N,E,I,A,B,H,-,D,D,0,,,,,Y,,A,01,0,0,0,0,0,0,0,0,0,"- ","- ",39.857300000000002,-121.6938,BUTTE,UNINCORPORATED,-121.69374741999999,39.857320119999997
90437627,2017,2017-04-19,9240,2017-03-19,0718,017532,,7,1,9,0400,0,1,3,,1,011,SR-70,"POWER HOUSE HILL RD",972.00,S,N,A,-,Y,,,70,,,,,,,Y,1,1,0,1,C,-,18,,,N,F,A,A,A,H,-,A,D,0,,,,Y,Y,,-,"- ",0,0,0,0,0,0,0,0,0,"- ","- ",39.412709999999997,-121.60487000000001,BUTTE,UNINCORPORATED,-121.60492048,39.412709190000001
90441921,2017,2017-10-24,9240,2017-04-13,1435,019653,,4,2,9,0400,0,1,3,,1,011,SR-70,"WALKER LN",800.00,S,N,B,-,Y,,,70,,,,,,,Y,1,1,1,2,A,-,03,22350,,N,C,C,A,A,H,-,A,D,0,,,,Y,Y,,D,22,0,0,1,0,0,0,0,0,0,"- ","- ",39.399459999999998,-121.60482,BUTTE,UNINCORPORATED,-121.60484809,39.39945986
90449928,2017,2017-05-05,9240,2017-04-10,0500,019710,,1,3,9,0400,0,1,3,,1,021,"STATE ROUTE 99","TURNER AVE",0.00,,Y,A,-,Y,,,99,,,,,,,Y,2,0,1,2,A,-,09,21801,A,N,A,C,A,A,H,-,D,A,0,,,,,Y,,A,07,1,0,0,0,0,0,0,0,0,"- ","- ",39.32329,-121.67928000000001,BUTTE,UNINCORPORATED,-121.67928834,39.323286809999999
90454233,2017,2017-05-11,9241,2017-05-10,0920,014929,,3,1,9,0400,0,3,5,,2,008,"7 MILE ROAD","GRAINLAND RD",1300.00,S,N,A,-,N,,,,,,,,,,Y,2,0,1,2,A,-,06,21750,A,N,B,C,A,A,H,-,A,D,0,,,,,Y,,D,22,1,0,0,0,0,0,0,0,0,"- ","- ",39.605780000000003,-121.90951,BUTTE,UNINCORPORATED,-121.909554,39.605754310000002
90503948,2017,2017-07-19,9240,2017-06-03,0046,019710,,6,3,9,0400,0,1,3,,2,031,"STATE ROUTE 70","STATE ROUTE 162",1357.00,N,N,A,-,Y,,,,,,,,,,Y,1,1,0,2,A,-,11,21954,A,N,G,B,E,A,H,-,C,D,0,Y,,,,Y,Y,N,60,0,0,0,1,0,0,0,0,0,"- ","- ",39.50188,-121.5745,BUTTE,UNINCORPORATED,-121.57470619999999,39.501674420000001
9051274,2020,2020-04-07,0402,2020-02-22,1725,86,,6,5,5,0402,0,0,0,,0,006,"RIO LINDO AV","PORTER WY",0.00,,Y,A,-,N,,,,,,,,,,Y,2,0,1,2,A,-,09,21801,A,N,D,C,A,A,H,-,A,A,0,,,Y,,Y,,A,01,1,0,0,0,0,0,0,0,1,"- ","- ",,,BUTTE,CHICO,-121.85517883300781,39.753841400146484
90523907,2017,2017-08-15,9241,2017-07-27,1203,017170,,4,1,9,0400,0,2,4,,2,090,SKYWAY,"HONEY RUN RD",3168.00,E,N,A,-,N,,,,,,,,,,Y,2,0,5,2,A,-,08,22107,,N,A,C,A,A,H,-,A,D,0,,,,,Y,,A,01,1,2,2,0,0,0,0,0,0,"- ","- ",39.701979999999999,-121.76899,BUTTE,UNINCORPORATED,-121.77062246,39.703336479999997
90561947,2017,2017-10-03,9241,2017-09-12,1404,013966,,2,2,9,0400,0,1,3,,2,100,"STATE ROUTE 99 N/B","EATON ROAD",0.00,,N,A,-,Y,,,99,,,,,,N,Y,2,0,1,3,A,-,03,22350,,N,C,C,A,A,H,-,A,D,0,,,,,Y,,D,22,1,0,0,0,0,0,0,0,0,"- ","- ",39.783700000000003,-121.8848,BUTTE,UNINCORPORATED,-121.88471603000001,39.783804259999997
90577443,2017,2017-10-24,9240,2017-04-25,0610,015532,,2,1,9,0400,0,1,3,,1,011,SR-70,"OPHIR RD",3374.00,S,N,B,-,Y,,,,,,,,,,Y,1,3,2,4,A,-,03,22350,,N,B,C,A,A,H,-,A,A,0,,,,,Y,,D,22,1,0,1,0,0,0,0,0,0,"- ","- ",39.272410000000001,-121.35872999999999,BUTTE,UNINCORPORATED,-121.58592496,39.456510199999997
90611147,2017,2017-12-06,9241,2017-11-26,0830,013966,,7,1,9,0400,0,1,3,,1,061,"STATE ROUTE 99","GARNER LANE",2640.00,S,N,B,C,Y,,,99,,,,,,,Y,2,0,1,1,A,-,03,22350,,N,E,I,A,B,H,-,A,D,0,,,,,Y,,A,01,1,0,0,0,0,0,0,0,0,"- ","- ",39.784700000000001,-121.88591,BUTTE,UNINCORPORATED,-121.88587355,39.784745280000003
90612273,2017,2018-02-14,9241,2017-11-30,1435,018879,,4,2,9,0400,0,2,4,,2,090,SKYWAY,"CLIFFHANGER RD",562.00,W,N,A,-,N,,,,,,,,,,Y,2,0,1,1,A,-,01,23152,F,N,E,I,A,A,H,-,A,D,0,,,,,Y,,D,22,1,0,0,0,0,0,0,0,0,"- ","- ",39.737070000000003,-121.67006000000001,BUTTE,UNINCORPORATED,-121.67005777999999,39.737144729999997