CASE_ID,ACCIDENT_YEAR,PROC_DATE,JURIS,COLLISION_DATE,COLLISION_TIME,OFFICER_ID,REPORTING_DISTRICT,DAY_OF_WEEK,CHP_SHIFT,POPULATION,CNTY_CITY_LOC,SPECIAL_COND,BEAT_TYPE,CHP_BEAT_TYPE,CITY_DIVISION_LAPD,CHP_BEAT_CLASS,BEAT_NUMBER,PRIMARY_RD,SECONDARY_RD,DISTANCE,DIRECTION,INTERSECTION,WEATHER_1,WEATHER_2,STATE_HWY_IND,CALTRANS_COUNTY,CALTRANS_DISTRICT,STATE_ROUTE,ROUTE_SUFFIX,POSTMILE_PREFIX,POSTMILE,LOCATION_TYPE,RAMP_INTERSECTION,SIDE_OF_HWY,TOW_AWAY,COLLISION_SEVERITY,NUMBER_KILLED,NUMBER_INJURED,PARTY_COUNT,PRIMARY_COLL_FACTOR,PCF_CODE_OF_VIOL,PCF_VIOL_CATEGORY,PCF_VIOLATION,PCF_VIOL_SUBSECTION,HIT_AND_RUN,TYPE_OF_COLLISION,MVIW,PED_ACTION,ROAD_SURFACE,ROAD_COND_1,ROAD_COND_2,LIGHTING,CONTROL_DEVICE,CHP_ROAD_TYPE,PEDESTRIAN_ACCIDENT,BICYCLE_ACCIDENT,MOTORCYCLE_ACCIDENT,TRUCK_ACCIDENT,NOT_PRIVATE_PROPERTY,ALCOHOL_INVOLVED,STWD_VEHTYPE_AT_FAULT,CHP_VEHTYPE_AT_FAULT,COUNT_SEVERE_INJ,COUNT_VISIBLE_INJ,COUNT_COMPLAINT_PAIN,COUNT_PED_KILLED,COUNT_PED_INJURED,COUNT_BICYCLIST_KILLED,COUNT_BICYCLIST_INJURED,COUNT_MC_KILLED,COUNT_MC_INJURED,PRIMARY_RAMP,SECONDARY_RAMP,LATITUDE,LONGITUDE,COUNTY,CITY,POINT_X,POINT_Y
90612321,2017,2017-12-07,9241,2017-12-04,2139,018454,,1,2,9,0400,0,2,4,,2,085,"DAYTON RD","DURHAM-DAYTON HWY",13.00,S,N,A,-,N,,,,,,,,,,Y,2,0,1,1,A,-,03,22350,,N,F,I,A,A,H,-,D,A,0,,,,,Y,,A,07,1,0,0,0,0,0,0,0,0,"- ","- ",39.65287,-121.86166,BUTTE,UNINCORPORATED,-121.86176,39.65296
90614260,2017,2017-12-11,9241,2017-12-07,1745,018578,,4,2,5,0402,0,1,3,,2,100,"SR-99 N/B",SR-32,1800.00,S,N,A,-,Y,,,99,,,,,,N,Y,2,0,2,3,A,-,03,22350,,N,C,C,A,A,H,-,D,D,0,,,,,Y,,A,01,1,0,1,0,0,0,0,0,0,"- ","- ",39.731200000000001,-121.81304,BUTTE,CHICO,-121.81302272000001,39.731214319999999
90633137,2018,2018-01-04,9241,2018-01-01,0045,019043,,1,3,9,0400,0,1,3,,1,060,SR-32,"SCHOTT RD",1025.00,E,N,B,-,Y,,,32,,,,,,,Y,2,0,1,2,A,-,08,22107,,N,B,C,A,B,H,-,D,D,0,,,,,Y,,D,22,1,0,0,0,0,0,0,0,0,"- ","- ",39.889560699462891,-121.66504669189453,BUTTE,UNINCORPORATED,-121.66513061523438,39.889556884765625
90641998,2018,2018-01-17,9241,2018-01-16,0010,019043,,2,3,9,0400,0,2,4,,2,097,"CENTERVILLE RD","CABLE BRIDGE DR",2640.00,E,N,C,-,N,,,,,,,,,,Y,2,0,1,1,A,-,01,23152,A,N,E,I,A,B,H,-,D,D,0,,,,,Y,Y,D,22,1,0,0,0,0,0,0,0,0,"- ","- ",39.751808166503906,-121.68186950683594,BUTTE,UNINCORPORATED,-121.68860626220703,39.745849609375
90644590,2018,2018-01-22,9240,2018-01-09,0940,017532,,2,1,9,0400,0,3,5,,2,010,"LINCOLN BLVD","ARNOLD AVE",200.00,S,N,B,C,N,,,,,,,,,,Y,2,0,3,2,A,-,03,22350,,N,A,C,A,B,H,-,A,D,0,,,,,Y,,D,22,1,2,0,0,0,0,0,0,0,"- ","- ",39.480751037597656,-121.549560546875,BUTTE,UNINCORPORATED,-121.54967498779297,39.480838775634766
90659875,2018,2018-10-17,9240,2018-01-31,1555,018967,,3,2,9,0400,0,3,5,,2,010,"ORO BANGOR HWY","COLE LANE",2640.00,S,N,A,-,N,,,,,,,,,,Y,1,1,0,2,A,-,01,23152,A,N,B,C,A,A,H,-,A,D,0,,,Y,,Y,Y,C,02,0,0,0,0,0,0,0,1,0,"- ","- ",39.455158233642578,-121.43984985351562,BUTTE,UNINCORPORATED,-121.44001007080078,39.455619812011719
90669474,2018,2018-02-26,9241,2018-02-22,0800,016414,,4,1,9,0400,0,2,4,,2,070,SKYWAY,"DOGTOWN RD",1056.00,S,N,B,F,N,,,,,,,,,,Y,2,0,2,1,A,-,01,23153,A,N,F,I,A,C,H,-,A,D,0,,,,,Y,Y,A,07,1,1,0,0,0,0,0,0,0,"- ","- ",39.815261840820312,-121.58004760742188,BUTTE,UNINCORPORATED,-121.59658050537109,39.827938079833984
90686043,2018,2018-03-20,9241,2018-03-12,2243,017760,,1,3,5,0402,0,1,3,,2,100,"SR-99 S/B","EAST AVE",0.00,,N,C,-,Y,,,99,,,,,,S,Y,2,0,4,3,A,-,01,23152,A,N,C,C,A,B,H,-,D,D,0,,,,,Y,Y,D,22,1,0,3,0,0,0,0,0,0,"- ","- ",39.758968353271484,-121.85414886474609,BUTTE,CHICO,-121.85410308837891,39.759052276611328
90686095,2018,2018-03-20,9240,2018-03-13,0610,015532,,2,1,9,0400,0,1,3,,1,021,SR-99,"RIO BONITO RD",0.00,,Y,C,-,Y,,,99,,,,,,,Y,2,0,2,2,A,-,09,21802,A,N,D,C,A,B,H,-,D,A,0,,,,,Y,,A,01,1,0,1,0,0,0,0,0,0,"- ","- ",39.425159454345703,-121.68807983398438,BUTTE,UNINCORPORATED,-121.68813323974609,39.425159454345703
90687119,2018,2018-07-05,9240,2018-01-03,0700,018396,,3,1,9,0400,0,1,3,,1,021,SR-99,"BADGER CREEK ROAD",1512.00,S,N,A,-,Y,,,99,,,,,,,Y,1,1,2,2,A,-,06,21751,,N,A,C,A,A,H,-,B,A,0,,,,,Y,,A,01,1,1,0,0,0,0,0,0,0,"- ","- ",39.482719421386719,-121.68863677978516,BUTTE,UNINCORPORATED,-121.6885986328125,39.482719421386719
90691673,2018,2018-03-28,9241,2018-03-26,0030,018796,,1,3,9,0400,0,2,4,,2,094,"PENTZ RD","LAGO VISTA WAY",400.00,S,N,A,-,N,,,,,,,,,,Y,2,0,3,1,A,-,01,23153,A,N,F,A,A,A,H,-,D,D,0,,,,,Y,Y,A,01,2,0,1,0,0,0,0,0,0,"- ","- ",39.716461181640625,-121.57766723632812,BUTTE,UNINCORPORATED,-121.57848358154297,39.719257354736328
90693198,2017,2018-03-29,9240,2017-12-19,2000,018876,,2,2,9,0400,0,3,5,,2,020,"B ST",SR-99,1735.00,W,N,A,-,N,,,,,,,,,,N,1,1,0,2,A,-,03,22350,,F,G,B,E,A,H,-,D,D,0,Y,,,,Y,,D,22,0,0,0,1,0,0,0,0,0,"- ","- ",39.415019999999998,-121.6939,BUTTE,UNINCORPORATED,-121.69429214,39.414985659999999
90695999,2018,2018-04-02,9240,2018-03-22,0940,018396,,4,1,9,0400,0,3,5,,2,010,"ORO BANGOR HWY","JANDAR RD",2112.00,S,N,C,-,N,,,,,,,,,,Y,2,0,1,1,A,-,03,22350,,N,E,I,A,B,H,-,A,D,0,,,,,Y,,A,01,1,0,0,0,0,0,0,0,0,"- ","- ",39.419418334960938,-121.42713928222656,BUTTE,UNINCORPORATED,-121.42891693115234,39.423908233642578
90707264,2018,2018-04-17,9241,2018-04-13,1605,016360,,5,2,9,0400,0,2,4,,2,090,SKYWAY,"BUTTE CREEK",475.00,E,N,A,-,N,,,,,,,,,,Y,2,0,1,1,A,-,08,22107,,N,E,I,A,A,H,-,A,D,0,,,,,Y,,A,01,1,0,0,0,0,0,0,0,0,"- ","- ",39.703571319580078,-121.77111053466797,BUTTE,UNINCORPORATED,-121.54807281494141,40.058742523193359
90708240,2018,2018-04-18,9241,2018-04-15,1705,018454,,7,2,9,0400,0,3,5,,2,006,"EAST AVE","NORD AVE",120.00,W,N,B,C,N,,,,,,,,,,Y,2,0,1,1,A,-,08,22107,,N,E,I,A,B,H,-,A,A,0,,,,,Y,,A,01,1,0,0,0,0,0,0,0,0,"- ","- ",39.743789672851562,-121.88204193115234,BUTTE,UNINCORPORATED,-121.88196563720703,39.743881225585938
90710430,2018,2018-04-23,9240,2018-04-13,1720,020587,,5,2,9,0400,0,3,5,,2,030,"TABLE MTN BLVD","COTTONWOOD RD",863.00,S,N,A,-,N,,,,,,,,,,Y,2,0,1,1,A,-,01,23152,A,N,E,I,A,A,H,-,A,D,0,,,Y,,Y,Y,C,02,1,0,0,0,0,0,0,0,1,"- ","- ",39.556301116943359,-121.59657287597656,BUTTE,UNINCORPORATED,-121.59652709960938,39.556026458740234
90747118,2018,2018-06-13,9241,2018-06-02,1028,016148,,6,1,9,0400,0,1,3,,1,060,"BENNETT RD","RAILROAD TRACKS",6758.00,W,N,A,-,N,,,,,,,,,,Y,2,0,2,2,A,-,09,21804,A,N,D,C,A,A,H,-,A,D,0,,,,,Y,,-,99,1,1,0,0,0,0,0,0,0,"- ","- ",39.8184814453125,-122.00762939453125,BUTTE,UNINCORPORATED,-122.00762939453125,39.818500518798828
90778942,2018,2018-07-27,9240,2018-06-01,1927,020376,,5,2,9,0400,0,3,5,,2,020,"FRENCH AVENUE","LITTLE AVENUE",659.00,S,N,A,-,N,,,,,,,,,,Y,1,1,0,1,A,-,08,22107,,N,E,I,A,A,H,-,A,D,0,,,,,Y,,A,07,0,0,0,0,0,0,0,0,0,"- ","- ",39.353740692138672,-121.71356964111328,BUTTE,UNINCORPORATED,-121.71360778808594,39.35382080078125
9079445,2020,2021-01-12,0404,2020-02-13,0001,622,W,4,5,3,0404,0,0,0,,0,00W,"MONTGOMERY ST","2ND AV",52.00,W,N,A,-,N,,,,,,,,,,Y,2,0,1,5,A,-,08,22107,,N,D,E,F,A,H,-,A,D,0,Y,,,,Y,,-,,1,0,0,0,1,0,0,0,0,"- ","- ",39.511470794677734,-121.56401062011719,BUTTE,OROVILLE,-121.56378936767578,39.511295318603516
90809048,2018,2018-09-10,9241,2018-09-08,1600,019006,,6,2,9,0400,0,3,5,,2,009,SR-191,"O'NEAL RD",528.00,S,N,A,-,Y,,,191,,,,,,,Y,2,0,1,1,A,-,08,22107,,N,F,I,A,A,H,-,A,D,0,,,,,Y,,D,22,1,0,0,0,0,0,0,0,0,"- ","- ",39.605670928955078,-121.62203979492188,BUTTE,UNINCORPORATED,-121.62208557128906,39.605648040771484
90815437,2017,2018-09-18,9240,2017-08-14,2500,018396,,1,4,9,0400,0,3,5,,2,010,"LOWER WYANDOTTE RD","GOLDEN HILLS DRIVE",276.00,S,N,A,-,N,,,,,,,,,,N,1,1,0,2,A,-,08,22107,,F,G,B,E,A,H,-,A,A,0,Y,,,,Y,,-,99,0,0,0,1,0,0,0,0,0,"- ","- ",39.47316,-121.53058,BUTTE,UNINCORPORATED,-121.53062224,39.473172900000002
90847377,2018,2018-10-29,9241,2018-10-17,0650,016246,,3,1,9,0400,0,3,5,,2,007,"COUTOLENC RD",SKYWAY,1500.00,E,N,A,-,N,,,,,,,,,,Y,2,0,1,1,A,-,08,22107,,N,E,I,A,A,H,-,D,D,0,,,,,Y,,A,07,1,0,0,0,0,0,0,0,0,"- ","- ",39.523399353027344,-121.36430358886719,BUTTE,UNINCORPORATED,-121.57772064208984,39.891281127929688
90875074,2018,2018-12-04,9240,2018-11-22,1707,019060,,4,2,9,0400,0,3,5,,2,010,"LINCOLN BLVD","MILL ST",635.00,S,N,B,C,N,,,,,,,,,,Y,2,0,1,1,A,-,05,21650,,N,E,I,A,B,H,-,C,D,0,,,,,Y,,A,07,1,0,0,0,0,0,0,0,0,"- ","- ",39.483608245849609,-121.55124664306641,BUTTE,UNINCORPORATED,-121.55130004882812,39.484146118164062
90875997,2018,2018-12-05,9241,2018-12-03,0500,016831,,1,3,9,0400,0,2,4,,2,086,"DURHAM-DAYTON HWY","CUMMINGS RD",14.00,E,N,A,-,N,,,,,,,,,,Y,2,0,1,1,A,-,08,22107,,N,E,I,A,A,H,-,D,D,0,,,,,Y,,A,07,1,0,0,0,0,0,0,0,0,"- ","- ",39.645980834960938,-121.78189086914062,BUTTE,UNINCORPORATED,-121.78191375732422,39.645919799804688
9087671,2020,2020-11-12,0402,2020-03-16,1305,P02539,,1,5,5,0402,0,0,0,,0,,"RT 32","FOREST AV",0.00,,Y,B,-,Y,BUT,3,32,-,-,11.010,I,5,E,N,2,0,1,2,A,-,10,21950,,N,G,B,B,A,H,-,A,A,0,Y,,,,Y,,A,01,1,0,0,0,1,0,0,0,0,"- ","- ",,,BUTTE,CHICO,-121.80447387695312,39.739501953125
90878871,2018,2018-12-10,9241,2018-11-27,1139,013966,,2,1,9,0400,0,1,3,,1,061,"STATE ROUTE 99",ESPLANADE,0.00,,Y,B,C,Y,,,99,,,,,,,Y,2,0,1,2,A,-,12,22450,A,N,D,C,A,B,H,-,A,A,0,,,,Y,Y,,E,22,1,0,0,0,0,0,0,0,0,"- ","- ",39.793251037597656,-121.89862823486328,BUTTE,UNINCORPORATED,-121.89861297607422,39.79327392578125
90882929,2018,2019-05-07,9241,2018-10-23,0635,013966,,2,1,5,0402,0,1,3,,2,100,"STATE ROUTE 99 S/B","EAST AVE.",1056.00,S,N,A,-,Y,,,99,,,,,,S,Y,1,1,0,2,A,-,07,21658,A,N,B,C,A,A,H,-,D,D,0,,,,,Y,,A,01,0,0,0,0,0,0,0,0,0,"- ","- ",39.756980895996094,-121.85028076171875,BUTTE,CHICO,-121.85030364990234,39.756935119628906
90882949,2018,2018-12-14,9240,2018-12-04,1752,020376,,2,2,9,0400,0,1,3,,2,034,"SR-149 N/B","SHIPPEE ROAD",6706.00,N,N,A,-,Y,,,149,,,,,,N,Y,2,0,1,2,A,-,03,22350,,N,F,A,A,A,C,-,C,D,0,,,Y,,Y,,C,02,1,0,0,0,0,0,0,0,1,"- ","- ",39.613990783691406,-121.67936706542969,BUTTE,UNINCORPORATED,-121.67933654785156,39.614028930664062
90884722,2018,2018-12-17,9240,2018-12-08,1326,018396,,6,1,9,0400,0,3,5,,2,020,"LARKIN ROAD","RABE RD",981.00,S,N,A,-,N,,,,,,,,,,Y,2,0,2,1,A,-,08,22107,,N,E,I,A,A,H,-,A,D,0,,,,,Y,,A,07,2,0,0,0,0,0,0,0,0,"- ","- ",39.469139099121094,-121.62673187255859,BUTTE,UNINCORPORATED,-121.62673950195312,39.470298767089844
90887412,2018,2018-12-20,9241,2018-12-08,1350,016414,,6,1,9,0400,0,1,3,,2,080,"RT 32","PINE CREEK ENTRANCE",170.00,E,N,A,-,Y,,,32,,,,,,,Y,2,0,1,2,A,-,03,22350,,N,C,C,A,A,H,-,A,D,0,,,,,Y,,A,01,1,0,0,0,0,0,0,0,0,"- ","- ",39.752399444580078,-121.98384094238281,BUTTE,UNINCORPORATED,-121.98384094238281,39.75238037109375
90916285,2019,2019-01-31,9240,2019-01-23,1935,020587,,3,2,9,0400,0,3,5,,2,020,"EVANS REIMER RD","LUNDBERG LANE",248.00,W,N,A,-,N,,,,,,,,,,Y,2,0,1,2,A,-,01,23152,F,N,A,C,A,A,H,-,D,D,0,,,Y,,Y,,D,22,1,0,0,0,0,0,0,0,1,"- ","- ",39.333721160888672,-121.72042846679688,BUTTE,UNINCORPORATED,,
90938625,2019,2019-03-04,9241,2019-02-19,0750,013855,,2,1,9,0400,0,3,5,,2,006,"MERIDIAN ROAD","WELDING WY",175.00,E,N,A,-,N,,,,,,,,,,Y,2,0,2,2,A,-,05,21650,,N,A,C,A,A,H,-,A,D,0,,,,,Y,,A,01,2,0,0,0,0,0,0,0,0,"- ","- ",39.764518737792969,-121.91929626464844,BUTTE,UNINCORPORATED,-121.91916656494141,39.764259338378906
90948697,2019,2019-03-19,9240,2019-03-16,1913,019055,,6,2,9,0400,0,1,3,,2,031,"SR-70 W/B","GEORGIA PACIFIC WAY",105.00,N,N,A,-,Y,,,70,,,,,,W,Y,2,0,2,2,A,-,03,22350,,N,C,C,A,A,H,-,A,D,0,,,,,Y,,A,01,1,0,1,0,0,0,0,0,0,"- ","- ",39.477699279785156,-121.57579803466797,BUTTE,UNINCORPORATED,-121.57583618164062,39.477699279785156
90954517,2019,2019-03-27,9240,2019-03-17,1315,015532,,7,1,9,0400,0,3,5,,2,020,"AFTON RD","8TH ST",65.00,W,N,A,-,N,,,,,,,,,,Y,2,0,1,1,A,-,03,22350,,N,E,J,A,A,H,-,A,A,0,,,,,Y,,A,01,1,0,0,0,0,0,0,0,0,"- ","- ",39.251659393310547,-121.42588806152344,BUTTE,UNINCORPORATED,-121.71649169921875,39.421356201171875
90966807,2018,2019-04-12,9240,2018-11-06,0147,015532,,2,3,9,0400,0,3,5,,2,010,"LOWER HONCUT RD","PHEASANT LN",120.00,W,N,A,-,N,,,,,,,,,,Y,1,1,0,1,A,-,01,23152,A,N,E,I,A,A,H,-,D,D,0,,,,,Y,Y,D,22,0,0,0,0,0,0,0,0,0,"- ","- ",39.3260498046875,-121.54019927978516,BUTTE,UNINCORPORATED,-121.54030609130859,39.326053619384766
9099409,2020,2020-08-06,0402,2020-04-29,2248,P00837,82,3,5,5,0402,0,0,0,,0,006,"MANGROVE AV","E 5TH AV",0.00,,Y,A,-,N,,,,,,,,,,Y,2,0,1,2,A,-,09,21801,A,N,A,C,A,A,H,-,C,A,0,,,,,Y,,A,01,1,0,0,0,0,0,0,0,0,"- ","- ",,,BUTTE,CHICO,-121.84081268310547,39.745418548583984
90998499,2019,2019-05-29,9240,2019-05-27,1455,019653,,1,2,9,0400,0,3,5,,2,010,"PALERMO RD","LONE TREE RD",0.00,,Y,A,-,N,,,,,,,,,,Y,2,0,3,2,A,-,01,23152,F,N,D,C,A,A,H,-,A,A,0,,,,,Y,,A,01,1,2,0,0,0,0,0,0,0,"- ","- ",39.434188842773438,-121.57675933837891,BUTTE,UNINCORPORATED,-121.57678985595703,39.434200286865234
91021654,2019,2019-07-01,9241,2019-06-12,1315,013966,,3,1,9,0400,0,3,5,,2,006,"BELL ROAD","GUYNN AVE.",0.00,,Y,A,-,N,,,,,,,,,,Y,2,0,1,2,A,-,05,21460,A,N,D,C,A,A,H,-,A,A,0,,,Y,,Y,,C,02,1,0,0,0,0,0,0,0,1,"- ","- ",39.757190704345703,-121.88942718505859,BUTTE,UNINCORPORATED,-121.88944244384766,39.757240295410156
91024102,2019,2019-07-03,9241,2019-06-23,0719,013966,,7,1,9,0400,0,3,5,,2,006,"WEST SACRAMANTO AVE.","BIDWELL AVE.",156.00,E,N,A,-,N,,,,,,,,,,N,2,0,1,2,A,-,11,21956,A,N,G,B,E,A,H,-,A,D,0,Y,,,,Y,,N,60,1,0,0,0,1,0,0,0,0,"- ","- ",39.730960845947266,-121.88150024414062,BUTTE,UNINCORPORATED,-121.88124847412109,39.730998992919922
91028487,2019,2019-07-10,9241,2019-06-17,1804,017114,,1,2,9,0400,0,2,4,,2,070,SKYWAY,"WOODWARD DR",95.00,S,N,A,-,N,,,,,,,,,,Y,2,0,1,2,A,-,09,21801,A,N,D,C,A,A,H,-,A,D,0,,,Y,,Y,,D,22,1,0,0,0,0,0,0,0,1,"- ","- ",39.839141845703125,-121.59748077392578,BUTTE,UNINCORPORATED,-121.59755706787109,39.839218139648438
91046146,2019,2019-08-06,9240,2019-07-29,1756,018841,,1,2,9,0400,0,3,5,,2,010,"LA PORTE RD.","EARL PARKER QUARRY RD",196.00,E,N,A,-,N,,,,,,,,,,Y,2,0,1,1,A,-,01,23152,A,N,F,A,A,A,H,-,A,D,0,,,,,Y,Y,D,22,1,0,0,0,0,0,0,0,0,"- ","- ",39.380321502685547,-121.41181945800781,BUTTE,UNINCORPORATED,-121.4114990234375,39.380775451660156
91052283,2019,2019-08-14,9240,2019-08-05,0143,021137,,1,3,9,0400,0,3,5,,2,030,"NELSON AVE","20TH ST",5280.00,W,N,A,-,N,,,,,,,,,,Y,2,0,3,1,A,-,08,22107,,N,E,I,A,A,H,-,D,D,0,,,,,Y,Y,A,01,2,1,0,0,0,0,0,0,0,"- ","- ",39.524379730224609,-121.62799072265625,BUTTE,UNINCORPORATED,-121.626220703125,39.524581909179688
9105295,2020,2020-08-03,0404,2020-04-18,2027,699,,6,5,3,0404,0,0,0,,0,0CP,"OROVILLE DAM BL W","10TH ST",0.00,,-,A,-,N,,,,,,,,,,N,2,0,1,2,A,-,11,21954,A,N,G,B,E,A,H,-,C,D,0,Y,,,,Y,,N,60,1,0,0,0,1,0,0,0,0,"- ","- ",39.497951507568359,-121.58463287353516,BUTTE,OROVILLE,-121.58688354492188,39.498050689697266
91062186,2019,2019-08-29,9240,2019-07-18,2322,020170,,4,3,9,0400,0,1,3,,1,021,SR-99,"HASTINGS AVE",81.00,S,N,A,-,Y,,,99,,,,,,,N,1,1,0,2,A,-,11,21956,A,N,G,B,D,A,H,-,D,D,0,Y,,,,Y,,N,60,0,0,0,1,0,0,0,0,0,"- ","- ",39.397598266601562,-121.68801879882812,BUTTE,UNINCORPORATED,-121.68803405761719,39.397598266601562
91071611,2019,2019-09-10,9241,2019-09-06,1730,018578,,5,2,9,0400,0,2,4,,2,094,"PENTZ RD","BLUE BALATON LN",261.00,S,N,A,-,N,,,,,,,,,,Y,2,0,2,1,A,-,08,22107,,N,E,I,A,A,H,-,A,D,0,,,,,Y,,D,22,1,1,0,0,0,0,0,0,0,"- ","- ",39.726799011230469,-121.57579803466797,BUTTE,UNINCORPORATED,-121.57596588134766,39.72650146484375
91123587,2019,2019-11-19,9240,2019-11-09,1600,018841,,6,2,9,0400,0,3,5,,2,010,"LONE TREE RD","SERENE LN",465.00,S,N,A,-,N,,,,,,,,,,Y,2,0,1,1,A,-,01,23152,A,N,E,I,A,A,H,-,A,D,0,,,,,Y,Y,A,07,1,0,0,0,0,0,0,0,0,"- ","- ",39.458740234375,-121.57695770263672,BUTTE,UNINCORPORATED,-121.57695770263672,39.458843231201172
91156479,2019,2019-12-31,9241,2019-12-30,1830,019006,,1,2,9,0400,0,3,5,,2,007,"KILGORD CT","COLTER WAY",528.00,W,N,B,-,N,,,,,,,,,,N,2,0,1,1,A,-,03,22350,,N,F,I,A,B,H,-,D,D,0,,,Y,,Y,,C,02,1,0,0,0,0,0,0,0,1,"- ","- ",39.841648101806641,-121.60688781738281,BUTTE,UNINCORPORATED,-121.60678863525391,39.841636657714844
91157730,2019,2020-01-21,9240,2019-08-30,2357,020376,,5,3,9,0400,0,1,3,,2,034,"SR-149 S/B","SHIPPEE ROAD",4752.00,S,N,A,-,Y,,,149,,,,,,S,Y,1,1,0,1,A,-,01,23152,A,N,E,I,A,A,H,-,D,D,0,,,,,Y,Y,A,07,0,0,0,0,0,0,0,0,0,"- ","- ",39.594150543212891,-121.64707183837891,BUTTE,UNINCORPORATED,-121.64702606201172,39.594245910644531
91159814,2019,2020-01-06,9241,2019-12-30,0030,019093,,1,3,9,0400,0,2,4,,2,070,SKYWAY,"CUMBERLAND RD",50.00,S,N,B,-,N,,,,,,,,,,Y,2,0,1,1,A,-,08,22107,,M,E,I,A,B,H,-,D,D,0,,,,,Y,,D,22,1,0,0,0,0,0,0,0,0,"- ","- ",39.826198577880859,-121.59709167480469,BUTTE,UNINCORPORATED,-121.59709167480469,39.826183319091797
91210989,2020,2020-03-18,9240,2020-03-07,0115,019842,,6,3,9,0400,0,1,3,,2,041,SR-162,"ORO QUINCY HWY",160.00,W,N,B,-,Y,,,162,,,,,,,N,2,0,1,1,A,-,01,23152,A,N,F,A,A,A,H,-,D,D,0,,,Y,,Y,Y,C,02,1,0,0,0,0,0,0,0,1,"- ","- ",39.504581451416016,-121.49883270263672,BUTTE,UNINCORPORATED,-121.49880981445312,39.504547119140625
91211238,2020,2020-03-18,9240,2020-03-08,0210,021137,,7,3,9,0400,0,3,5,,2,040,"ROCKY BAR DR","MONTROSE DR",690.00,N,N,B,-,N,,,,,,,,,,N,2,0,1,2,A,-,03,22350,,F,G,B,E,A,H,-,D,D,0,Y,,,,Y,Y,-,99,1,0,0,0,1,0,0,0,0,"- ","- ",39.529281616210938,-121.46575927734375,BUTTE,UNINCORPORATED,-121.46643829345703,39.530788421630859
91212399,2020,2020-03-19,9240,2020-03-09,1212,017760,,1,1,9,0400,0,1,3,,1,011,SR-70,"OPHIR RD",950.00,S,N,A,-,Y,,,70,,,,,,,Y,2,0,2,3,A,-,01,23152,F,N,C,C,A,A,H,-,A,A,0,,,,Y,Y,,A,01,2,0,0,0,0,0,0,0,0,"- ","- ",39.461750030517578,-121.58106231689453,BUTTE,UNINCORPORATED,-121.5810546875,39.461742401123047
91216348,2020,2020-03-26,9240,2020-01-05,0700,015532,,7,1,9,0400,0,1,3,,1,021,SR-99,"EVANS REIMER RD",0.00,,Y,E,-,Y,,,99,,,,,,,Y,1,1,0,2,A,-,12,22450,A,N,D,C,A,B,H,-,B,A,0,,,,Y,Y,,A,01,0,0,0,0,0,0,0,0,0,"- ","- ",39.334918975830078,-121.68328094482422,BUTTE,UNINCORPORATED,-121.68320465087891,39.334934234619141
91228285,2020,2020-04-21,9241,2020-03-14,1200,016831,,6,1,9,0400,0,1,3,,1,061,SR-99,"HAMILTON NORD CANA HWY",786.00,S,N,B,-,Y,,,99,,,,,,,Y,1,1,2,2,A,-,08,22107,,N,A,C,A,A,H,-,A,D,0,,,,,Y,,A,07,2,0,0,0,0,0,0,0,0,"- ","- ",39.857669830322266,-121.95465087890625,BUTTE,UNINCORPORATED,-121.95457458496094,39.857723236083984
91242653,2020,2020-05-26,9241,2020-05-23,2205,021256,,6,3,9,0400,0,1,3,,2,091,"SR-99 S/B",SR-149,247.00,N,N,A,-,Y,,,,,,,,,,Y,2,0,4,1,A,-,08,22107,,N,E,I,A,A,H,-,D,D,0,,,,,Y,,A,01,1,1,2,0,0,0,0,0,0,"- ","- ",39.3714599609375,-121.41352081298828,BUTTE,UNINCORPORATED,-121.69769287109375,39.625900268554688
91263991,2020,2020-07-06,9241,2020-06-20,0942,017114,,6,1,9,0400,0,1,3,,2,080,SR-32,"MERIDIAN RD.",0.00,,Y,A,-,Y,,,32,,,,,,,Y,1,1,0,2,A,-,12,22450,A,N,D,G,A,A,H,-,A,A,0,,Y,,,Y,,L,04,0,0,0,0,0,1,0,0,0,"- ","- ",39.753341674804688,-121.91905212402344,BUTTE,UNINCORPORATED,-121.91905212402344,39.753341674804688