CASE_ID,ACCIDENT_YEAR,PROC_DATE,JURIS,COLLISION_DATE,COLLISION_TIME,OFFICER_ID,REPORTING_DISTRICT,DAY_OF_WEEK,CHP_SHIFT,POPULATION,CNTY_CITY_LOC,SPECIAL_COND,BEAT_TYPE,CHP_BEAT_TYPE,CITY_DIVISION_LAPD,CHP_BEAT_CLASS,BEAT_NUMBER,PRIMARY_RD,SECONDARY_RD,DISTANCE,DIRECTION,INTERSECTION,WEATHER_1,WEATHER_2,STATE_HWY_IND,CALTRANS_COUNTY,CALTRANS_DISTRICT,STATE_ROUTE,ROUTE_SUFFIX,POSTMILE_PREFIX,POSTMILE,LOCATION_TYPE,RAMP_INTERSECTION,SIDE_OF_HWY,TOW_AWAY,COLLISION_SEVERITY,NUMBER_KILLED,NUMBER_INJURED,PARTY_COUNT,PRIMARY_COLL_FACTOR,PCF_CODE_OF_VIOL,PCF_VIOL_CATEGORY,PCF_VIOLATION,PCF_VIOL_SUBSECTION,HIT_AND_RUN,TYPE_OF_COLLISION,MVIW,PED_ACTION,ROAD_SURFACE,ROAD_COND_1,ROAD_COND_2,LIGHTING,CONTROL_DEVICE,CHP_ROAD_TYPE,PEDESTRIAN_ACCIDENT,BICYCLE_ACCIDENT,MOTORCYCLE_ACCIDENT,TRUCK_ACCIDENT,NOT_PRIVATE_PROPERTY,ALCOHOL_INVOLVED,STWD_VEHTYPE_AT_FAULT,CHP_VEHTYPE_AT_FAULT,COUNT_SEVERE_INJ,COUNT_VISIBLE_INJ,COUNT_COMPLAINT_PAIN,COUNT_PED_KILLED,COUNT_PED_INJURED,COUNT_BICYCLIST_KILLED,COUNT_BICYCLIST_INJURED,COUNT_MC_KILLED,COUNT_MC_INJURED,PRIMARY_RAMP,SECONDARY_RAMP,LATITUDE,LONGITUDE,COUNTY,CITY,POINT_X,POINT_Y
91267888,2020,2020-07-13,9241,2020-07-10,2500,018879,,5,4,9,0400,0,2,4,,1,082,MIDWAY,"STATE ST",4224.00,N,N,A,-,N,,,,,,,,,,Y,2,0,1,1,A,-,01,23152,A,N,F,A,A,A,H,-,C,D,0,,,,,Y,Y,A,07,1,0,0,0,0,0,0,0,0,"- ","- ",39.5648193359375,-121.76946258544922,BUTTE,UNINCORPORATED,-121.76982879638672,39.565731048583984
91290442,2020,2020-08-21,9240,2020-08-18,0400,020587,,2,3,9,0400,0,1,3,,2,031,"STATE HIGHWAY 70 TO MONTGOMERY","MONTGOMERY PL",170.00,N,N,A,-,Y,,,,,,,,,,Y,2,0,2,1,A,-,08,22107,,N,F,A,A,A,H,-,D,D,0,,,,,Y,,A,01,1,1,0,0,0,0,0,0,0,"- ","- ",39.508369445800781,-121.57414245605469,BUTTE,UNINCORPORATED,-121.57326507568359,39.508552551269531
91320693,2020,2020-10-09,9241,2020-10-07,1103,018540,,3,1,9,0400,0,2,4,,2,090,SKYWAY,"OAK RIDGE DR.",1636.00,W,N,A,-,N,,,,,,,,,,Y,2,0,2,1,A,-,08,22107,,N,E,A,A,A,H,-,A,D,0,,,,,Y,,A,01,2,0,0,0,0,0,0,0,0,"- ","- ",39.705070495605469,-121.73490142822266,BUTTE,UNINCORPORATED,-121.74877166748047,39.703769683837891
91323820,2020,2020-10-14,9240,2020-10-04,2140,020170,,7,2,9,0400,0,3,5,,2,010,"UPPER PALERMO ROAD","PINECREST RD",97.00,S,N,A,-,N,,,,,,,,,,N,2,0,1,1,A,-,08,22107,,N,F,A,A,A,H,-,D,D,0,,,Y,,Y,,C,02,1,0,0,0,0,0,0,0,1,"- ","- ",39.458770751953125,-121.53164672851562,BUTTE,UNINCORPORATED,-121.53159332275391,39.458789825439453
91327109,2020,2020-10-20,9241,2020-10-13,1520,018879,,2,2,5,0402,0,1,3,,2,100,"SR-99 S/B","PALMETO AVE",1056.00,S,N,A,-,Y,,,99,,,,,,S,Y,2,0,1,3,A,-,03,22350,,N,C,C,A,A,H,-,A,D,0,,,,Y,Y,,A,07,1,0,0,0,0,0,0,0,0,"- ","- ",39.741611480712891,-121.82660675048828,BUTTE,CHICO,-121.82666015625,39.741542816162109
91338597,2020,2020-11-03,9240,2020-10-24,1615,018967,,6,2,9,0400,0,1,3,,1,021,SR-99,"SOUTH AVE",500.00,S,N,A,-,Y,,,99,,,,,,,Y,2,0,1,1,A,-,08,22107,,N,F,A,A,A,H,-,A,D,0,,,,,Y,,A,01,1,0,0,0,0,0,0,0,0,"- ","- ",39.387901306152344,-121.68810272216797,BUTTE,UNINCORPORATED,-121.68801116943359,39.387901306152344
91361558,2020,2020-12-08,9241,2020-11-28,1600,018578,,6,2,9,0400,0,3,5,,2,007,"COUTOLENC RD",SKYWAY,300.00,E,N,A,-,N,,,,,,,,,,Y,2,0,1,1,A,-,01,23152,A,N,E,I,A,A,H,-,A,D,0,,,,,Y,Y,A,07,1,0,0,0,0,0,0,0,0,"- ","- ",39.813331604003906,-121.577880859375,BUTTE,UNINCORPORATED,-121.57772064208984,39.891281127929688
91368863,2020,2020-12-17,9240,2020-12-05,1335,017760,,6,1,9,0400,0,3,5,,2,010,"ORO BANGOR HWY","V-E AVE",145.00,E,N,A,-,N,,,,,,,,,,Y,2,0,1,1,A,-,01,23152,A,N,E,I,A,A,H,-,A,D,0,,,Y,,Y,Y,C,02,1,0,0,0,0,0,0,0,1,"- ","- ",39.480388641357422,-121.52507781982422,BUTTE,UNINCORPORATED,-121.525271,39.480286999999997
91383418,2020,2021-03-04,9240,2020-12-17,0805,018841,,4,1,9,0400,0,3,5,,2,010,"LINCOLN BLVD.","WALMER RD",461.00,S,N,B,-,N,,,,,,,,,,Y,1,1,1,2,A,-,01,23152,F,N,D,C,A,B,H,-,A,D,0,,,,,Y,,A,01,1,0,0,0,0,0,0,0,0,"- ","- ",39.477970123291016,-121.54794311523438,BUTTE,UNINCORPORATED,-121.54793548583984,39.478244781494141
91386950,2021,2021-01-13,9240,2021-01-03,0100,019842,,7,3,9,0400,0,3,5,,2,010,"UPPER PALERMO RD","MESSINA AVE",125.00,N,N,B,-,N,,,,,,,,,,Y,2,0,1,1,A,-,05,21650,,F,E,I,A,B,H,-,D,D,0,,,,,Y,,A,07,1,0,0,0,0,0,0,0,0,"- ","- ",39.442329406738281,-121.53782653808594,BUTTE,UNINCORPORATED,-121.53773498535156,39.442432403564453
91388153,2021,2021-01-15,9240,2021-01-05,2307,019256,,2,3,9,0400,0,1,S,,2,904,"SR-99 N/B","BUTTE CREEK BRIDGE (NORTH SIDE)",283.00,N,N,A,-,Y,,,99,,,,,,N,Y,2,0,1,1,A,-,03,22350,,N,E,I,A,B,H,-,D,D,0,,,,,Y,,A,01,1,0,0,0,0,0,0,0,0,"- ","- ",39.695480346679688,-121.77922058105469,BUTTE,UNINCORPORATED,-121.77925872802734,39.6954345703125
91394414,2021,2021-03-11,9241,2021-01-16,1905,019972,,6,2,9,0400,0,2,4,,2,070,SKYWAY,"PENTZ RD.",1286.00,N,N,A,-,N,,,,,,,,,,Y,1,1,0,1,A,-,01,23152,A,N,E,I,A,A,H,-,D,D,0,,,Y,,Y,Y,C,02,0,0,0,0,0,0,0,1,0,"- ","- ",39.803150177001953,-121.57865142822266,BUTTE,UNINCORPORATED,-121.57898712158203,39.803516387939453
91394892,2021,2021-01-27,9241,2021-01-14,1859,019692,,4,2,9,0400,0,1,3,,1,061,SR-99,"MALLARD ESTATES RD.",77.00,N,N,A,-,Y,,,99,,,,,,,Y,1,1,0,2,A,-,11,21956,,N,G,B,E,A,H,-,D,D,0,Y,,,,Y,,N,60,0,0,0,1,0,0,0,0,0,"- ","- ",39.826011657714844,-121.92768859863281,BUTTE,UNINCORPORATED,-121.92771911621094,39.825984954833984
91399697,2021,2021-02-01,9241,2021-01-26,1355,018540,,2,1,9,0400,0,2,4,,2,070,SKYWAY,"DOGTOWN RD.",300.00,N,N,B,-,N,,,,,,,,,,N,2,0,1,1,A,-,01,23152,A,N,F,A,A,A,H,-,A,D,0,,,Y,,Y,Y,C,02,1,0,0,0,0,0,0,0,1,"- ","- ",39.831378936767578,-121.59629058837891,BUTTE,UNINCORPORATED,-121.59634399414062,39.831569671630859
91410768,2021,2021-02-18,9241,2021-02-12,2043,020638,,5,2,9,0400,0,3,5,,2,006,"EAST AVE","KENNEDY AVE",78.00,W,N,B,C,N,,,,,,,,,,N,2,0,1,2,A,-,11,21954,A,N,G,B,D,B,H,-,D,D,0,Y,,,,Y,,N,60,1,0,0,0,1,0,0,0,0,"- ","- ",39.743148803710938,-121.88249206542969,BUTTE,UNINCORPORATED,-121.88246154785156,39.743152618408203
91412740,2021,2021-02-22,9240,2021-02-04,2322,020170,,4,3,9,0400,0,1,3,,1,011,SR-70,"LOWER HONCUT RD",59.00,S,N,A,-,Y,,,70,,,,,,,Y,1,1,2,3,A,-,01,23152,G,N,C,C,A,A,H,-,D,D,0,,,,,Y,Y,A,07,1,0,1,0,0,0,0,0,0,"- ","- ",39.320720672607422,-121.5960693359375,BUTTE,UNINCORPORATED,-121.59613037109375,39.320716857910156
91426097,2021,2021-03-12,9285,2021-03-05,1030,015976,,5,1,9,0400,0,2,4,,2,082,"LA PORTE RD","BINET RD",896.00,N,N,A,-,N,,,,,,,,,,Y,1,1,1,1,A,-,08,22107,,N,E,J,A,A,H,-,A,D,0,,,,,Y,,A,07,0,1,0,0,0,0,0,0,0,"- ","- ",39.528949737548828,-121.16912841796875,BUTTE,UNINCORPORATED,-121.17186737060547,39.529201507568359
91427391,2021,2021-03-15,9241,2021-03-11,0730,018540,,4,1,9,0400,0,3,5,,2,008,"AGUAS FRIAS RD","DURHAM-DAYTON HWY",1176.00,S,N,A,-,N,,,,,,,,,,N,2,0,1,1,A,-,08,22107,,N,H,A,A,A,H,-,A,D,0,,,,,Y,,A,08,1,0,0,0,0,0,0,0,0,"- ","- ",39.649650573730469,-121.86179351806641,BUTTE,UNINCORPORATED,-121.86174774169922,39.649730682373047
91432549,2021,2021-06-23,9240,2021-03-13,1625,018967,,6,2,9,0400,0,3,5,,2,010,"ORO BANGOR HWY","FOOTHILL BLVD",80.00,E,N,A,-,N,,,,,,,,,,Y,1,1,0,1,A,-,01,23152,F,N,E,I,A,A,H,-,A,D,0,,,Y,,Y,,C,02,0,0,0,0,0,0,0,1,0,"- ","- ",39.483001708984375,-121.50379943847656,BUTTE,UNINCORPORATED,-121.50686645507812,39.485336303710938
91434425,2021,2021-03-24,9241,2021-03-18,0625,018540,,4,1,9,0400,0,2,4,,1,082,MIDWAY,"JONES AVE",2640.00,N,N,B,C,N,,,,,,,,,,Y,2,0,1,3,A,-,05,21651,A,N,B,C,A,B,H,-,D,D,0,,,,,Y,,A,07,1,0,0,0,0,0,0,0,0,"- ","- ",39.671199798583984,-121.80251312255859,BUTTE,UNINCORPORATED,-121.79711151123047,39.684276580810547
91440131,2021,2021-03-31,9240,2021-03-23,0335,019256,,2,3,9,0400,0,1,3,,1,021,SR-99,"TOLAND RD.",82.00,N,N,A,-,Y,,,99,,,,,,,N,2,0,1,2,A,-,03,22350,,N,G,B,E,A,D,-,C,A,0,Y,,,,Y,,A,01,1,0,0,0,1,0,0,0,0,"- ","- ",39.508968353271484,-121.68882751464844,BUTTE,UNINCORPORATED,-121.68880462646484,39.508968353271484
91466563,2021,2021-07-21,9240,2021-04-23,1735,021137,,5,2,9,0400,0,3,5,,2,010,"LAS PLUMAS","ORO BANGOR HIGHWAY",18.00,W,N,B,-,N,,,,,,,,,,Y,2,0,2,2,A,-,01,23152,A,N,B,C,A,A,H,-,A,A,0,,,Y,,Y,Y,A,01,1,0,1,0,0,0,0,0,1,"- ","- ",39.480510711669922,-121.53209686279297,BUTTE,UNINCORPORATED,-121.53204345703125,39.480472564697266
91472762,2021,2021-05-13,9240,2021-01-15,2219,019256,,5,3,3,0404,0,2,S,,2,901,"LOWER WYANDOTTE RD","CLAREMONT DR",98.00,N,N,A,-,N,,,,,,,,,,Y,1,1,0,1,A,-,03,22350,,N,F,A,A,A,H,-,C,D,0,,,Y,,Y,,C,02,0,0,0,0,0,0,0,1,0,"- ","- ",39.49578857421875,-121.53079223632812,BUTTE,OROVILLE,-121.53073883056641,39.495761871337891
9150045,2020,2020-11-25,0402,2020-07-17,0537,28,25,5,5,5,0402,0,0,0,,0,002,"W 9TH ST","OROVILLE AV",0.00,,Y,A,-,Y,BUT,3,32,-,R,9.505,I,5,E,Y,2,0,1,2,A,-,12,21453,A,N,D,G,A,A,H,-,B,A,0,,Y,,,Y,,L,04,1,0,0,0,0,0,1,0,0,"- ","- ",,,BUTTE,CHICO,-121.835693359375,39.725093841552734
91506468,2021,2021-06-25,9241,2021-06-23,0520,014929,,3,3,9,0400,0,1,3,,1,061,SR-99,"PINE CREEK UNDERCROSSING",174.00,N,N,A,-,Y,,,99,,,,,,,Y,2,0,1,2,A,-,05,21460,A,N,A,2,A,A,H,-,B,D,0,,,,Y,Y,,A,01,1,0,0,0,0,0,0,0,0,"- ","- ",39.879501342773438,-121.97148132324219,BUTTE,UNINCORPORATED,-121.97152709960938,39.87945556640625
91518845,2021,2021-07-13,9241,2021-06-26,1343,017170,,6,1,9,0400,0,2,4,,2,086,"DURHAM DAYTON HWY.","STANFORD LN",12.00,W,N,A,-,N,,,,,,,,,,Y,1,1,0,2,A,-,05,21460,A,N,B,C,A,A,H,-,A,D,0,,,Y,,Y,,C,02,0,0,0,0,0,0,0,1,0,"- ","- ",39.645969390869141,-121.78761291503906,BUTTE,UNINCORPORATED,-121.78739166259766,39.645835876464844
91528550,2021,2021-07-26,9240,2021-07-10,1435,020318,,6,2,9,0400,0,1,3,,2,032,SR-70,"YANKEE HILL RD.",800.00,W,N,A,-,Y,,,70,,,,,,,Y,2,0,2,1,A,-,08,22107,,N,E,8,A,A,H,-,A,D,0,,,,,Y,,A,01,1,1,0,0,0,0,0,0,0,"- ","- ",39.694309234619141,-121.53180694580078,BUTTE,UNINCORPORATED,-121.53177642822266,39.694286346435547
91537710,2021,2021-10-26,9241,2021-07-27,2345,021256,,2,3,9,0400,0,2,4,,2,085,"AGUAS FRIAS ROAD","GRAINLAND ROAD",10507.00,S,N,D,-,N,,,,,,,,,,Y,2,0,1,1,A,-,01,23152,F,N,E,I,A,A,H,-,C,D,0,,,,,Y,,A,01,1,0,0,0,0,0,0,0,0,"- ","- ",39.345119476318359,-121.51255798339844,BUTTE,UNINCORPORATED,-121.85711669921875,39.580978393554688
91540344,2021,2021-08-09,9240,2021-08-03,1300,020587,,2,1,3,0404,0,1,3,,2,031,"STATE HIGHWAY 70 SOUTHBOUND TO MONTGOMERY ST","MONTGOMERY ST",133.00,N,N,A,-,Y,,,,,,,,,,Y,2,0,1,1,A,-,08,22107,,N,E,I,A,A,H,-,A,D,0,,,,,Y,,A,07,1,0,0,0,0,0,0,0,0,"- ","- ",39.508491516113281,-121.57382202148438,BUTTE,OROVILLE,-121.57292175292969,39.510150909423828
91603791,2021,2021-10-22,9240,2021-10-20,1715,019653,,3,2,9,0400,0,1,3,,1,011,SR-70,"E. GRIDLEY ROAD",0.00,,Y,B,-,Y,,,,,,,,,,Y,2,0,1,1,A,-,08,22107,,N,E,I,A,B,H,-,A,A,0,,,,,Y,,A,01,1,0,0,0,0,0,0,0,0,"- ","- ",39.35443115234375,-121.60810852050781,BUTTE,UNINCORPORATED,-121.60797119140625,39.364639282226562
91608823,2020,2021-10-29,9240,2020-11-14,0038,020587,,6,3,9,0400,0,1,3,,1,021,"STATE HIGHWAY 99","SOUTH AVE",1592.00,S,N,E,-,Y,,,99,,,,,,,Y,1,4,0,4,A,-,03,22350,,N,C,C,A,A,H,-,D,D,0,,,,Y,Y,,G,25,0,0,0,0,0,0,0,0,0,"- ","- ",39.388111114501953,-121.68804168701172,BUTTE,UNINCORPORATED,-121.68801116943359,39.388111114501953
91647310,2021,2021-12-09,9240,2021-11-27,1140,017760,,6,1,9,0400,0,1,3,,2,041,SR-162,"TYME WAY",792.00,W,N,A,-,Y,,,162,,,,,,,Y,2,0,1,2,A,-,05,21460,A,N,B,C,A,A,H,-,A,D,0,,,Y,,Y,,A,07,1,0,0,0,0,0,0,0,1,"- ","- ",39.505561828613281,-121.50495147705078,BUTTE,UNINCORPORATED,-121.50495910644531,39.5054931640625
91656927,2021,2021-12-20,9241,2021-12-19,0720,014929,,7,1,9,0400,0,1,3,,2,081,"SR-99 S/B","NEAL RD",0.00,,Y,B,-,Y,,,99,,,,,,S,Y,2,0,2,2,A,-,12,21453,A,N,D,C,A,A,H,-,A,A,0,,,,,Y,,A,01,1,1,0,0,0,0,0,0,0,"- ","- ",39.665748596191406,-121.74404144287109,BUTTE,UNINCORPORATED,-121.74402618408203,39.665763854980469
91662828,2021,2021-12-27,9240,2021-12-25,1828,019784,,6,2,9,0400,0,1,3,,2,031,"SR-70 N/B","TABLE MOUNTAIN BLVD O/C",4224.00,N,N,B,-,Y,,,,,,,,,,Y,2,0,3,1,A,-,08,22107,,N,E,I,A,B,H,-,D,D,0,,,,,Y,,A,07,2,0,1,0,0,0,0,0,0,"- ","- ",39.578018188476562,-121.61881256103516,BUTTE,UNINCORPORATED,-121.61956787109375,39.589382171630859
91689637,2022,2022-01-31,9241,2022-01-25,1710,018879,,2,2,9,0400,0,1,3,,1,060,SR-32,"UPPER HUMBOLDT RD",1056.00,E,N,A,-,Y,BUT,,32,,,37.206,H,,R,Y,2,0,1,1,A,-,01,23152,A,N,E,I,A,A,H,-,A,D,0,,,,,Y,Y,-,"- ",1,0,0,0,0,0,0,0,0,"- ","- ",40.041851043701172,-121.61820983886719,BUTTE,UNINCORPORATED,-121.61812591552734,40.041866302490234
91727623,2022,2022-03-21,9240,2022-03-13,0700,017760,,7,1,9,0400,0,1,3,,2,032,"SR-70 E/B","DEADWOOD RD",10560.00,E,N,B,-,Y,BUT,,70,,,37.334,H,,R,Y,2,0,2,1,A,-,08,22107,,N,F,A,A,A,H,-,A,D,0,,,,,Y,,A,07,1,0,1,0,0,0,0,0,0,"- ","- ",39.761348724365234,-121.47872924804688,BUTTE,UNINCORPORATED,-121.47871398925781,39.761322021484375
91741605,2022,2022-04-05,9241,2022-03-30,1425,016360,,3,2,5,0402,0,1,3,,1,061,SR-99,ESPLANADE,0.00,,Y,A,-,Y,BUT,,99,,T,38.214,H,,R,Y,2,0,3,2,A,-,01,23152,A,F,D,2,A,A,H,-,A,D,0,,,,,Y,Y,A,01,1,2,0,0,0,0,0,0,0,"- ","- ",39.793331146240234,-121.89877319335938,BUTTE,CHICO,-121.89874267578125,39.793354034423828
91744045,2022,2022-04-08,9241,2022-03-09,2100,018540,,3,2,9,0400,0,1,3,,2,100,MIDWAY,"JONES AVE",229.00,N,N,A,-,N,,,,,,,,,,Y,1,1,0,1,A,-,03,22350,,N,F,I,A,A,H,-,D,D,0,,,Y,,Y,,C,02,0,0,0,0,0,0,0,1,0,"- ","- ",39.677829742431641,-121.79572296142578,BUTTE,UNINCORPORATED,-121.79589080810547,39.677730560302734
91760988,2022,2022-04-29,9240,2022-01-23,0647,019060,,7,1,9,0400,0,1,3,,1,021,SR-99,"E EVANS REIMER RD",103.00,N,N,A,-,Y,BUT,,99,,,2.112,H,,R,Y,1,1,2,2,A,-,01,23152,A,N,A,C,A,A,H,-,C,D,0,,,,Y,Y,Y,A,01,2,0,0,0,0,0,0,0,0,"- ","- ",39.334541320800781,-121.68315124511719,BUTTE,UNINCORPORATED,-121.68313598632812,39.334541320800781
91765591,2022,2022-05-05,9240,2022-04-23,1552,019060,,6,2,9,0400,0,3,5,,2,040,"ORO QUINCY HWY","FORESTRY ROAD 23N15",95.00,W,N,A,-,Y,,,,,,,,,,N,2,0,1,1,A,-,03,22350,,N,F,A,A,A,H,-,A,D,0,,,Y,,Y,,C,02,1,0,0,0,0,0,0,0,1,"- ","- ",39.765800476074219,-121.30708312988281,BUTTE,UNINCORPORATED,,
91787108,2022,2022-06-02,9240,2022-05-24,0635,015532,,2,1,9,0400,0,1,3,,1,011,"SR-70 NORTHBOUND","GEORGIA PACIFIC WAY",537.00,S,N,A,-,Y,BUT,,70,,,12.472,H,,R,N,2,0,3,2,A,-,03,22350,,N,C,C,A,A,H,-,A,A,0,,,,,Y,,A,08,1,2,0,0,0,0,0,0,0,"- ","- ",39.477008819580078,-121.57559967041016,BUTTE,UNINCORPORATED,-121.57553863525391,39.477008819580078
91788626,2022,2022-06-06,9240,2022-05-27,2206,020170,,5,3,9,0400,0,3,5,,2,020,"LARKIN ROAD","ORD RANCH ROAD",380.00,S,N,B,C,N,,,,,,,,,,N,2,0,1,1,A,-,01,23152,A,N,E,I,A,A,H,-,D,D,0,,,,,Y,Y,A,07,1,0,0,0,0,0,0,0,0,"- ","- ",39.379508972167969,-121.65986633300781,BUTTE,UNINCORPORATED,-121.65972900390625,39.379478454589844
91790757,2022,2022-06-08,9240,2022-05-25,2355,020376,,3,3,9,0400,0,3,5,,2,010,"PALERMO RD","WYMAN ROAD",302.00,E,N,A,-,N,,,,,,,,,,N,1,1,0,1,A,-,03,22350,,N,E,I,A,A,H,-,D,D,0,,,,,Y,,A,01,0,0,0,0,0,0,0,0,0,"- ","- ",39.435001373291016,-121.56266021728516,BUTTE,UNINCORPORATED,-121.56233978271484,39.435054779052734
91790905,2022,2022-06-08,9241,2022-05-28,1910,018578,,6,2,9,0400,0,3,5,,2,007,"DALTON WAY","SHOWDOWN CIRCLE",81.00,E,N,B,-,N,,,,,,,,,,Y,2,0,1,1,A,-,03,22350,,N,F,A,A,A,H,-,A,D,0,,,Y,,Y,,C,02,1,0,0,0,0,0,0,0,1,"- ","- ",39.844921112060547,-121.61026000976562,BUTTE,UNINCORPORATED,-121.61032867431641,39.844928741455078
91791798,2022,2022-06-09,9241,2022-05-31,2350,019093,,2,3,9,0400,0,1,3,,2,100,"SR-99 S/B","COHASSET RD OVERCROSSING",860.00,N,N,A,-,Y,BUT,,99,,R,34.432,H,,L,Y,2,0,3,1,A,-,08,22107,,N,F,A,A,A,H,-,D,D,0,,,,,Y,,A,07,1,0,2,0,0,0,0,0,0,"- ","- ",39.755611419677734,-121.84800720214844,BUTTE,UNINCORPORATED,-121.84797668457031,39.755641937255859
9180178,2020,2020-12-02,0403,2020-10-26,2040,P204,,1,5,2,0403,0,0,0,,0,,"MAGNOLIA ST","RT 99",0.00,,Y,A,-,Y,BUT,3,99,-,R,4.100,H,-,S,N,2,0,1,2,A,-,09,21453,B,N,D,C,A,A,H,-,C,A,0,,,Y,,Y,,D,22,1,0,0,0,0,0,0,0,1,"- ","- ",39.363208770751953,-121.68789672851562,BUTTE,GRIDLEY,-121.68791198730469,39.362884521484375
91805253,2022,2022-06-28,9241,2022-06-26,1315,014929,,7,1,9,0400,0,2,4,,2,063,"ORD FERRY ROAD","EMILY WAY",1.00,W,N,A,-,N,,,,,,,,,,Y,2,0,1,1,A,-,08,22107,,N,E,I,A,A,H,-,A,D,0,,,Y,,Y,,C,02,1,0,0,0,0,0,0,0,1,"- ","- ",39.638179779052734,-121.89005279541016,BUTTE,UNINCORPORATED,-121.88993072509766,39.638290405273438
91816428,2022,2022-07-13,9241,2022-07-03,0600,022594,,7,1,9,0400,0,2,4,,1,082,MIDWAY,"ROBLE RD",1270.00,S,N,A,-,N,,,,,,,,,,Y,1,1,1,1,A,-,01,23152,A,N,E,I,A,A,H,-,A,A,0,,,,,Y,Y,A,01,1,0,0,0,0,0,0,0,0,"- ","- ",39.658798217773438,-121.80439758300781,BUTTE,UNINCORPORATED,-121.80455780029297,39.659011840820312
91819216,2022,2022-07-18,9240,2022-07-13,1502,018841,,3,2,9,0400,0,3,5,,2,010,"LOWER HONCUT RD.","PHEASANT LN.",4224.00,W,N,A,-,N,,,,,,,,,,Y,2,0,1,1,A,-,01,23152,A,N,E,I,A,A,H,-,A,D,0,,,,,Y,Y,A,01,1,0,0,0,0,0,0,0,0,"- ","- ",39.324771881103516,-121.55548858642578,BUTTE,UNINCORPORATED,-121.55475616455078,39.325061798095703
91838302,2022,2022-08-11,9241,2022-04-24,0233,020686,,7,3,5,0402,0,1,3,,2,100,"NB SR-99 N/O EATON RD.","MUD CREEK",1320.00,S,N,A,-,Y,BUT,,99,,R,36.953,H,,R,Y,2,0,2,2,A,-,03,22350,,F,C,C,A,A,H,-,D,D,0,,,,,Y,Y,A,01,1,0,1,0,0,0,0,0,0,"- ","- ",39.781288146972656,-121.88163757324219,BUTTE,CHICO,-121.88162231445312,39.781303405761719
91841499,2022,2022-08-16,9241,2022-08-07,0230,021256,,7,3,9,0400,0,3,5,,2,007,SKYWAY,"BOTTLE HILL RD",8448.00,S,N,A,-,N,,,,,,,,,,Y,2,0,1,1,C,-,18,,,N,E,I,A,A,H,-,D,D,0,,,,,Y,,-,"- ",1,0,0,0,0,0,0,0,0,"- ","- ",40.039398193359375,-121.32990264892578,BUTTE,UNINCORPORATED,-121.53611755371094,40.001396179199219
91847630,2022,2022-08-24,9241,2022-08-21,1930,022594,,7,2,9,0400,0,3,5,,2,007,"HUMBOLDT RD","GREYBEARD LN",10560.00,E,N,A,-,N,,,,,,,,,,Y,2,0,1,1,A,-,08,22107,,N,E,I,A,A,H,-,B,D,0,,,Y,,Y,Y,C,02,1,0,0,0,0,0,0,0,1,"- ","- ",40.069801330566406,-121.58429718017578,BUTTE,UNINCORPORATED,-121.52743530273438,40.091045379638672
91850518,2022,2022-08-26,9240,2022-08-18,2118,018967,,4,2,9,0400,0,1,A,,2,748,"OROVILLE DAM RD","CANYON DR",5280.00,N,N,A,-,N,,,,,,,,,,Y,2,0,1,1,A,-,01,23152,A,N,E,I,A,A,H,-,C,D,0,,,Y,,Y,Y,C,02,1,0,0,0,0,0,0,0,1,"- ","- ",39.541801452636719,-121.49022674560547,BUTTE,UNINCORPORATED,-121.49128723144531,39.541645050048828
91874950,2022,2022-09-27,9241,2022-09-22,0732,014929,,4,1,5,0402,0,1,3,,2,100,"SR-99 N/B ON-RAMP",SKYWAY,130.00,N,N,A,-,Y,,,,,,,,,,N,2,0,1,2,A,-,08,22107,,N,D,G,A,A,H,-,A,D,0,,Y,,,Y,,L,04,1,0,0,0,0,0,1,0,0,"- ","- ",39.1715087890625,-121.79814910888672,BUTTE,CHICO,,
91885443,2022,2022-10-07,9241,2022-10-05,1120,019006,,3,1,9,0400,0,2,4,,2,084,"CHICO RIVER ROAD","LONE PINE AVENUE",932.00,E,N,A,-,N,,,,,,,,,,Y,2,0,1,1,A,-,08,22107,,N,E,I,A,A,H,-,A,D,0,,,Y,,Y,,C,02,1,0,0,0,0,0,0,0,1,"- ","- ",39.712291717529297,-121.86544799804688,BUTTE,UNINCORPORATED,-121.86550903320312,39.712253570556641
91889631,2022,2022-10-13,9241,2022-10-10,1215,020379,,1,1,9,0400,0,2,4,,1,087,"SEVEN MILE LANE","GRAINLAND ROAD",700.00,N,N,A,-,N,,,,,,,,,,Y,2,0,2,2,A,-,03,22350,,N,C,C,A,A,H,-,A,D,0,,,,Y,Y,,G,24,1,1,0,0,0,0,0,0,0,"- ","- ",39.610881805419922,-121.90953063964844,BUTTE,UNINCORPORATED,-121.90959167480469,39.611202239990234