CASE_ID,ACCIDENT_YEAR,PROC_DATE,JURIS,COLLISION_DATE,COLLISION_TIME,OFFICER_ID,REPORTING_DISTRICT,DAY_OF_WEEK,CHP_SHIFT,POPULATION,CNTY_CITY_LOC,SPECIAL_COND,BEAT_TYPE,CHP_BEAT_TYPE,CITY_DIVISION_LAPD,CHP_BEAT_CLASS,BEAT_NUMBER,PRIMARY_RD,SECONDARY_RD,DISTANCE,DIRECTION,INTERSECTION,WEATHER_1,WEATHER_2,STATE_HWY_IND,CALTRANS_COUNTY,CALTRANS_DISTRICT,STATE_ROUTE,ROUTE_SUFFIX,POSTMILE_PREFIX,POSTMILE,LOCATION_TYPE,RAMP_INTERSECTION,SIDE_OF_HWY,TOW_AWAY,COLLISION_SEVERITY,NUMBER_KILLED,NUMBER_INJURED,PARTY_COUNT,PRIMARY_COLL_FACTOR,PCF_CODE_OF_VIOL,PCF_VIOL_CATEGORY,PCF_VIOLATION,PCF_VIOL_SUBSECTION,HIT_AND_RUN,TYPE_OF_COLLISION,MVIW,PED_ACTION,ROAD_SURFACE,ROAD_COND_1,ROAD_COND_2,LIGHTING,CONTROL_DEVICE,CHP_ROAD_TYPE,PEDESTRIAN_ACCIDENT,BICYCLE_ACCIDENT,MOTORCYCLE_ACCIDENT,TRUCK_ACCIDENT,NOT_PRIVATE_PROPERTY,ALCOHOL_INVOLVED,STWD_VEHTYPE_AT_FAULT,CHP_VEHTYPE_AT_FAULT,COUNT_SEVERE_INJ,COUNT_VISIBLE_INJ,COUNT_COMPLAINT_PAIN,COUNT_PED_KILLED,COUNT_PED_INJURED,COUNT_BICYCLIST_KILLED,COUNT_BICYCLIST_INJURED,COUNT_MC_KILLED,COUNT_MC_INJURED,PRIMARY_RAMP,SECONDARY_RAMP,LATITUDE,LONGITUDE,COUNTY,CITY,POINT_X,POINT_Y
91945917,2022,2022-12-19,9241,2022-12-17,2215,021256,,6,3,9,0400,0,2,4,,2,094,"PENTZ ROAD","LIME SADDLE ROAD",588.00,S,N,A,-,N,,,,,,,,,,Y,2,0,2,1,A,-,08,22107,,N,F,A,A,A,H,-,D,D,0,,,,,Y,,A,01,2,0,0,0,0,0,0,0,0,"- ","- ",39.680400848388672,-121.569580078125,BUTTE,UNINCORPORATED,-121.56906890869141,39.679370880126953
91951349,2022,2022-12-23,9241,2022-12-21,0808,017170,,3,1,9,0400,0,2,4,,2,070,SKYWAY,"DOGTOWN RD",224.00,S,N,A,-,N,,,,,,,,,,Y,2,0,1,1,A,-,01,23152,F,N,E,I,A,A,H,-,A,D,0,,,,,Y,,A,01,1,0,0,0,0,0,0,0,0,"- ","- ",39.830291748046875,-121.59590911865234,BUTTE,UNINCORPORATED,-121.59596252441406,39.830165863037109
91964221,2022,2023-01-10,9285,2022-12-28,1000,015976,,3,1,9,0400,0,3,5,,1,008,"FORBESTOWN RD.","SCHOOL ST",528.00,W,N,B,-,N,,,,,,,,,,Y,2,0,1,1,A,-,08,22107,,N,E,I,A,B,H,-,A,D,0,,,,,Y,,D,22,1,0,0,0,0,0,0,0,0,"- ","- ",39.523330688476562,-121.28040313720703,BUTTE,UNINCORPORATED,-121.28029632568359,39.521770477294922
92003711,2022,2023-02-27,9240,2022-12-28,2500,017760,,3,4,9,0400,0,1,3,,2,032,"SR-70 E/B","EXPLORER TRAIL",896.00,E,N,C,-,Y,BUT,,70,,,29.878,H,,R,Y,1,1,0,1,A,-,08,22107,,N,E,I,A,B,H,-,D,D,0,,,,,Y,,A,01,0,0,0,0,0,0,0,0,0,"- ","- ",39.680271148681641,-121.53739929199219,BUTTE,UNINCORPORATED,-121.53727722167969,39.680343627929688
92030504,2023,2023-03-28,9240,2023-03-20,1754,021137,,1,2,9,0400,0,3,5,,2,010,"FORBESTOWN RD","OLD OLIVE HWY",90.00,E,N,B,-,N,,,,,,,,,,Y,2,0,2,2,A,-,05,21460,A,F,A,C,A,A,H,-,A,D,0,,,,,Y,,A,01,1,0,1,0,0,0,0,0,0,"- ","- ",39.50408935546875,-121.43450927734375,BUTTE,UNINCORPORATED,-121.43453979492188,39.504100799560547
92042168,2023,2023-04-11,9240,2023-04-05,"715 ",017532,,3,1,9,0400,0,3,5,,2,030,"CHEROKEE RD","HUMPYBACK RD.",330.00,S,N,A,-,N,,,,,,,,,,Y,2,0,1,1,A,-,08,22107,,N,E,I,A,A,H,-,A,D,0,,,,,Y,,A,01,1,0,0,0,0,0,0,0,0,"- ","- ",39.630420684814453,-121.52864074707031,BUTTE,UNINCORPORATED,-121.52869415283203,39.630416870117188
92043080,2023,2023-04-12,9241,2023-02-03,2002,022594,,5,2,5,0402,0,1,3,,2,080,"SR-99 S/B","LITTLE CHICO CREEK",619.00,S,N,B,-,Y,BUT,,99," ",R,32.104,H,,L,Y,1,1,0,1,A,-,08,22107,,N,E,I,A,A,H,-,D,A,0,,,,,Y,,A,01,0,0,0,0,0,0,0,0,0,"- ","- ",39.733268737792969,-121.81562805175781,BUTTE,CHICO,-121.81555938720703,39.733322143554688
92059163,2023,2023-05-02,9241,2023-04-29,2025,016360,,6,2,9,0400,0,3,5,,2,007,SKYWAY,"INDIAN DRIVE",650.00,S,N,A,-,N,,,,,,,,,,Y,2,0,1,1,A,-,08,22107,,N,F,A,A,A,H,-,D,D,0,,,Y,,Y,,C,02,1,0,0,0,0,0,0,0,1,"- ","- ",39.804420471191406,-121.57874298095703,BUTTE,UNINCORPORATED,-121.57872009277344,39.804275512695312
92075364,2023,2023-06-29,9240,2023-05-16,"0   ",019842,,2,3,9,0400,0,3,5,,2,010,"LOWER HONCUT ROAD","PALERMO HONCUT HWY",2879.00,E,N,A,-,N,,,,,,,,,,Y,1,1,1,2,A,-,05,21650,,N,A,C,A,A,H,-,D,D,0,,,Y,,Y,,A,01,0,0,1,0,0,0,0,1,0,"- ","- ",39.326351165771484,-121.52532196044922,BUTTE,UNINCORPORATED,-121.52542114257812,39.326351165771484
92084458,2023,2023-06-02,9240,2023-06-01,1745,020587,,4,2,9,0400,0,3,5,,2,010,"PALERMO ROAD","LONE TREE ROAD",2060.00,W,N,A,-,N,,,,,,,,,,N,2,0,1,2,A,-,03,22350,,N,C,G,A,A,H,-,A,D,0,,Y,,,Y,,A,01,1,0,0,0,0,0,1,0,0,"- ","- ",39.433891296386719,-121.58419799804688,BUTTE,UNINCORPORATED,-121.58407592773438,39.433933258056641
9209374,2020,2021-03-03,0404,2020-12-04,2122,699,E,5,5,3,0404,0,0,0,,0,00E,"OLIVE HWY","FOOTHILL BL",0.00,,Y,A,-,N,,,162,,,,,,,Y,2,0,4,2,A,-,01,23152,,N,D,C,A,A,H,-,C,A,0,,,,Y,Y,Y,F,26,2,2,0,0,0,0,0,0,0,"- ","- ",39.501438140869141,-121.53144836425781,BUTTE,OROVILLE,-121.53144836425781,39.501441955566406
92094734,2023,2023-06-15,9240,2023-06-13,1413,018967,,2,2,9,0400,0,3,5,,2,030,"LONG BAR RD","BO Y LE LN",0.00,,Y,A,-,N,,,,,,,,,,N,2,0,1,2,A,-,03,22350,,N,C,C,A,A,H,-,A,D,0,,,Y,,Y,,C,02,1,0,0,0,0,0,0,0,1,"- ","- ",39.524738311767578,-121.53688812255859,BUTTE,UNINCORPORATED,-121.53688049316406,39.524723052978516
92111646,2023,2023-07-07,9241,2023-06-28,1531,022594,,3,2,9,0400,0,1,3,,2,093,"CLARK RD",SR-70,75.00,N,N,A,-,N,,,,,,,,,,N,2,0,1,1,A,-,08,22107,,N,F,A,A,A,H,-,A,A,0,,,Y,,Y,,C,02,1,0,0,0,0,0,0,0,1,"- ","- ",39.602638244628906,-121.61858367919922,BUTTE,UNINCORPORATED,-121.61846160888672,39.602657318115234
92167174,2023,2023-09-11,9241,2023-09-06,2035,018540,,3,2,9,0400,0,2,4,,2,071,SKYWAY,"PENTZ RD",1300.00,N,N,A,-,N,,,,,,,,,,Y,2,0,1,1,A,-,08,22107,,N,E,I,A,A,A,H,D,D,0,,,,,Y,,A,01,1,0,0,0,0,0,0,0,0,"- ","- ",39.803340911865234,-121.57852935791016,BUTTE,UNINCORPORATED,-121.5789794921875,39.803554534912109
92175907,2023,2023-10-06,9241,2023-09-08,1625,018879,,5,2,9,0400,0,2,4,,2,095,SR-191,"DURHAM-PENTZ RD",0.00,,Y,A,-,Y,BUT,,191," "," ",3.536,H,,R,Y,2,0,4,2,A,-,09,21803,A,N,D,C,A,A,H,-,A,A,0,,,,,Y,,D,22,2,2,0,0,0,0,0,0,0,"- ","- ",39.647380828857422,-121.63433074951172,BUTTE,UNINCORPORATED,-121.63445281982422,39.647403717041016
92187953,2023,2023-10-02,9240,2023-09-20,2015,021012,,3,2,9,0400,0,1,3,,1,021,SR-99,"RIVIERA RD",1478.00,N,N,A,-,Y,BUT,,99," "," ",0.019,H,,R,N,2,0,2,2,A,-,06,21751,,N,B,C,A,A,H,-,D,D,0,,,Y,,Y,,C,02,1,1,0,0,0,0,0,0,1,"- ","- ",39.305400848388672,-121.67276763916016,BUTTE,UNINCORPORATED,-121.67275238037109,39.305404663085938
92206071,2023,2023-10-23,9241,2023-10-17,1620,019093,,2,2,9,0400,0,1,3,,1,060,SR-32,"14 MILE HOUSE ROAD",400.00,W,N,A,-,Y,BUT,,32," ",R,21.795,H,,R,N,2,0,1,1,A,-,03,22350,,N,F,I,A,A,H,-,A,D,0,,,,,Y,,M,94,1,0,0,0,0,0,0,0,0,"- ","- ",39.848628997802734,-121.69338226318359,BUTTE,UNINCORPORATED,-121.69336700439453,39.848621368408203
92224417,2023,2023-10-31,9240,2023-10-25,2150,018967,,3,2,9,0400,0,1,3,,2,031,"SR-70 N/B","GEORGIA PACIFIC WAY",2162.00,N,N,A,-,Y,BUT,,70," "," ",12.957,H,,R,N,1,1,0,2,A,-,11,21954,A,N,G,B,D,A,H,-,D,D,0,Y,,,,Y,,N,60,0,0,0,1,0,0,0,0,0,"- ","- ",39.484058380126953,-121.57543182373047,BUTTE,UNINCORPORATED,-121.57545471191406,39.484058380126953
92231336,2023,2023-11-08,9240,2023-10-31,1925,022662,,2,2,9,0400,0,3,5,,2,010,"LINCOLN BLVD","KUSEL RD",335.00,N,N,A,-,N,,,,,,,,,,Y,2,0,1,2,A,-,03,22350,,F,E,6,E,A,H,-,D,D,0,Y,,,,Y,,A,01,1,0,0,0,1,0,0,0,0,"- ","- ",39.461181640625,-121.54940795898438,BUTTE,UNINCORPORATED,-121.54936981201172,39.46112060546875
92264917,2023,2023-12-18,9240,2023-12-17,2104,021137,,7,2,9,0400,0,3,5,,2,010,"FOOTHILL BLVD","DUNSTONE DR",124.00,W,N,B,C,N,,,,,,,,,,Y,2,0,1,1,A,-,08,22107,,N,F,A,A,B,H,-,D,D,0,,,,,Y,,D,22,1,0,0,0,0,0,0,0,0,"- ","- ",39.458061218261719,-121.46775054931641,BUTTE,UNINCORPORATED,-121.46768951416016,39.458030700683594
92287054,2023,2024-01-15,9240,2023-12-30,2227,020376,,6,3,9,0400,0,3,5,,2,020,"LARKIN ROAD","PRATHER ROAD",916.00,S,N,A,-,N,,,,,,,,,,Y,1,1,0,2,A,-,01,23152,A,N,E,8,A,B,C,-,D,D,0,,,,,Y,Y,A,01,0,0,0,0,0,0,0,0,0,"- ","- ",39.3702392578125,-121.66000366210938,BUTTE,UNINCORPORATED,-121.65992736816406,39.370277404785156
92343246,2024,2024-03-20,9241,2024-02-25,2315,023513,,7,3,9,0400,0,1,3,,1,061,"SR-99 S/B",ESPLANADE,0.00,,Y,A,-,Y,BUT,,99," ",T,38.218,H,,L,N,1,1,0,2,A,-,11,21954,A,N,G,B,E,A,H,-,C,D,0,Y,,,Y,Y,,N,60,0,0,0,1,0,0,0,0,0,"- ","- ",39.793350219726562,-121.89884948730469,BUTTE,UNINCORPORATED,-121.8988037109375,39.793392181396484
92395351,2024,2024-05-21,9241,2024-05-11,1440,022635,,6,2,9,0400,0,3,5,,2,007,SKYWAY,"COUTOLENC RD",470.00,W,N,A,-,N,,,,,,,,,,N,2,0,1,2,A,-,08,22107,,F,C,G,A,A,H,-,A,D,0,,Y,,,Y,,-,99,1,0,0,0,0,0,1,0,0,"- ","- ",39.811580657958984,-121.57771301269531,BUTTE,UNINCORPORATED,-121.57923889160156,39.811668395996094
9242972,2021,2021-04-15,0404,2021-03-05,1732,651,W,5,5,3,0404,0,0,0,,0,00W,"S 7TH AV","CAL OAK RD",0.00,,Y,A,-,N,,,,,,,,,,Y,2,0,2,2,A,-,09,21801,A,N,A,C,A,A,H,-,A,A,0,,,Y,,Y,,A,01,1,0,1,0,0,0,0,0,1,"- ","- ",39.492630004882812,-121.56934356689453,BUTTE,OROVILLE,-121.56932067871094,39.492637634277344
9243126,2021,2021-04-13,0404,2021-02-23,1333,714,,2,5,3,0404,0,0,0,,0,,"ORO DAM BL W","MIDDLEHOFF LN",322.00,W,N,A,-,N,,,,,,,,,,Y,2,0,1,2,A,-,07,21658,,F,H,G,A,A,H,-,A,D,0,,Y,,,Y,,-,,1,0,0,0,0,0,1,0,0,"- ","- ",39.458179473876953,-121.58287048339844,BUTTE,OROVILLE,-121.58426666259766,39.498050689697266
92433933,2024,2024-07-09,9240,2024-06-29,1305,018841,,6,1,9,0400,0,1,3,,1,021,"RT 99","TOWNSHIP RD.",0.00,,Y,A,-,N,,,,,,,,,,Y,2,0,2,2,A,-,09,21802,A,N,D,C,A,A,H,-,A,A,0,,,,,Y,,A,01,1,0,1,0,0,0,0,0,0,"- ","- ",39.343879699707031,-121.68691253662109,BUTTE,UNINCORPORATED,-121.68688201904297,39.343822479248047
9256275,2021,2023-06-20,0402,2021-05-11,1959,P03283,,2,5,5,0402,0,0,0,,0,,"W EATON RD","ROGUE RIVER DR",23.00,W,N,A,-,N,,,,,,,,,,Y,1,1,0,1,A,-,03,22350,,N,E,I,A,A,G,-,B,D,0,,,,,Y,,A,07,0,0,0,0,0,0,0,0,0,"- ","- ",,,BUTTE,CHICO,-121.89282989501953,39.769359588623047
9256521,2021,2021-08-23,0402,2021-07-25,0700,P03283,,7,5,5,0402,0,0,0,,0,,"RT 32","STEWART AV",504.00,S,N,A,-,Y,BUT,3,32,-,-,8.310,H,-,E,Y,1,1,0,1,A,-,08,22107,,N,E,I,A,A,H,-,A,D,0,,,,,Y,,D,22,0,0,0,0,0,0,0,0,0,"- ","- ",,,BUTTE,CHICO,-121.85102081298828,39.7255859375
9320464,2022,2022-03-03,0402,2022-01-29,1835,4137,,6,5,5,0402,0,0,0,,0,004,"NOTRE DAME BL","FOREST AV",387.00,S,N,A,-,N,,,,,,,,,,N,1,1,0,2,A,-,11,21954,A,N,G,B,D,A,H,-,D,D,0,Y,,,,Y,,N,60,0,0,0,1,0,0,0,0,0,"- ","- ",,,BUTTE,CHICO,-121.79531860351562,39.717018127441406
9320717,2022,2022-05-25,0405,2022-04-13,1909,ARC01,10S,3,5,4,0405,0,0,0,,0,00S,SKYWAY,"BAY TREE DR",305.00,N,N,B,-,N,,,,,,,,,,Y,1,1,0,1,A,-,05,21650,,N,F,A,A,A,H,-,A,D,0,,,,,Y,,D,72,0,0,0,0,0,0,0,0,0,"- ","- ",39.7440185546875,-121.6551513671875,BUTTE,PARADISE,-121.65419769287109,39.741535186767578
93914717,2024,2024-08-08,9240,2024-07-28,"435 ",023133,,7,3,9,0400,0,3,5,,2,020,"LARKIN RD N/B","ORD RANCH RD",246.00,S,N,A,-,N,,,,,,,,,,Y,2,0,1,1,A,-,03,22350,,N,E,I,A,A,H,-,B,D,0,,,,,Y,,A,01,1,0,0,0,0,0,0,0,0,"- ","- ",39.379501342773438,-121.659912109375,BUTTE,UNINCORPORATED,-121.65955352783203,39.379817962646484
9418690,2022,2022-03-30,0405,2022-02-19,1941,TUC01,2N,6,5,4,0405,0,0,0,,0,00N,SKYWAY,"WAGSTAFF RD",0.00,,Y,A,-,N,,,,,,,,,,Y,2,0,1,1,A,-,"- ",,,N,E,I,A,A,H,-,C,A,0,,,,,Y,,A,01,1,0,0,0,0,0,0,0,0,"- ","- ",39.777629852294922,-121.60627746582031,BUTTE,PARADISE,-121.60626983642578,39.777660369873047
94360234,2024,2024-08-19,9241,2024-08-16,1845,020686,,5,2,9,0400,0,2,4,,2,096,"HONEY RUN RD","HORSE RUN LANE",9504.00,N,N,A,-,N,,,,,,,,,,Y,2,0,1,1,A,-,03,22350,,N,F,A,A,A,H,-,A,D,0,,,Y,,Y,,C,02,1,0,0,0,0,0,0,0,1,"- ","- ",39.714061737060547,-121.73568725585938,BUTTE,UNINCORPORATED,-121.77458953857422,39.711460113525391
9436053,2022,2022-05-04,0402,2022-04-12,2025,P03283,,2,5,5,0402,0,0,0,,0,,"E 5TH AV","SPRUCE AV",0.00,,Y,A,-,N,,,,,,,,,,N,2,0,1,2,A,-,11,21956,A,N,G,B,E,A,H,-,C,D,0,Y,,,,Y,,N,60,1,0,0,0,1,0,0,0,0,"- ","- ",,,BUTTE,CHICO,-121.84394073486328,39.74407958984375
94367863,2024,2024-08-23,9241,2024-08-17,1345,020379,,6,1,9,0400,0,1,3,,1,061,SR-99,"KEEFER RD",0.00,,Y,A,-,Y,BUT,,99," "," ",40.222,H,,R,Y,2,0,3,2,A,-,09,21802,A,N,D,C,A,A,H,-,A,A,0,,,,Y,Y,,A,07,3,0,0,0,0,0,0,0,0,"- ","- ",39.813621520996094,-121.91796112060547,BUTTE,UNINCORPORATED,-121.91793823242188,39.813625335693359
94410720,2024,2024-09-27,9241,2024-09-22,"930 ",019972,,7,1,9,0400,0,3,5,,2,006,"HUMBOLDT RD.",SKYWAY,1584.00,S,N,A,-,N,,,,,,,,,,N,2,0,1,1,A,-,08,22107,,N,F,A,A,A,H,-,A,D,0,,,Y,,Y,,-,"- ",1,0,0,0,0,0,0,0,1,"- ","- ",40.079418182373047,-121.55818939208984,BUTTE,UNINCORPORATED,-121.5565185546875,40.079601287841797
94484216,2024,2024-11-26,9241,2024-11-17,"140 ",023527,,7,3,9,0400,0,1,3,,1,060,SR-32,"LOWER HUMBOLDT ROAD",2640.00,W,N,B,-,Y,BUT,,32," "," ",14.691,H,,R,Y,2,0,2,1,A,-,01,23152,A,N,F,I,A,A,H,-,B,D,0,,,Y,,Y,Y,C,02,2,0,0,0,0,0,0,0,2,"- ","- ",39.755329132080078,-121.73867034912109,BUTTE,UNINCORPORATED,-121.73870849609375,39.755374908447266
94493702,2024,2024-12-05,9241,2024-10-17,2500,019972,,4,4,9,0400,0,2,4,,2,097,"CENTERVILLE RD","NIMSHEW RUN RD.",2640.00,W,N,A,-,N,,,,,,,,,,Y,1,1,1,1,A,-,08,22107,,N,F,J,A,A,H,-,B,D,0,,,,,Y,,A,07,1,0,0,0,0,0,0,0,0,"- ","- ",39.807701110839844,-121.64337921142578,BUTTE,UNINCORPORATED,-121.64470672607422,39.802719116210938
94524840,2024,2025-01-03,9240,2024-12-24,1100,024132,,2,1,9,0400,0,3,5,,2,010,"ORO BANGOR HWY","COLE LN",150.00,N,N,B,C,N,,,,,,,,,,Y,2,0,1,1,A,-,08,22107,,N,E,8,A,B,H,-,A,D,0,,,,,Y,,A,07,1,0,0,0,0,0,0,0,0,"- ","- ",39.460239410400391,-121.44979095458984,BUTTE,UNINCORPORATED,,
94526530,2024,2025-01-06,9241,2024-12-31,2254,022635,,2,3,9,0400,0,3,5,,2,007,"HOLMWOOD DRIVE","ROSEWOOD DRIVE",545.00,N,N,A,-,N,,,,,,,,,,Y,2,0,1,1,A,-,01,23152,A,N,E,I,A,A,A,-,D,D,0,,,,,Y,Y,A,07,1,0,0,0,0,0,0,0,0,"- ","- ",39.844669342041016,-121.59065246582031,BUTTE,UNINCORPORATED,-121.59069061279297,39.844635009765625
94640755,2025,2025-04-08,9240,2025-03-25,"110 ",022094,,2,3,9,0400,0,1,3,,2,041,"SR-162 EASTBOUND","MARINA VISTA",2112.00,W,N,A,-,Y,BUT,,162," "," ",25.282,H,,R,Y,2,0,2,1,A,-,03,22350,,F,F,A,A,A,H,-,D,D,0,,,Y,,Y,,C,02,2,0,0,0,0,0,0,0,2,"- ","- ",39.527000427246094,-121.43228149414062,BUTTE,UNINCORPORATED,-121.43227386474609,39.527000427246094
94645211,2025,2025-04-10,9241,2025-04-01,"57  ",021659,,2,3,9,0400,0,1,3,,1,060,"RT 32","LOWER HUMBOLDT ROAD",2870.00,W,N,A,-,Y,BUT,,32," "," ",14.662,H,,R,Y,2,0,2,1,A,-,01,23152,A,N,E,I,A,A,H,-,D,D,0,,,Y,,Y,Y,C,02,2,0,0,0,0,0,0,0,2,"- ","- ",39.755069732666016,-121.73912048339844,BUTTE,UNINCORPORATED,-121.73916625976562,39.755123138427734
9465215,2022,2023-01-12,0402,2022-10-23,0040,1286,0402,7,5,5,0402,0,0,0,,0,001,"BROADWAY ST","W 5TH ST",0.00,,Y,B,-,N,,,,,,,,,,Y,2,0,1,2,A,-,00,23136,,N,D,C,A,A,H,-,C,A,0,,,,,Y,Y,A,01,1,0,0,0,0,0,0,0,0,"- ","- ",,,BUTTE,CHICO,-121.83894348144531,39.727657318115234
94660160,2025,2025-04-23,9240,2025-04-14,2040,020318,,1,2,9,0400,0,1,3,,1,011,SR-70,"CENTRAL HOUSE RD.",2709.00,S,N,A,-,Y,BUT,,70," "," ",2.479,H,,R,Y,1,1,0,2,A,-,11,21950,B,N,G,B,D,A,H,-,D,D,0,Y,,,,Y,,N,60,0,0,0,1,0,0,0,0,0,"- ","- ",39.342689514160156,-121.59995269775391,BUTTE,UNINCORPORATED,-121.59984588623047,39.342700958251953
94664372,2025,2025-04-25,9240,2025-04-10,1410,017760,,4,2,9,0400,0,3,5,,2,010,"PACIFIC HEIGHTS RD","OPHIR ROAD",2112.00,S,N,A,-,N,,,,,,,,,,Y,2,0,1,1,A,-,08,22107,,N,E,8,A,A,H,-,A,D,0,,,,,Y,,A,01,1,0,0,0,0,0,0,0,0,"- ","- ",39.463951110839844,-121.58553314208984,BUTTE,UNINCORPORATED,-121.57897186279297,39.464031219482422
94710292,2025,2025-07-30,9241,2025-02-16,2023,022514,,7,2,9,0400,0,1,3,,1,061,"SR-99 N/B","GARDEN BROOK DRIVE",1056.00,S,N,A,-,Y,BUT,,99," "," ",39.665,H,,R,Y,1,1,1,2,A,-,01,23152,A,N,A,C,A,A,H,-,D,D,0,,,,,Y,Y,A,07,1,0,0,0,0,0,0,0,0,"- ","- ",39.807491302490234,-121.91158294677734,BUTTE,UNINCORPORATED,-121.91161346435547,39.807468414306641
94736311,2025,2025-06-23,9241,2025-06-17,2250,021659,,2,3,9,0400,0,1,3,,1,060,"RT 32","NOPEL AVE",893.00,E,N,A,-,Y,BUT,,32," ",R,24.020,H,,R,Y,2,0,1,1,A,-,01,23152,A,N,E,I,A,A,H,-,D,D,0,,,,,Y,Y,A,01,1,0,0,0,0,0,0,0,0,"- ","- ",39.874420166015625,-121.67790222167969,BUTTE,UNINCORPORATED,-121.67788696289062,39.874397277832031
9479680,2022,2022-09-19,0402,2022-08-04,1545,P00503,,4,5,5,0402,0,0,0,,0,005,"CHICO CANYON RD","CHICORY RD",880.00,N,N,A,-,N,,,,,,,,,,N,2,0,1,2,A,-,09,21804,,N,H,G,A,A,H,-,A,D,0,,Y,,Y,Y,,L,04,1,0,0,0,0,0,1,0,0,"- ","- ",,,BUTTE,CHICO,-121.78745269775391,39.761253356933594
9488625,2022,2022-08-23,0404,2022-08-09,2329,714,TH,2,5,3,0404,0,0,0,,0,0TH,"NELSON AV","TABLE MOUNTAIN AV",0.00,,Y,A,-,N,,,,,,,,,,Y,2,0,1,1,A,-,03,22350,,N,E,J,A,A,H,-,C,D,0,,,,,Y,,A,01,1,0,0,0,0,0,0,0,0,"- ","- ",39.524078369140625,-121.55864715576172,BUTTE,OROVILLE,-121.558837890625,39.524093627929688
9496902,2022,2022-09-06,0404,2022-08-11,1905,703,E,4,5,3,0404,0,0,0,,0,00E,"BOYNTON AV","GAWTHORNE AV",195.00,S,N,A,-,N,,,,,,,,,,N,2,0,1,2,A,-,03,22350,,N,B,C,A,A,H,-,A,D,0,,,Y,,Y,,C,02,1,0,0,0,0,0,0,0,1,"- ","- ",39.513198852539062,-121.54029083251953,BUTTE,OROVILLE,-121.54059600830078,39.513072967529297
9520055,2022,2023-02-06,0402,2022-09-07,0756,1240,,3,5,5,0402,0,0,0,,0,003,"E. PARK AV","CARMICHAEL DR",0.00,,Y,A,-,N,,,,,,,,,,Y,1,1,1,2,C,-,18,,,N,C,C,A,A,H,-,A,A,0,,,,,Y,,-,"- ",0,1,0,0,0,0,0,0,0,"- ","- ",,,BUTTE,CHICO,-121.80526733398438,39.714778900146484
9526940,2023,2023-04-07,0405,2023-02-17,1208,TUC01,6N,5,5,4,0405,0,0,0,,0,00N,SKYWAY,"ELLIOTT RD",0.00,,Y,A,-,N,,,,,,,,,,Y,2,0,2,3,A,-,12,21453,A,N,D,C,A,A,H,-,A,A,0,,,,,Y,,A,81,2,0,0,0,0,0,0,0,0,"- ","- ",39.759490966796875,-121.62390899658203,BUTTE,PARADISE,-121.62393188476562,39.759506225585938
9533826,2023,2023-02-23,0402,2023-01-04,1041,1240,,3,5,5,0402,0,0,0,,0,004,"FOREST AV","SPRINGFIELD DR",0.00,,Y,C,-,N,,,,,,,,,,Y,2,0,2,2,A,-,09,21801,A,N,D,C,A,B,H,-,A,A,0,,,,,Y,,A,07,1,1,0,0,0,0,0,0,0,"- ","- ",,,BUTTE,CHICO,-121.80207061767578,39.734809875488281
9567972,2023,2023-06-21,0403,2023-05-11,1838,P221,G,4,5,2,0403,0,0,0,,0,,"BAYBERRY WY","RANDOLPH AV",0.00,,Y,A,-,N,,,,,,,,,,N,2,0,2,1,A,-,08,22107,,N,H,A,A,A,H,-,A,D,0,,,Y,,Y,,C,06,2,0,0,0,0,0,0,0,2,"- ","- ",39.357940673828125,-121.71009063720703,BUTTE,GRIDLEY,-121.71015930175781,39.35791015625
9580432,2023,2023-06-05,0404,2023-04-14,"603 ",650,E,5,5,3,0404,0,0,0,,0,00E,"FOOTHILL BL","HILLDALE AV",245.00,S,N,A,-,N,,,,,,,,,,Y,2,0,1,2,A,-,03,22350,,N,C,C,A,A,H,-,D,A,0,,,Y,,Y,,C,02,1,0,0,0,0,0,0,0,1,"- ","- ",39.500389099121094,-121.53102111816406,BUTTE,OROVILLE,-121.53075408935547,39.499771118164062
9624125,2023,2025-06-26,0404,2023-08-24,1957,740,SS,4,5,3,0404,0,0,0,,0,0SS,"FALLBROOK AV","GREENVILLE ST",0.00,,Y,A,-,N,,,,,,,,,,Y,1,1,0,2,A,-,12,22450,A,N,D,C,A,A,H,-,A,D,0,,,Y,,Y,,C,02,0,0,0,0,0,0,0,1,0,"- ","- ",39.494979858398438,-121.54347229003906,BUTTE,OROVILLE,-121.54346466064453,39.494815826416016