CASE_ID,ACCIDENT_YEAR,PROC_DATE,JURIS,COLLISION_DATE,COLLISION_TIME,OFFICER_ID,REPORTING_DISTRICT,DAY_OF_WEEK,CHP_SHIFT,POPULATION,CNTY_CITY_LOC,SPECIAL_COND,BEAT_TYPE,CHP_BEAT_TYPE,CITY_DIVISION_LAPD,CHP_BEAT_CLASS,BEAT_NUMBER,PRIMARY_RD,SECONDARY_RD,DISTANCE,DIRECTION,INTERSECTION,WEATHER_1,WEATHER_2,STATE_HWY_IND,CALTRANS_COUNTY,CALTRANS_DISTRICT,STATE_ROUTE,ROUTE_SUFFIX,POSTMILE_PREFIX,POSTMILE,LOCATION_TYPE,RAMP_INTERSECTION,SIDE_OF_HWY,TOW_AWAY,COLLISION_SEVERITY,NUMBER_KILLED,NUMBER_INJURED,PARTY_COUNT,PRIMARY_COLL_FACTOR,PCF_CODE_OF_VIOL,PCF_VIOL_CATEGORY,PCF_VIOLATION,PCF_VIOL_SUBSECTION,HIT_AND_RUN,TYPE_OF_COLLISION,MVIW,PED_ACTION,ROAD_SURFACE,ROAD_COND_1,ROAD_COND_2,LIGHTING,CONTROL_DEVICE,CHP_ROAD_TYPE,PEDESTRIAN_ACCIDENT,BICYCLE_ACCIDENT,MOTORCYCLE_ACCIDENT,TRUCK_ACCIDENT,NOT_PRIVATE_PROPERTY,ALCOHOL_INVOLVED,STWD_VEHTYPE_AT_FAULT,CHP_VEHTYPE_AT_FAULT,COUNT_SEVERE_INJ,COUNT_VISIBLE_INJ,COUNT_COMPLAINT_PAIN,COUNT_PED_KILLED,COUNT_PED_INJURED,COUNT_BICYCLIST_KILLED,COUNT_BICYCLIST_INJURED,COUNT_MC_KILLED,COUNT_MC_INJURED,PRIMARY_RAMP,SECONDARY_RAMP,LATITUDE,LONGITUDE,COUNTY,CITY,POINT_X,POINT_Y
9640819,2023,2025-06-28,0404,2023-12-29,2337,744,W,5,5,3,0404,0,0,0,,0,00W,"FEATHER RIVER BL","CAL OAK RD",0.00,,Y,C,-,N,,,,,,,,,,N,1,1,0,2,A,-,03,22350,,N,G,B,E,B,H,-,C,A,0,Y,,,,Y,,-,,0,0,0,1,0,0,0,0,0,"- ","- ",39.490921020507812,-121.57463073730469,BUTTE,OROVILLE,-121.57273864746094,39.492729187011719
9646840,2023,2024-01-17,0404,2023-10-17,2024,699,W,2,5,3,0404,0,0,0,,0,00W,"OROVILLE DAM BL E","MYERS ST",0.00,,Y,A,-,N,,,,,,,,,,N,2,0,1,2,A,-,00,21954,,N,G,B,D,A,H,-,C,D,0,Y,,,,Y,,N,60,1,0,0,0,1,0,0,0,0,"- ","- ",39.504600524902344,-121.55113983154297,BUTTE,OROVILLE,-121.54955291748047,39.504779815673828
9660498,2024,2024-03-09,0404,2024-01-29,"800 ",748,E,1,5,3,0404,0,0,0,,0,00E,"ORANGE AV","BOYNTON AV",0.00,,Y,A,-,N,,,,,,,,,,Y,2,0,1,2,A,-,05,21460,,N,B,C,A,A,H,-,A,D,0,,,Y,,Y,,C,02,1,0,0,0,0,0,0,0,1,"- ","- ",39.516891479492188,-121.54061889648438,BUTTE,OROVILLE,-121.54058837890625,39.516895294189453
9670812,2023,2024-07-10,0404,2023-11-26,1702,722,E,7,5,3,0404,0,0,0,,0,00E,"LINCOLN BL","OROVILLE DAM BL",0.00,,Y,A,-,N,,,,,,,,,,N,1,1,0,2,A,-,09,21801,,N,H,C,A,A,H,-,B,D,0,,,,,Y,,A,01,0,0,0,0,0,0,0,0,0,"- ","- ",39.503868103027344,-121.55223846435547,BUTTE,OROVILLE,-121.55224609375,39.503879547119141
9676129,2023,2024-03-06,0404,2023-11-12,"21  ",699,W,7,5,3,0404,0,0,0,,0,00W,"OROVILLE DAM BL EAST","VEATCH ST",0.00,,Y,A,-,N,,,,,,,,,,N,2,0,2,2,D,-,00,,,N,H,-,F,A,H,-,D,A,0,Y,Y,,,Y,,-,"- ",1,1,0,0,1,0,1,0,0,"- ","- ",39.502391815185547,-121.55653381347656,BUTTE,OROVILLE,-121.56031036376953,39.501388549804688
9728372,2024,2024-09-18,0403,2024-08-02,2119,P29,,5,5,2,0403,0,0,0,,0,,"SYCAMORE ST","VERMONT ST",26.00,E,N,A,-,N,,,,,,,,,,N,2,0,1,2,A,-,10,21954,B,N,G,B,D,A,H,-,C,A,0,Y,,,,Y,,A,01,1,0,0,0,1,0,0,0,0,"- ","- ",39.363380432128906,-121.69846343994141,BUTTE,GRIDLEY,-121.69859313964844,39.363117218017578
9753452,2024,2024-12-26,0403,2024-11-28,2212,P225,G,4,5,2,0403,0,0,0,,0,,"RT 99","CHERRY ST",241.00,S,N,A,-,Y,BUT,3,99,-,R,3.920,H,-,S,N,2,0,1,2,A,-,11,21950,B,N,G,B,D,A,H,-,C,D,0,Y,,,,Y,,N,60,1,0,0,0,1,0,0,0,0,"- ","- ",39.359889984130859,-121.68840789794922,BUTTE,GRIDLEY,-121.68796539306641,39.360267639160156
9817490,2025,2025-06-11,0404,2025-03-20,2116,761,W,4,5,3,0404,0,0,0,,0,00W,"GEORGIA PACIFIC WY","7TH AV",0.00,,Y,A,-,N,,,,,,,,,,N,2,0,1,1,A,-,12,22450,,N,E,I,A,A,H,-,D,D,0,,,,,Y,,A,01,1,0,0,0,0,0,0,0,0,"- ","- ",39.477809906005859,-121.56903076171875,BUTTE,OROVILLE,-121.57241821289062,39.477394104003906
9828101,2025,2025-07-15,0403,2025-06-11,"247 ",P74,G,3,5,2,0403,0,0,0,,0,,"INDIANA ST","OAK ST",32.00,N,N,A,-,N,,,,,,,,,,Y,2,0,1,2,A,-,08,22107,,N,A,E,A,A,H,-,C,D,0,,,,,Y,,A,08,1,0,0,0,0,0,0,0,0,"- ","- ",39.3662109375,-121.70069122314453,BUTTE,GRIDLEY,-121.70102691650391,39.366073608398438
9832541,2025,2025-07-17,0403,2025-06-26,"601 ",P24,,4,5,2,0403,0,0,0,,0,,"VERMONT ST","ASH ST",0.00,,Y,A,-,N,,,,,,,,,,Y,2,0,1,2,A,-,08,22107,,N,D,C,A,A,H,-,B,D,0,,,Y,,Y,,A,01,1,0,0,0,0,0,0,0,1,"- ","- ",,,BUTTE,GRIDLEY,-121.69731140136719,39.3582763671875
5912143,2014,2015-12-21,9240,2014-01-13,0005,14788,,1,3,9,0400,0,3,5,,2,010,"PACIFIC HEIGHTS RD","OPHIR RD",1054.00,N,N,A,-,N,,,,,,,,,,Y,1,1,0,1,A,-,08,22107,,N,E,I,A,A,H,-,D,D,0,,,Y,,Y,Y,C,02,0,0,0,0,0,0,0,1,0,"- ","- ",39.467010000000002,-121.57729,BUTTE,UNINCORPORATED,-121.58227595,39.463845300000003
5912171,2014,2014-04-03,9240,2014-01-08,1500,13276,,3,2,9,0400,0,1,3,,2,034,"RT 149","RT 99",15.00,N,N,B,-,Y,BUT,3,149,-,M,4.620,H,-,N,Y,1,1,1,2,A,-,07,21658,A,N,B,C,A,A,H,-,A,D,0,,,,,Y,,A,01,0,1,0,0,0,0,0,0,0,TR,TO,39.619390000000003,-121.69079000000001,BUTTE,UNINCORPORATED,-121.68995511,39.620013589999999
6290626,2014,2014-11-25,9240,2014-05-19,1820,14788,,1,2,9,0400,0,1,3,,1,011,"RT 70","OPHIR RD",793.00,N,N,B,-,Y,BUT,3,70,-,-,11.700,H,-,W,Y,1,2,1,2,A,-,05,21651,B,N,A,C,A,A,H,-,A,D,0,,,,,Y,Y,A,01,1,0,0,0,0,0,0,0,0,"- ","- ",39.46698,-121.57662000000001,BUTTE,UNINCORPORATED,-121.57741921,39.465685970000003
6292190,2015,2015-05-21,9241,2015-03-28,2202,17319,,6,3,9,0400,0,2,4,,1,082,MIDWAY,"MCFADDEN LN",318.00,S,N,A,-,N,,,,,,,,,,Y,1,1,0,1,A,-,01,23152,A,N,E,I,A,A,H,-,D,D,0,,,,,Y,Y,A,01,0,0,0,0,0,0,0,0,0,"- ","- ",39.694299999999998,-121.7992,BUTTE,UNINCORPORATED,-121.79960584,39.695016590000002
6292341,2015,2015-07-09,0404,2015-01-30,0754,585,,5,5,3,0404,0,0,0,,0,0CO,"RT 162","14TH ST",0.00,,Y,A,-,Y,BUT,3,162,-,-,14.720,I,5,W,N,1,1,0,2,A,-,11,21954,A,N,G,B,D,A,H,-,A,D,0,Y,,,,Y,,N,60,0,0,0,1,0,0,0,0,0,"- ","- ",39.498359999999998,-121.59622,BUTTE,OROVILLE,-121.59611092,39.498045429999998
6292896,2017,2017-09-26,0402,2017-07-21,1708,P03365,,5,5,5,0402,0,0,0,,0,005,"COHASSET RD","THORNTREE DR",22.00,N,N,A,-,N,,,,,,,,,,Y,1,1,0,2,A,-,08,22107,,N,D,G,A,A,H,-,A,D,0,,Y,,,Y,,L,04,0,0,0,0,0,1,0,0,0,"- ","- ",,,BUTTE,CHICO,-121.8439016,39.7831604
6345061,2014,2014-06-04,0402,2014-01-20,0750,37,0402,1,5,5,0402,0,0,0,,0,003,"PARK AV","18TH ST",11.00,N,N,A,-,N,,,,,,,,,,N,2,0,1,2,A,-,03,22350,,N,G,B,B,A,H,-,A,D,0,Y,,,,Y,,-,,1,0,0,0,1,0,0,0,0,"- ","- ",,,BUTTE,CHICO,-121.82529202000001,39.720427350000001
6359044,2014,2015-11-14,9241,2014-01-31,2015,019060,,5,2,9,0400,0,1,3,,2,091,"RT 99","COTTONWOOD RD",1450.00,N,N,A,-,Y,BUT,3,99,-,-,15.710,H,-,S,Y,2,0,2,2,A,-,06,21751,,F,E,I,A,A,H,-,D,D,0,,,,,Y,,D,22,2,0,0,0,0,0,0,0,0,"- ","- ",39.556170000000002,-121.68867,BUTTE,UNINCORPORATED,-121.68876603,39.53095605
6398107,2014,2014-06-25,9241,2014-02-21,1815,016932,,5,2,9,0400,0,3,5,,2,007,"HUPP COUTOLENC RD","COUTOLENC RD",300.00,W,N,A,-,N,,,,,,,,,,Y,2,0,2,1,A,-,01,23152,A,N,E,I,A,A,H,-,D,D,0,,,,,Y,Y,A,07,1,1,0,0,0,0,0,0,0,"- ","- ",39.875030000000002,-121.57983,BUTTE,UNINCORPORATED,-121.57990354,39.875054249999998
6401817,2014,2014-06-23,9241,2014-02-26,1653,016932,,3,2,9,0400,0,2,4,,2,070,SKYWAY,"SOUTH PARK DR",1083.00,S,N,C,-,N,,,,,,,,,,Y,2,0,2,2,A,-,01,23152,A,N,A,C,A,B,H,-,A,D,0,,,,,Y,Y,A,07,1,1,0,0,0,0,0,0,0,"- ","- ",39.812530000000002,-121.5894,BUTTE,UNINCORPORATED,-121.58951363,39.812551399999997
6409053,2014,2014-06-25,9240,2014-03-13,1155,018710,,4,1,9,0400,0,3,5,,2,010,"LINCOLN BL","VIRGINIA AV",66.00,S,N,A,-,N,,,,,,,,,,N,2,0,1,2,A,-,10,21950,A,F,G,B,C,A,H,-,A,A,0,Y,,,,Y,Y,-,99,1,0,0,0,1,0,0,0,0,"- ","- ",39.481699999999996,-121.55088000000001,BUTTE,UNINCORPORATED,-121.55028498999999,39.481771170000002
6413523,2014,2015-03-10,0405,2014-03-04,1422,HAS02,2N,2,5,4,0405,0,0,0,,0,00N,"WAGSTAFF RD","PARKWOOD WY",50.00,E,N,B,-,N,,,,,,,,,,Y,1,1,2,2,A,-,03,22350,,N,A,C,A,A,H,-,A,D,0,,,,,Y,,-,,0,0,2,0,0,0,0,0,0,"- ","- ",,,BUTTE,PARADISE,-121.59279207,39.777720000000002
6413638,2014,2014-06-23,0405,2014-02-16,0059,BER01,10S,7,5,4,0405,0,0,0,,0,00S,SKYWAY,PRINCETON,825.00,S,N,A,-,N,,,,,,,,,,N,2,0,1,1,A,-,01,23152,,N,A,I,A,A,H,-,D,D,0,,,,,Y,Y,A,01,1,0,0,0,0,0,0,0,0,"- ","- ",39.748309999999996,-121.63648000000001,BUTTE,PARADISE,-121.64100578,39.745975029999997
6421183,2014,2016-02-24,9241,2014-03-15,1700,019043,,6,2,9,0400,0,1,3,,1,060,"RT 32","TEHAMA COUNTY LINE",7.00,S,N,A,-,Y,TEH,2,32,-,-,0.100,H,-,E,Y,2,0,1,1,A,-,03,22350,,N,F,A,A,A,H,-,A,D,0,,,Y,,Y,,C,02,1,0,0,0,0,0,0,0,1,"- ","- ",40.048180000000002,-121.61336,BUTTE,UNINCORPORATED,-121.99211499,39.752469689999998
6426689,2014,2014-06-26,0402,2014-03-03,0921,1240,,1,5,5,0402,0,0,0,,0,004,SKYWAY,"ZANELLA WY",0.00,,Y,B,C,N,,,,,,,,,,Y,2,0,2,2,A,-,09,21802,A,N,D,C,A,B,H,-,A,A,0,,,,,Y,,-,,2,0,0,0,0,0,0,0,0,"- ","- ",,,BUTTE,CHICO,-121.79212991,39.714939950000002
6429585,2014,2014-06-26,0402,2014-03-24,1214,1240,,1,5,5,0402,0,0,0,,0,006,"MANGROVE AV","VALLOMBROSA AV",538.00,N,N,A,-,N,,,,,,,,,,N,2,0,1,2,A,-,09,21804,A,N,H,A,A,A,H,-,A,A,0,,,,,Y,,-,,1,0,0,0,0,0,0,0,0,"- ","- ",,,BUTTE,CHICO,-121.83567324000001,39.735464329999999
6445951,2014,2014-07-09,0402,2014-03-29,1540,408523,,6,5,5,0402,0,0,0,,0,001,"WARNER ST","W SACRAMENTO AV",0.00,,Y,B,-,N,,,,,,,,,,N,2,0,1,2,B,-,22,,,N,G,B,F,B,B,-,A,A,0,Y,,,,Y,,-,,1,0,0,0,1,0,0,0,0,"- ","- ",,,BUTTE,CHICO,-121.85196992,39.733769959999997
6448966,2014,2014-07-11,9240,2014-03-29,0445,18833,,6,3,9,0400,0,3,5,,2,010,"ALICE AV","OLD HONCUT RD",450.00,W,N,C,-,N,,,,,,,,,,Y,2,0,2,1,A,-,08,22107,,F,E,I,A,B,H,-,D,D,0,,,,,Y,,A,08,1,1,0,0,0,0,0,0,0,"- ","- ",39.420070000000003,-121.54128,BUTTE,UNINCORPORATED,-121.54128288,39.420107790000003
6456674,2014,2015-09-23,9240,2014-04-19,1345,13161,,6,1,9,0400,0,3,5,,2,040,"ORO QUINCY HWY","FOREST SERVICE ROAD 23N15",3168.00,N,N,A,-,N,,,,,,,,,,Y,2,0,1,1,A,-,03,22350,,N,F,A,A,A,H,-,A,D,0,,,Y,,Y,,C,02,1,0,0,0,0,0,0,0,1,"- ","- ",39.77393,-121.30656,BUTTE,UNINCORPORATED,,
6459003,2014,2014-07-09,0404,2014-03-13,2000,555,E,4,5,3,0404,0,0,0,,0,00E,"LINCOLN BL","ORO DAM BL",320.00,S,N,A,-,N,,,,,,,,,,N,2,0,1,2,A,-,11,21954,A,N,G,B,D,A,H,-,C,D,0,Y,,,,Y,,N,60,1,0,0,0,1,0,0,0,0,"- ","- ",39.502940000000002,-121.55181,BUTTE,OROVILLE,-121.55192703,39.503028690000001
6486162,2014,2014-08-02,0402,2014-05-12,1743,38,0402,1,5,5,0402,0,0,0,,0,005,"MANZANITA AV","CEANOTHUS AV",0.00,,Y,A,-,N,,,,,,,,,,Y,2,0,3,3,A,-,03,22350,,N,B,C,A,A,H,-,A,D,0,,,,,Y,,A,01,1,1,1,0,0,0,0,0,0,"- ","- ",,,BUTTE,CHICO,-121.81961985,39.755759990000001
6487653,2014,2014-08-06,0402,2014-05-11,2142,104,,7,5,5,0402,0,0,0,,0,005,"COHASSET RD","COHASSET 2443",0.00,,Y,A,-,N,,,,,,,,,,Y,2,0,1,2,A,-,03,22350,,N,D,C,A,A,H,-,C,D,0,,,,Y,Y,,F,21,1,0,0,0,0,0,0,0,0,"- ","- ",,,BUTTE,CHICO,-121.84344292,39.759166639999997
6491980,2014,2014-07-29,9240,2014-05-18,1240,13161,,7,1,9,0400,0,3,5,,2,030,"ORO DAM BL","CANYON DR",3168.00,W,N,A,-,N,,,,,,,,,,Y,2,0,1,1,A,-,03,22350,,N,E,I,A,A,H,-,A,D,0,,,,,Y,,A,01,1,0,0,0,0,0,0,0,0,"- ","- ",39.5291,-121.49001,BUTTE,UNINCORPORATED,-121.48364067,39.529996140000002
6497274,2014,2014-07-29,9241,2014-05-17,1510,017562,,6,2,9,0400,0,2,4,,2,090,SKYWAY,"OAKRIDGE DR",930.00,E,N,A,-,N,,,,,,,,,,Y,2,0,3,2,A,-,08,22107,,N,C,C,A,A,H,-,A,D,0,,,,,Y,,A,07,1,1,1,0,0,0,0,0,0,"- ","- ",39.704720000000002,-121.73966,BUTTE,UNINCORPORATED,-121.73972873,39.704679089999999
6497278,2014,2014-07-29,9241,2014-05-25,0635,016630,,7,1,9,0400,0,2,4,,1,082,MIDWAY,"NELSON SHIPPEE RD",346.00,N,N,A,-,N,,,,,,,,,,Y,2,0,1,1,A,-,01,23152,E,N,E,I,A,A,H,-,A,D,0,,,,,Y,,A,07,1,0,0,0,0,0,0,0,0,"- ","- ",39.537399999999998,-121.75935,BUTTE,UNINCORPORATED,-121.75980152,39.538259840000002
6498865,2014,2014-07-29,9240,2014-05-06,1115,015532,,2,1,9,0400,0,3,5,,2,040,"ORO QUINCY HWY","FOREST SERVICE RD",350.00,W,N,B,-,N,,,,,,,,,,Y,2,0,1,1,A,-,03,22350,,N,F,A,A,A,H,-,A,A,0,,,,Y,Y,,F,27,1,0,0,0,0,0,0,0,0,"- ","- ",39.765239999999999,-121.30694,BUTTE,UNINCORPORATED,,
6505306,2014,2014-08-06,0402,2014-05-28,1914,"70 3820",,3,5,5,0402,0,0,0,,0,006,"VALLOMBROSA AV","BUTTONWILLOW LN",0.00,,Y,A,-,N,,,,,,,,,,N,2,0,1,2,A,-,07,21658,A,N,D,G,A,A,H,-,A,D,0,,Y,,,Y,Y,L,04,1,0,0,0,0,0,1,0,0,"- ","- ",,,BUTTE,CHICO,-121.8321799,39.735509960000002
6536992,2014,2014-08-19,9241,2014-06-06,2345,17319,,5,3,9,0400,0,2,4,,1,082,MIDWAY,"JONES AV",200.00,S,N,A,-,N,,,,,,,,,,Y,2,0,1,1,A,-,01,23152,A,N,E,I,A,A,H,-,D,D,0,,,,,Y,Y,A,01,1,0,0,0,0,0,0,0,0,"- ","- ",39.676540000000003,-121.79643,BUTTE,UNINCORPORATED,-121.79627164999999,39.67660059
6543225,2014,2016-05-13,9240,2014-07-01,0045,018967,,2,3,9,0400,0,1,3,,1,021,"RT 99","RIO BONITO RD",0.00,,Y,A,-,Y,BUT,3,99,-,-,8.390,I,5,N,Y,2,0,4,2,A,-,12,22450,A,N,D,C,A,A,H,-,D,A,0,,,,Y,Y,,A,01,1,1,2,0,0,0,0,0,0,"- ","- ",39.425190000000001,-121.68810999999999,BUTTE,UNINCORPORATED,-121.68813131,39.425171130000003
6545547,2014,2014-08-13,9241,2014-06-28,1330,017562,,6,1,9,0400,0,3,5,,2,007,SKYWAY,"HUMBUG RD",39600.00,S,N,A,-,N,,,,,,,,,,N,2,0,1,1,A,-,03,22350,,N,F,A,A,A,B,-,A,D,0,,,Y,,Y,,C,02,1,0,0,0,0,0,0,0,1,"- ","- ",39.942279999999997,-121.53895,BUTTE,UNINCORPORATED,-121.59737842,39.785478169999998
6546615,2014,2016-05-07,9240,2014-07-04,2210,018389,,5,3,3,0404,0,1,3,,2,041,"RT 162","ARBOL AV",0.00,,Y,A,-,Y,BUT,3,162,-,-,19.281,I,5,E,Y,2,0,5,2,A,-,01,23152,A,N,D,C,A,A,H,-,C,A,0,,,,,Y,Y,A,01,1,3,1,0,0,0,0,0,0,"- ","- ",39.505470000000003,-121.51736,BUTTE,OROVILLE,-121.51743003,39.505482350000001
6562821,2014,2014-08-12,0405,2014-06-30,1547,LAR03,3N,1,5,4,0405,0,0,0,,0,00N,"BILLE RD","ERICKA DR",122.00,W,N,A,-,N,,,,,,,,,,Y,2,0,2,2,A,-,09,21804,,N,D,C,A,A,H,-,A,D,0,,,,,Y,,A,01,1,0,1,0,0,0,0,0,0,"- ","- ",,,BUTTE,PARADISE,-121.58212066,39.769279619999999
6591112,2014,2014-09-03,9241,2014-08-08,1920,012300,,5,2,9,0400,0,3,5,,2,007,SKYWAY,"LAKERIDGE CIR",0.00,,Y,A,-,N,,,,,,,,,,Y,2,0,1,2,A,-,12,21453,A,N,A,C,A,A,H,-,A,A,0,,,,,Y,,A,01,1,0,0,0,0,0,0,0,0,"- ","- ",39.814320000000002,-121.59184999999999,BUTTE,UNINCORPORATED,-121.59240988000001,39.818399919999997
6601530,2014,2014-09-10,0405,2014-08-09,0644,FEA01,2N,6,5,4,0405,0,0,0,,0,00N,SKYWAY,"ARLENE WY",293.00,,N,A,-,N,,,,,,,,,,Y,2,0,2,1,A,-,01,23152,E,N,E,I,A,A,H,-,B,D,0,,,,,Y,,A,01,1,1,0,0,0,0,0,0,0,"- ","- ",,,BUTTE,PARADISE,-121.60314996,39.780889909999999
6606094,2014,2014-09-22,9240,2014-05-09,1717,18980,,5,2,9,0400,0,1,3,,1,021,"RT 99","RIO BONITO RD",1056.00,N,N,A,-,Y,BUT,3,99,-,-,8.620,H,-,S,Y,1,1,2,3,A,-,03,22350,,N,A,C,A,A,H,-,A,D,0,,,,,Y,,E,22,0,2,0,0,0,0,0,0,0,"- ","- ",39.513919999999999,-121.53557000000001,BUTTE,UNINCORPORATED,-121.68816941,39.428474950000002
6617476,2014,2016-03-25,9240,2014-08-16,2500,018389,,6,4,9,0400,0,3,5,,2,010,"ALICE AV","MELVINA AV",362.00,E,N,A,-,N,,,,,,,,,,N,2,0,1,1,A,-,01,21221,5,N,F,A,A,-,H,-,E,D,0,,,,,Y,,M,94,1,0,0,0,0,0,0,0,0,"- ","- ",39.420099999999998,-121.54537999999999,BUTTE,UNINCORPORATED,-121.54556861,39.420047930000003
6619511,2014,2016-05-12,9241,2014-09-02,1055,016630,,2,1,9,0400,0,1,3,,2,091,"RT 99","NELSON SHIPPEE RD",1056.00,N,N,A,-,Y,BUT,3,99,-,-,16.390,H,-,N,Y,2,0,3,2,A,-,08,22107,,N,B,C,A,A,H,-,A,A,0,,,,,Y,,B,07,1,0,2,0,0,0,0,0,0,"- ","- ",39.540280000000003,-121.60001,BUTTE,UNINCORPORATED,-121.68873917000001,39.540759110000003
6645878,2014,2016-05-07,9240,2014-09-26,2010,018833,,5,2,9,0400,0,1,3,,2,041,"RT 162","FORBESTOWN RD",0.00,,Y,B,-,Y,BUT,3,162,-,-,24.194,I,5,E,Y,2,0,4,2,A,-,01,23152,A,N,D,C,A,A,H,-,D,A,0,,,,,Y,Y,A,01,1,1,2,0,0,0,0,0,0,"- ","- ",39.514850000000003,-121.444,BUTTE,UNINCORPORATED,-121.44400061,39.514831839999999
6669540,2014,2015-01-02,9241,2014-10-23,0225,017170,,4,3,9,0400,0,2,4,,2,090,SKYWAY,"HONEY RUN RD",528.00,E,N,B,-,N,,,,,,,,,,N,2,0,1,2,A,-,14,21201,D,N,B,G,A,A,H,-,D,D,0,,Y,,,Y,,L,04,1,0,0,0,0,0,1,0,0,"- ","- ",39.708359999999999,-121.77265,BUTTE,UNINCORPORATED,-121.77379292000001,39.710153589999997
6669945,2014,2014-12-19,9240,2014-10-24,2256,018980,,5,3,9,0400,0,3,5,,2,010,"UPPER PALERMO RD","PINECREST RD",488.00,S,N,A,-,N,,,,,,,,,,Y,2,0,2,1,A,-,01,23152,E,N,E,I,A,A,H,-,D,D,0,,,,,Y,,A,07,1,1,0,0,0,0,0,0,0,"- ","- ",39.457900000000002,-121.53212000000001,BUTTE,UNINCORPORATED,-121.53214052,39.457809859999998
6670390,2014,2016-07-05,9241,2014-10-16,1740,19043,,4,2,5,0402,0,1,3,,2,100,"RT 99","COHASSET RD",1568.00,S,N,B,-,Y,BUT,3,99,-,R,33.950,H,-,N,Y,2,0,1,1,A,-,08,22107,,N,E,I,A,A,H,-,A,D,5,,,,,Y,,A,01,1,0,0,0,0,0,0,0,0,"- ","- ",39.751980000000003,-121.84077000000001,BUTTE,CHICO,-121.84053108000001,39.751752500000002
6703832,2014,2015-01-15,9241,2014-11-08,1000,17170,,6,1,9,0400,0,2,4,,2,063,"COHASSET RD","COHASSET LOOP",60.00,E,N,A,-,N,,,,,,,,,,Y,2,0,1,1,A,-,08,22107,,N,E,I,A,A,H,-,A,D,0,,,,,Y,,D,22,1,0,0,0,0,0,0,0,0,"- ","- ",39.942979999999999,-121.72409,BUTTE,UNINCORPORATED,-121.72402,39.94294
6707586,2014,2015-01-09,0403,2014-11-09,2252,P204,3,7,5,2,0403,0,0,0,,0,003,"W BIGGS GRIDLEY RD","SYCAMORE ST",0.00,,Y,A,-,N,,,,,,,,,,Y,2,0,1,1,A,-,03,22350,,N,E,J,A,A,H,-,C,A,0,,,Y,,Y,,C,02,1,0,0,0,0,0,0,0,1,"- ","- ",,,BUTTE,GRIDLEY,-121.70667996,39.363019989999998
6718391,2015,2015-03-18,0402,2015-01-16,2141,52,0402,5,5,5,0402,0,0,0,,0,002,"WALNUT ST","WEST 5TH ST",0.00,,Y,B,-,Y,BUT,3,32,-,R,8.621,I,5,E,N,1,1,0,2,A,-,11,21456,B,N,G,B,B,A,H,-,C,A,0,Y,,,,Y,,N,60,0,0,0,1,0,0,0,0,0,"- ","- ",,,BUTTE,CHICO,-121.84729537,39.722043149999998
6718655,2017,2019-04-08,0402,2017-12-23,1823,P01958,,6,5,5,0402,0,0,0,,0,004,SKYWAY,"FOREST AV",23.00,W,N,A,-,N,,,,,,,,,,Y,1,1,1,2,A,-,09,21802,,N,D,C,A,A,H,-,C,A,0,,,,,Y,Y,A,01,1,0,0,0,0,0,0,0,0,"- ","- ",39.4255,-121.47329999999999,BUTTE,CHICO,-121.79221164,39.714943599999998
6749400,2014,2016-07-05,0402,2014-12-11,1937,0301,SCCBC,4,5,5,0402,0,0,0,,0,002,"8TH ST",BROADWAY,0.00,,Y,B,C,Y,BUT,3,32,-,R,9.503,I,5,W,N,2,0,2,3,A,-,10,21950,A,N,G,B,B,B,H,-,C,A,0,Y,,,,Y,,A,07,2,0,0,0,2,0,0,0,0,"- ","- ",,,BUTTE,CHICO,-121.83663636999999,39.725613150000001
6764372,2014,2015-02-04,9240,2014-12-22,1118,018046,,1,1,9,0400,0,3,5,,2,010,"LOWER WYANDOTTE RD","OPHIR RD",1584.00,N,N,A,-,N,,,,,,,,,,Y,2,0,1,2,A,-,01,23152,A,N,A,C,A,A,H,-,A,D,0,,,,,Y,Y,D,22,1,0,0,0,0,0,0,0,0,"- ","- ",39.470820000000003,-121.52945,BUTTE,UNINCORPORATED,-121.52097243999999,39.465454979999997
6793029,2015,2015-02-19,9241,2015-01-14,2136,019060,,3,2,9,0400,0,2,4,,2,070,SKYWAY,"HOLLYWOOD RD",230.00,S,N,A,-,N,,,,,,,,,,Y,2,0,1,1,A,-,08,22107,,N,E,I,A,A,H,-,D,D,0,,,,,Y,,A,07,1,0,0,0,0,0,0,0,0,"- ","- ",,,BUTTE,UNINCORPORATED,-121.59771608,39.83705879
6799211,2015,2015-02-26,0402,2015-01-22,1346,1240,,4,5,5,0402,0,0,0,,0,006,ESPLANADE,"MISSION RANCH BL",0.00,,Y,A,-,N,,,,,,,,,,N,2,0,1,2,A,-,09,21804,A,N,D,G,A,A,H,-,A,A,0,,Y,,,Y,,-,,1,0,0,0,0,0,1,0,0,"- ","- ",,,BUTTE,CHICO,-121.85857987999999,39.753959889999997
6804374,2015,2016-09-06,9241,2015-01-23,0835,017114,,5,1,9,0400,0,1,3,,2,081,"RT 99","NEAL RD",467.00,N,N,E,-,Y,BUT,3,99,-,-,26.130,H,-,S,Y,2,0,1,2,A,-,03,22350,,N,C,C,A,A,H,-,A,A,0,,,Y,Y,Y,,C,02,1,0,0,0,0,0,0,0,1,"- ","- ",39.666910000000001,-121.74539,BUTTE,UNINCORPORATED,-121.74500422,39.66650388
6833787,2015,2016-09-06,9241,2015-02-18,0055,016831,,3,3,9,0400,0,1,3,,2,081,"RT 99","ESTATES DR",5280.00,S,N,A,-,Y,BUT,3,99,-,-,27.360,H,-,S,Y,2,0,1,1,A,-,08,22107,,N,F,A,A,A,H,-,D,D,0,,,,,Y,,A,07,1,0,0,0,0,0,0,0,0,"- ","- ",39.679029999999997,-121.76127,BUTTE,UNINCORPORATED,-121.76127897000001,39.6790868