CASE_ID,ACCIDENT_YEAR,PROC_DATE,JURIS,COLLISION_DATE,COLLISION_TIME,OFFICER_ID,REPORTING_DISTRICT,DAY_OF_WEEK,CHP_SHIFT,POPULATION,CNTY_CITY_LOC,SPECIAL_COND,BEAT_TYPE,CHP_BEAT_TYPE,CITY_DIVISION_LAPD,CHP_BEAT_CLASS,BEAT_NUMBER,PRIMARY_RD,SECONDARY_RD,DISTANCE,DIRECTION,INTERSECTION,WEATHER_1,WEATHER_2,STATE_HWY_IND,CALTRANS_COUNTY,CALTRANS_DISTRICT,STATE_ROUTE,ROUTE_SUFFIX,POSTMILE_PREFIX,POSTMILE,LOCATION_TYPE,RAMP_INTERSECTION,SIDE_OF_HWY,TOW_AWAY,COLLISION_SEVERITY,NUMBER_KILLED,NUMBER_INJURED,PARTY_COUNT,PRIMARY_COLL_FACTOR,PCF_CODE_OF_VIOL,PCF_VIOL_CATEGORY,PCF_VIOLATION,PCF_VIOL_SUBSECTION,HIT_AND_RUN,TYPE_OF_COLLISION,MVIW,PED_ACTION,ROAD_SURFACE,ROAD_COND_1,ROAD_COND_2,LIGHTING,CONTROL_DEVICE,CHP_ROAD_TYPE,PEDESTRIAN_ACCIDENT,BICYCLE_ACCIDENT,MOTORCYCLE_ACCIDENT,TRUCK_ACCIDENT,NOT_PRIVATE_PROPERTY,ALCOHOL_INVOLVED,STWD_VEHTYPE_AT_FAULT,CHP_VEHTYPE_AT_FAULT,COUNT_SEVERE_INJ,COUNT_VISIBLE_INJ,COUNT_COMPLAINT_PAIN,COUNT_PED_KILLED,COUNT_PED_INJURED,COUNT_BICYCLIST_KILLED,COUNT_BICYCLIST_INJURED,COUNT_MC_KILLED,COUNT_MC_INJURED,PRIMARY_RAMP,SECONDARY_RAMP,LATITUDE,LONGITUDE,COUNTY,CITY,POINT_X,POINT_Y
8418765,2017,2017-07-31,0402,2017-06-27,2131,P03893,35,2,5,5,0402,0,0,0,,0,005,"COHASSET RD","BURNAP AV",0.00,,Y,A,-,N,,,,,,,,,,N,2,0,2,2,A,-,09,21801,A,N,D,C,A,A,H,-,C,D,0,,,Y,,Y,,A,01,2,0,0,0,0,0,0,0,2,"- ","- ",,,BUTTE,CHICO,-121.84357989,39.76762995
84368619,2024,2024-08-26,0402,2024-07-26,1531,3366,,5,5,5,0402,0,0,0,,0,,"LASSEN AVE","MORSEMAN AVE",242.00,W,N,A,-,N,,,,,,,,,,N,1,1,0,3,A,-,11,21954,A,N,G,B,E,A,H,-,A,D,0,Y,,,,Y,Y,N,60,0,0,0,1,0,0,0,0,0,"- ","- ",39.768878936767578,-121.85254669189453,BUTTE,CHICO,-121.85317993164062,39.768474578857422
84385670,2024,2024-09-09,0402,2024-08-30,1546,3393,,5,5,5,0402,0,0,0,,0,004,"BUSINESS LN","E. 20TH ST",159.00,S,N,A,-,N,,,,,,,,,,N,2,0,1,2,A,-,10,21950,A,N,G,B,E,A,H,-,A,D,0,Y,,,,Y,,A,01,1,0,0,0,1,0,0,0,0,"- ","- ",,,BUTTE,CHICO,-121.80609893798828,39.726833343505859
84403403,2024,2024-09-23,0402,2024-09-11,1513,3379,,3,5,5,0402,0,0,0,,0,,ESPLANADE,"SACRAMENTO AVE",0.00,,Y,A,-,N,,,,,,,,,,N,2,0,1,2,A,-,10,21950,A,N,G,B,B,A,H,-,A,A,0,Y,,,,Y,,A,01,1,0,0,0,1,0,0,0,0,"- ","- ",39.736850738525391,-121.84529876708984,BUTTE,CHICO,-121.84500885009766,39.736728668212891
84446525,2024,2024-10-28,0402,2024-09-04,1428,3366,,3,5,5,0402,0,0,0,,0,,"1705 MANZANITA AVENUE","MANZANITA AVENUE",1162.00,S,N,A,-,N,,,,,,,,,,N,2,0,1,2,B,-,22,,,N,G,B,F,A,H,-,A,D,0,Y,,,,Y,,M,59,1,0,0,0,1,0,0,0,0,"- ","- ",,,BUTTE,CHICO,,
84457858,2024,2024-11-05,0402,2024-11-01,"543 ",33103,,5,5,5,0402,0,0,0,,0,001,"LINDO AVE","LAWNWOOD DR",712.00,W,N,A,-,N,,,,,,,,,,Y,2,0,1,1,A,-,07,21658,A,N,E,I,A,A,H,-,D,D,0,,,,,Y,,A,01,1,0,0,0,0,0,0,0,0,"- ","- ",39.747051239013672,-121.87068176269531,BUTTE,CHICO,-121.87287902832031,39.746196746826172
84459555,2024,2024-11-07,0402,2024-10-29,1141,3379,,2,5,5,0402,0,0,0,,0,001,"NORD AVE","8TH AVE",1540.00,S,N,A,-,Y,BUT,,32," "," ",7.085,H,,R,N,2,0,1,2,A,-,03,22350,,F,C,G,A,A,H,-,A,D,0,,Y,,,Y,,A,01,1,0,0,0,0,0,1,0,0,"- ","- ",39.736049652099609,-121.86965942382812,BUTTE,CHICO,-121.86956024169922,39.736198425292969
84497905,2024,2024-12-13,0402,2024-11-27,2120,3382,,3,5,5,0402,0,0,0,,0,004,"HIGHWAY 32","FOREST AVE",2143.00,E,N,A,-,Y,BUT,,32," "," ",10.660,H,,R,N,2,0,1,2,A,-,11,21954,A,N,G,B,E,A,H,-,D,D,0,Y,,,,Y,,N,60,1,0,0,0,1,0,0,0,0,"- ","- ",39.737850189208984,-121.81226348876953,BUTTE,CHICO,-121.81227874755859,39.737911224365234
84517562,2024,2024-12-27,0402,2024-12-16,1808,3346,,1,5,5,0402,0,0,0,,0,,"11TH AVE",ESPLANADE,65.00,W,N,A,-,N,,,,,,,,,,N,2,0,1,2,A,-,11,21954,A,N,G,B,D,A,H,-,C,D,0,Y,,,,Y,,N,60,1,0,0,0,1,0,0,0,0,"- ","- ",39.748378753662109,-121.85370635986328,BUTTE,CHICO,-121.85333251953125,39.748321533203125
84543524,2024,2025-01-21,0402,2024-12-30,"606 ",3344,,1,5,5,0402,0,0,0,,0,,ESPLANADE,"MENLO WAY",133.00,N,N,A,-,N,,,,,,,,,,N,2,0,1,2,A,-,17,21663,,F,G,B,F,A,H,-,C,D,0,Y,,,,Y,,-,99,1,0,0,0,1,0,0,0,0,"- ","- ",39.752239227294922,-121.85697174072266,BUTTE,CHICO,-121.85720062255859,39.752494812011719
84546816,2025,2025-01-23,0402,2025-01-07,1431,3379,,2,5,5,0402,0,0,0,,0,004,"SADIE LN","ALCOTT AVE",0.00,,Y,A,-,N,,,,,,,,,,Y,2,0,1,1,C,-,18,,,N,E,I,A,A,H,-,A,A,0,,,,,Y,,-,"- ",1,0,0,0,0,0,0,0,0,"- ","- ",,,BUTTE,CHICO,,
84561417,2025,2025-02-04,0402,2025-02-02,"724 ",3369,,7,5,5,0402,0,0,0,,0,002,"CLEVELAND AVE","BOUCHER STREET",0.00,,Y,B,-,N,,,,,,,,,,Y,2,0,2,1,A,-,05,21650,,F,E,I,A,B,H,-,A,D,0,,,,,Y,,A,01,1,1,0,0,0,0,0,0,0,"- ","- ",39.726520538330078,-121.8231201171875,BUTTE,CHICO,-121.82302093505859,39.726520538330078
84569681,2025,2025-02-07,0402,2025-02-03,1852,3346,,1,5,5,0402,0,0,0,,0,,"EAST AVE","WHITE AVE",164.00,E,N,C,-,N,,,,,,,,,,N,2,0,1,2,A,-,11,21950,B,N,D,G,A,B,G,-,C,A,0,,Y,,Y,Y,,L,04,1,0,0,0,0,0,1,0,0,"- ","- ",39.761188507080078,-121.85037994384766,BUTTE,CHICO,-121.84983062744141,39.761081695556641
84590068,2025,2025-02-26,0402,2025-01-15,1742,33S20,,3,5,5,0402,0,0,0,,0,002,"2ND ST","SALEM ST",70.00,W,N,A,-,N,,,,,,,,,,N,2,0,1,1,D,-,00,,,N,H,A,A,A,H,-,C,D,0,,,,,Y,,-,"- ",1,0,0,0,0,0,0,0,0,"- ","- ",39.729141235351562,-121.84264373779297,BUTTE,CHICO,-121.84239959716797,39.728931427001953
8459368,2017,2017-09-29,0402,2017-09-12,0730,P00800,,2,5,5,0402,0,0,0,,0,,"COHASSETT RD","BOEING AV",0.00,,Y,A,-,N,,,,,,,,,,Y,2,0,1,2,A,-,09,21801,A,N,A,C,A,A,H,-,A,D,0,,,,,Y,,D,22,1,0,0,0,0,0,0,0,0,"- ","- ",,,BUTTE,CHICO,-121.84599999,39.797389959999997
84629913,2025,2025-03-28,0402,2025-03-16,"220 ",3366,,7,5,5,0402,0,0,0,,0,004,"FOREST AVE","BRENDA DR",419.00,N,N,B,-,N,,,,,,,,,,Y,2,0,1,1,A,-,01,23152,A,N,E,I,A,A,H,-,C,D,0,,,,,Y,Y,A,01,1,0,0,0,0,0,0,0,0,"- ","- ",39.731819152832031,-121.80122375488281,BUTTE,CHICO,-121.80131530761719,39.732975006103516
84655928,2025,2025-04-21,0402,2025-04-05,1015,3344,,6,5,5,0402,0,0,0,,0,,"COHASSET RD","PILLSBURY RD (S)",463.00,S,N,A,-,N,,,,,,,,,,N,2,0,1,2,-,-,"- ",,,N,B,D,A,A,H,-,A,D,0,,,Y,,Y,,-,"- ",1,0,0,0,0,0,0,0,1,"- ","- ",39.757850646972656,-121.84429168701172,BUTTE,CHICO,-121.84424591064453,39.756595611572266
84660918,2025,2025-04-24,0402,2025-04-05,2303,3366,,6,5,5,0402,0,0,0,,0,,"9TH ST","IVY ST",32.00,E,N,A,-,Y,BUT,,32," ",R,9.131,H,,R,N,2,0,1,1,A,-,03,22350,,N,F,A,A,A,H,-,C,D,0,,,Y,,Y,Y,C,03,1,0,0,0,0,0,0,0,1,"- ","- ",39.721790313720703,-121.84053802490234,BUTTE,CHICO,-121.84055328369141,39.721797943115234
84671144,2025,2025-05-01,0402,2025-04-21,2031,3374,,1,5,5,0402,0,0,0,,0,,"801 EAST AVENUE","EAST PROLONGATION OF THE PARKING LOT",17.00,E,N,A,-,N,,,,,,,,,,Y,2,0,1,2,A,-,09,21804,A,N,B,C,A,A,H,-,C,D,0,,,Y,,Y,,A,01,1,0,0,0,0,0,0,0,1,"- ","- ",39.760761260986328,-121.84593963623047,BUTTE,CHICO,,
84673925,2025,2025-05-19,0402,2025-04-11,1546,3350,,5,5,5,0402,0,0,0,,0,002,"W LINCOLN AVE","WESTSIDE DRIVE",0.00,,Y,A,-,N,,,,,,,,,,N,2,0,2,2,A,-,17,21657,,N,D,C,A,A,H,-,A,A,0,,,Y,Y,Y,,C,03,2,0,0,0,0,0,0,0,2,"- ","- ",39.735260009765625,-121.84375762939453,BUTTE,CHICO,,
84699951,2025,2025-08-19,0402,2025-05-16,1338,3322,,5,5,5,0402,0,0,0,,0,,"NORD AVE","W. SACRAMENTO STREET",0.00,,Y,A,-,N,,,,,,,,,,N,2,0,1,2,A,-,10,21950,A,N,G,B,B,A,H,-,A,A,0,Y,,,,Y,,A,01,1,0,0,0,1,0,0,0,0,"- ","- ",,,BUTTE,CHICO,-121.86019134521484,39.731365203857422
84726491,2025,2025-06-16,0402,2025-06-15,1101,3323,,7,5,5,0402,0,0,0,,0,003,"LASSEN AVE","MAYFAIR DR",145.00,E,N,A,-,N,,,,,,,,,,N,2,0,1,2,A,-,09,21801,A,N,D,G,A,A,H,-,A,D,0,,Y,,,Y,,L,04,1,0,0,0,0,0,1,0,0,"- ","- ",39.767520904541016,-121.85479736328125,BUTTE,CHICO,-121.85434722900391,39.767780303955078
84734748,2025,2025-06-23,0402,2025-06-14,1829,3366,,6,5,5,0402,0,0,0,,0,,"MANZANITA AVE","MARIPOSA AVE",823.00,E,N,A,-,N,,,,,,,,,,N,2,0,1,1,A,-,01,23152,F,N,E,I,A,A,H,-,C,D,0,,,,,Y,Y,A,01,1,0,0,0,0,0,0,0,0,"- ","- ",39.753208160400391,-121.82453918457031,BUTTE,CHICO,-121.82183074951172,39.754020690917969
84734749,2025,2025-06-23,0402,2025-06-17,1549,3379,,2,5,5,0402,0,0,0,,0,001,ESPLANADE,"7TH AVE",0.00,,Y,A,-,N,,,,,,,,,,Y,2,0,1,2,A,-,12,21453,A,N,D,C,A,A,H,-,A,A,0,,,Y,,Y,,D,22,1,0,0,0,0,0,0,0,1,"- ","- ",39.744148254394531,-121.8502197265625,BUTTE,CHICO,-121.85032653808594,39.744091033935547
8524837,2017,2018-01-05,0405,2017-12-08,1809,WAL02,10S,5,5,4,0405,0,0,0,,0,00S,SKYWAY,NEAL,75.00,E,N,A,-,N,,,,,,,,,,N,2,0,2,2,A,-,01,23152,,F,B,D,A,A,H,-,C,A,0,,,,,Y,,-,,1,0,1,0,0,0,0,0,0,"- ","- ",39.74615,-121.6382,BUTTE,PARADISE,-121.6377943,39.746258189999999
8545823,2018,2018-02-07,0402,2018-01-27,2001,P04042,,6,5,5,0402,0,0,0,,0,,"WHITE AV",ESPLANADE,168.00,E,N,A,-,N,,,,,,,,,,N,2,0,1,2,C,-,18,,,N,A,B,E,A,H,-,C,D,0,Y,,,,Y,,-,"- ",1,0,0,0,1,0,0,0,0,"- ","- ",,,BUTTE,CHICO,-121.85942077636719,39.755535125732422
8555421,2017,2018-02-20,0402,2017-12-27,0638,P02710,,3,5,5,0402,0,0,0,,0,003,"EAST 8TH ST","POPLAR ST",0.00,,Y,A,-,N,,,,,,,,,,Y,2,0,1,2,A,-,10,21950,A,F,G,B,B,A,H,-,B,D,0,Y,,,,Y,,-,,1,0,0,0,1,0,0,0,0,"- ","- ",,,BUTTE,CHICO,-121.829193,39.730562999999997
8557431,2018,2018-07-03,0404,2018-01-16,1532,573,E,2,5,3,0404,0,0,0,,0,00E,"OROVILLE DAM BL EAST","CURRIER CT",100.00,E,N,A,-,N,,,,,,,,,,N,2,0,1,2,A,-,11,21954,A,N,G,B,D,A,H,-,A,D,0,Y,,,,Y,,N,60,1,0,0,0,1,0,0,0,0,"- ","- ",39.509361267089844,-121.55452728271484,BUTTE,OROVILLE,-121.54833221435547,39.505199432373047
8561797,2018,2018-02-27,0404,2018-02-02,1520,649,W,5,5,3,0404,0,0,0,,0,00W,"CAL OAK RD","S 7TH AV",400.00,W,N,A,-,N,,,,,,,,,,Y,2,0,1,1,A,-,03,22350,,N,E,I,A,A,H,-,A,D,0,,,,,Y,,D,72,1,0,0,0,0,0,0,0,0,"- ","- ",39.478248596191406,-121.54972839355469,BUTTE,OROVILLE,-121.57073974609375,39.492591857910156
8561939,2018,2018-02-27,0404,2018-01-31,1912,645,E,3,5,3,0404,0,0,0,,0,00E,"LINCOLN BL","ORO DAM BL",0.00,,Y,A,-,N,,,,,,,,,,Y,2,0,1,2,A,-,09,21801,A,N,D,C,A,A,H,-,C,D,0,,,Y,,Y,,C,02,1,0,0,0,0,0,0,0,1,"- ","- ",39.502910614013672,-121.55182647705078,BUTTE,OROVILLE,-121.55225,39.503880000000002
8588684,2018,2018-04-03,0402,2018-03-06,1536,P02539,87,2,5,5,0402,0,0,0,,0,003,"E 14TH ST","LOCUST ST",0.00,,Y,A,-,N,,,,,,,,,,N,2,0,1,2,A,-,12,22450,A,N,D,G,A,A,H,-,A,A,0,,Y,,,Y,,L,04,1,0,0,0,0,0,1,0,0,"- ","- ",,,BUTTE,CHICO,-121.82845306396484,39.723358154296875
8618726,2018,2018-05-17,0402,2018-05-02,1040,P00923,55,3,5,5,0402,0,0,0,,0,006,ESPLANADE,"YELLOWSTONE DR",0.00,,Y,A,-,N,,,,,,,,,,Y,2,0,2,2,A,-,09,21800,A,N,D,C,A,A,H,-,A,A,0,,,,,Y,,A,01,2,0,0,0,0,0,0,0,0,"- ","- ",,,BUTTE,CHICO,-121.87492370605469,39.770259857177734
8627397,2018,2018-06-05,0405,2018-05-15,1750,WIL02,6S,2,5,4,0405,0,0,0,,0,00S,"ELLIOTT RD","BIKEL PATH",0.00,,Y,A,-,N,,,,,,,,,,N,2,0,1,2,A,-,12,22450,,N,D,G,A,A,H,-,A,A,0,,Y,,,Y,,L,04,1,0,0,0,0,0,1,0,0,"- ","- ",39.759498596191406,-121.60662078857422,BUTTE,PARADISE,,
8646003,2018,2018-07-18,0402,2018-06-25,0816,P03135,31,1,5,5,0402,0,0,0,,0,001,"W 5TH ST","MAGNOLIA AV",245.00,E,N,A,-,N,,,,,,,,,,N,2,0,1,2,A,-,10,21950,A,N,D,B,D,A,H,-,A,D,0,Y,,,,Y,,N,60,1,0,0,0,1,0,0,0,0,"- ","- ",,,BUTTE,CHICO,-121.85017395019531,39.741424560546875
8648177,2018,2018-09-27,0405,2018-08-21,1114,RAM02,8S,2,5,4,0405,0,0,0,,0,00S,"PENTZ RD","GREENWAY DR",307.00,S,N,A,-,N,,,,,,,,,,Y,1,1,1,1,A,-,05,21650,,N,E,I,A,A,H,-,A,D,0,,,,,Y,,A,01,1,0,0,0,0,0,0,0,0,"- ","- ",39.763671875,-121.57450866699219,BUTTE,PARADISE,-121.57455444335938,39.764034271240234
8648454,2018,2018-12-31,0402,2018-11-04,1756,2920,,7,5,5,0402,0,0,0,,0,005,"EATON RD","MORSEMAN AV",0.00,,Y,A,-,N,,,,,,,,,,Y,1,1,1,2,A,-,03,22350,,N,C,C,A,A,H,-,D,D,0,,,Y,,Y,,D,22,1,0,0,0,0,0,0,1,0,"- ","- ",,,BUTTE,CHICO,-121.85910034179688,39.775768280029297
8672636,2018,2018-08-15,0402,2018-05-25,0956,P03545,,5,5,5,0402,0,0,0,,0,002,"ORANGE ST","WEST 3RD ST",0.00,,Y,A,-,N,,,,,,,,,,Y,2,0,1,2,A,-,03,22350,,N,D,C,A,A,H,-,A,A,0,,,Y,,Y,,C,02,1,0,0,0,0,0,0,0,1,"- ","- ",,,BUTTE,CHICO,-121.84702301025391,39.724651336669922
8672772,2018,2018-08-30,0404,2018-07-10,1443,645,W,2,5,3,0404,0,0,0,,0,00W,"MYERS ST","MONTGOMERY ST",0.00,,Y,A,-,N,,,,,,,,,,N,2,0,1,2,A,-,12,22450,A,N,H,B,B,A,H,-,A,D,0,Y,,,,Y,,A,01,1,0,0,0,1,0,0,0,0,"- ","- ",39.514060974121094,-121.55557250976562,BUTTE,OROVILLE,-121.55554962158203,39.514068603515625
8674199,2018,2018-10-26,0403,2018-07-13,1653,P74,4,5,5,2,0403,0,0,0,,0,004,"RT 99","CHERRY ST",0.00,,Y,A,-,Y,BUT,3,99,-,R,3.968,I,5,S,Y,2,0,3,3,A,-,09,21801,A,N,A,C,A,A,H,-,A,D,0,,,,,Y,,A,01,2,1,0,0,0,0,0,0,0,"- ","- ",39.360881805419922,-121.68791961669922,BUTTE,GRIDLEY,-121.68789672851562,39.360939025878906
8684420,2018,2018-09-10,0404,2018-07-29,2142,675,W,7,5,3,0404,0,0,0,,0,00W,"FEATHER RIVER BL","ROBINSON ST",0.00,,Y,A,-,N,,,,,,,,,,Y,2,0,1,2,A,-,01,23153,A,N,C,G,A,A,H,-,C,D,0,,Y,,,Y,Y,D,22,1,0,0,0,0,0,1,0,0,"- ","- ",39.507148742675781,-121.57003021240234,BUTTE,OROVILLE,-121.56999206542969,39.507129669189453
8688458,2018,2018-09-11,0402,2018-08-25,0458,P03827,25,6,5,5,0402,0,0,0,,0,002,"W 7TH ST","CHERRY ST",15.00,S,N,A,-,N,,,,,,,,,,Y,2,0,1,1,A,-,01,23152,A,M,E,I,A,A,H,-,C,A,0,,,,,Y,Y,A,01,1,0,0,0,0,0,0,0,0,"- ","- ",39.431999206542969,-121.50379943847656,BUTTE,CHICO,-121.84300231933594,39.722492218017578
8696012,2018,2018-10-26,0403,2018-07-29,1909,P207,4,7,5,2,0403,0,0,0,,0,004,"EAST GRIDLEY RD","RT 99",27.00,W,N,A,-,Y,BUT,3,99,-,-,4.121,I,5,N,N,2,0,1,2,A,-,12,21453,A,N,D,G,A,A,H,-,A,A,0,,Y,,,Y,,L,04,1,0,0,0,0,0,1,0,0,"- ","- ",39.374538421630859,-121.68739318847656,BUTTE,GRIDLEY,-121.68791198730469,39.363212585449219
8704748,2018,2020-05-26,0402,2018-08-18,0225,P01767,91,6,5,5,0402,0,0,0,,0,001,"W SACRAMENTO AV","RAILROAD TRACKS",0.00,,N,A,-,N,,,,,,,,,,Y,1,1,0,2,D,-,00,,,N,H,F,A,A,H,-,E,A,0,,,,,Y,Y,-,"- ",0,0,0,0,0,0,0,0,0,"- ","- ",,,BUTTE,CHICO,-121.856657,39.731735
8708856,2018,2018-10-12,0402,2018-09-10,1627,101,,1,5,5,0402,0,0,0,,0,004,"EAST 20TH E","FOREST AV",415.00,E,N,A,-,N,,,,,,,,,,Y,2,0,1,2,A,-,09,21804,A,N,D,C,A,A,H,-,A,D,0,,,Y,,Y,,C,02,1,0,0,0,0,0,0,0,1,"- ","- ",39.727199554443359,-121.80040740966797,BUTTE,CHICO,-121.80001068115234,39.727287292480469
8712384,2018,2018-10-19,0405,2018-09-12,1500,WAL02,2N,3,5,4,0405,0,0,0,,0,00N,"BILLE RD",SKYWAY,121.00,E,N,A,-,N,,,,,,,,,,N,2,0,1,2,A,-,09,21801,A,N,D,G,A,A,H,-,A,D,0,,Y,,,Y,,A,01,1,0,0,0,0,0,1,0,0,"- ","- ",39.770359039306641,-121.61231994628906,BUTTE,PARADISE,-121.61192321777344,39.770351409912109
8719921,2018,2018-10-24,0402,2018-09-19,1557,2920,,3,5,5,0402,0,0,0,,0,006,"PALMETTO AV","ARBUTUS AV",70.00,W,N,A,-,N,,,,,,,,,,Y,2,0,1,2,A,-,05,21202,A,N,B,G,A,A,H,-,A,D,0,,Y,,,Y,,L,04,1,0,0,0,0,0,1,0,0,"- ","- ",,,BUTTE,CHICO,-121.83378601074219,39.739433288574219
8735275,2018,2018-11-07,0405,2018-10-11,1807,VAN02,7S,4,5,4,0405,0,0,0,,0,00S,"CLARK RD","MAPLE PARK DR",0.00,,Y,A,-,N,,,,,,,,,,N,2,0,1,2,A,-,09,21801,A,N,A,C,A,A,H,-,A,D,0,,,Y,,Y,,A,07,1,0,0,0,0,0,0,0,0,"- ","- ",39.760429382324219,-121.60460662841797,BUTTE,PARADISE,-121.60563659667969,39.761138916015625
8744837,2018,2019-01-25,0402,2018-11-11,2118,P03283,,7,5,5,0402,0,0,0,,0,,ESPLANADE,"E 11TH AV",0.00,,Y,A,-,N,,,,,,,,,,N,2,0,1,2,A,-,12,21453,A,N,D,G,A,A,H,-,C,A,0,,Y,,,Y,,L,04,1,0,0,0,0,0,1,0,0,"- ","- ",,,BUTTE,CHICO,-121.85333251953125,39.748321533203125
8757527,2018,2018-12-20,0402,2018-11-26,1735,P00837,87,1,5,5,0402,0,0,0,,0,003,"PARK AV","W 13TH ST",30.00,N,N,C,-,N,,,,,,,,,,N,2,0,1,2,A,-,10,21950,A,N,G,B,B,B,H,-,C,D,0,Y,,,,Y,,A,01,1,0,0,0,1,0,0,0,0,"- ","- ",,,BUTTE,CHICO,-121.83025360107422,39.723159790039062
8778599,2018,2019-01-30,0402,2018-11-29,1243,913135,,4,5,5,0402,0,0,0,,0,004,"FOREST AV","SPRINGFIELD DR",459.00,S,N,B,-,N,,,,,,,,,,Y,2,0,2,2,A,-,03,22350,,N,A,D,A,B,H,-,A,D,0,,,,,Y,,D,22,1,0,1,0,0,0,0,0,0,"- ","- ",,,BUTTE,CHICO,-121.80152130126953,39.733627319335938
8791867,2018,2019-02-22,0404,2018-12-20,2026,647,W,4,5,3,0404,0,0,0,,0,00W,"OROVILLE DAM BL E","5TH AV",0.00,,Y,C,-,Y,BUT,3,162,-,-,16.470,H,-,E,N,2,0,1,2,A,-,11,21954,A,N,B,B,D,B,H,-,C,D,0,Y,,,,Y,Y,N,60,1,0,0,0,1,0,0,0,0,"- ","- ",39.500209808349609,-121.56378936767578,BUTTE,OROVILLE,-121.56395721435547,39.500179290771484
8796525,2019,2019-04-29,0402,2019-01-08,0754,1240,3,2,5,5,0402,0,0,0,,0,,"MEYERS ST","VALINE LN",253.00,E,N,B,-,N,,,,,,,,,,N,2,0,1,2,A,-,21,22106,,N,G,B,D,A,H,-,A,D,0,Y,,,,Y,,-,,1,0,0,0,1,0,0,0,0,"- ","- ",,,BUTTE,CHICO,-121.81709289550781,39.714351654052734
8806039,2019,2019-02-26,0404,2019-02-01,1727,651,,5,5,3,0404,0,0,0,,0,00W,"12TH ST","ORO DAM BL WEST",0.00,,Y,A,-,N,,,,,,,,,,Y,2,0,2,2,A,-,09,21802,,N,D,C,A,B,H,-,C,D,0,,,,,Y,Y,A,01,1,0,1,0,0,0,0,0,0,"- ","- ",39.498039245605469,-121.59159088134766,BUTTE,OROVILLE,-121.59159,39.498049999999999
8808510,2019,2021-05-28,0404,2019-08-15,2334,675,,4,5,3,0404,0,0,0,,0,00U,"OROVILLE DAM BL","12TH ST",408.00,E,N,A,-,N,,,162,,,,,,,N,1,1,0,2,A,-,11,21954,A,N,G,B,D,A,H,-,D,D,0,Y,,,,Y,Y,N,60,0,0,0,1,0,0,0,0,0,"- ","- ",39.498050689697266,-121.59600830078125,BUTTE,OROVILLE,-121.59600830078125,39.498050689697266
8810234,2019,2019-05-09,0404,2019-01-31,1054,631,TH,4,5,3,0404,0,0,0,,0,0TH,"4TH ST","NELSON AV",0.00,,Y,A,-,N,,,,,,,,,,Y,2,0,2,2,A,-,09,21801,A,N,A,C,A,A,H,-,A,D,0,,,,,Y,Y,D,22,1,0,1,0,0,0,0,0,0,"- ","- ",39.524089813232422,-121.57398986816406,BUTTE,OROVILLE,-121.57399749755859,39.524089813232422
8830990,2019,2019-03-28,0404,2019-02-18,2015,686,,1,5,3,0404,0,0,0,,0,0CO,"TABLE MOUNTAIN BL","RIVERVIEW TER",0.00,,Y,A,-,N,,,,,,,,,,N,2,0,1,2,A,-,07,21658,,N,B,I,A,A,H,-,C,A,0,,,,,Y,,-,,1,0,0,0,0,0,0,0,0,"- ","- ",39.519001007080078,-121.55030059814453,BUTTE,OROVILLE,-121.55367279052734,39.520641326904297
8854833,2019,2019-05-24,0402,2019-03-05,1000,"68 800",X,2,5,5,0402,0,0,0,,0,001,"WARNER ST","2ND AV",0.00,,Y,C,-,N,,,,,,,,,,N,2,0,1,2,D,-,00,,,N,D,B,A,B,H,-,A,D,0,,,Y,,Y,,-,"- ",1,0,0,0,0,0,0,0,1,"- ","- ",,,BUTTE,CHICO,-121.85424041748047,39.736228942871094
8855371,2019,2019-05-10,0405,2019-01-31,1605,BER01,12S,4,5,4,0405,0,0,0,,0,00S,"S LIBBY RD","PEARSON RD",0.00,,Y,A,-,N,,,,,,,,,,Y,2,0,3,1,A,-,05,21650,,N,A,I,A,A,H,-,A,D,0,,,,,Y,,-,,1,0,2,0,0,0,0,0,0,"- ","- ",39.748580932617188,-121.59375762939453,BUTTE,PARADISE,-121.59371948242188,39.749359130859375
8867142,2019,2019-07-24,0405,2019-04-12,0600,BER01,,5,5,4,0405,0,0,0,,0,00N,"CLARK RD","CLARK RD 6701",0.00,,Y,A,-,N,,,,,,,,,,N,2,0,1,2,A,-,03,22350,,N,G,B,F,A,H,-,D,D,0,Y,,,,Y,,-,,1,0,0,0,1,0,0,0,0,"- ","- ",39.768119812011719,-121.60471343994141,BUTTE,PARADISE,-121.589974,39.778720999999997
8882468,2019,2019-07-05,0402,2019-06-13,1235,2920,CHICO,4,5,5,0402,0,0,0,,0,006,"W EATON RD","AURORA GLEN",230.00,E,N,A,-,N,,,,,,,,,,Y,2,0,1,2,A,-,09,21804,A,N,D,C,A,A,H,-,A,D,0,,,,,Y,,-,,1,0,0,0,0,0,0,0,0,"- ","- ",39.770401000976562,-121.88066864013672,BUTTE,CHICO,-121.88064575195312,39.770313262939453
8910897,2020,2020-04-03,0402,2020-02-19,1611,P03880,CHICO,3,5,5,0402,0,0,0,,0,004,"FOREST AV","SPRINGFIELD DR",151.00,N,N,A,-,N,,,,,,,,,,Y,1,1,2,4,C,-,18,,,N,A,C,A,A,H,-,A,-,0,,,Y,,Y,,-,"- ",0,0,2,0,0,0,0,1,0,"- ","- ",,,BUTTE,CHICO,-121.80234527587891,39.735164642333984