CASE_ID,ACCIDENT_YEAR,PROC_DATE,JURIS,COLLISION_DATE,COLLISION_TIME,OFFICER_ID,REPORTING_DISTRICT,DAY_OF_WEEK,CHP_SHIFT,POPULATION,CNTY_CITY_LOC,SPECIAL_COND,BEAT_TYPE,CHP_BEAT_TYPE,CITY_DIVISION_LAPD,CHP_BEAT_CLASS,BEAT_NUMBER,PRIMARY_RD,SECONDARY_RD,DISTANCE,DIRECTION,INTERSECTION,WEATHER_1,WEATHER_2,STATE_HWY_IND,CALTRANS_COUNTY,CALTRANS_DISTRICT,STATE_ROUTE,ROUTE_SUFFIX,POSTMILE_PREFIX,POSTMILE,LOCATION_TYPE,RAMP_INTERSECTION,SIDE_OF_HWY,TOW_AWAY,COLLISION_SEVERITY,NUMBER_KILLED,NUMBER_INJURED,PARTY_COUNT,PRIMARY_COLL_FACTOR,PCF_CODE_OF_VIOL,PCF_VIOL_CATEGORY,PCF_VIOLATION,PCF_VIOL_SUBSECTION,HIT_AND_RUN,TYPE_OF_COLLISION,MVIW,PED_ACTION,ROAD_SURFACE,ROAD_COND_1,ROAD_COND_2,LIGHTING,CONTROL_DEVICE,CHP_ROAD_TYPE,PEDESTRIAN_ACCIDENT,BICYCLE_ACCIDENT,MOTORCYCLE_ACCIDENT,TRUCK_ACCIDENT,NOT_PRIVATE_PROPERTY,ALCOHOL_INVOLVED,STWD_VEHTYPE_AT_FAULT,CHP_VEHTYPE_AT_FAULT,COUNT_SEVERE_INJ,COUNT_VISIBLE_INJ,COUNT_COMPLAINT_PAIN,COUNT_PED_KILLED,COUNT_PED_INJURED,COUNT_BICYCLIST_KILLED,COUNT_BICYCLIST_INJURED,COUNT_MC_KILLED,COUNT_MC_INJURED,PRIMARY_RAMP,SECONDARY_RAMP,LATITUDE,LONGITUDE,COUNTY,CITY,POINT_X,POINT_Y
8911524,2020,2020-09-09,0402,2020-08-06,0733,60/3283,,4,5,5,0402,0,0,0,,0,,"YOSEMITE DR","IDYLLWILD CIR",0.00,,Y,A,-,N,,,,,,,,,,N,1,1,0,2,A,-,11,21954,A,N,G,B,E,A,-,-,B,D,0,Y,,,,Y,,N,60,0,0,0,1,0,0,0,0,0,"- ","- ",,,BUTTE,CHICO,-121.78263854980469,39.7530517578125
8917896,2019,2019-08-22,0402,2019-07-30,1340,101,CHICO,2,5,5,0402,0,0,0,,0,003,"PARK AV","14TH ST",19.00,S,N,A,-,N,,,,,,,,,,Y,2,0,1,2,A,-,21,22106,,N,C,C,A,A,H,-,A,A,0,,,Y,,Y,,A,01,1,0,0,0,0,0,0,0,1,"- ","- ",39.722518920898438,-121.82901763916016,BUTTE,CHICO,-121.82909393310547,39.722530364990234
8918477,2019,2019-08-22,0402,2019-06-27,1448,1973,,4,5,5,0402,0,0,0,,0,002,"8TH ST","CHESTNUT ST",0.00,,Y,B,-,N,,,,,,,,,,Y,2,0,1,2,A,-,03,22350,,N,D,C,A,A,H,-,A,A,0,,,Y,,Y,,C,02,1,0,0,0,0,0,0,0,1,"- ","- ",,,BUTTE,CHICO,-121.839371,39.723739999999999
8946955,2019,2020-09-17,0404,2019-09-10,1128,651,W,2,5,3,0404,0,0,0,,0,00W,"MYERS ST","RT 162",0.00,,Y,A,-,Y,BUT,3,162,-,-,17.270,H,-,W,N,2,0,1,2,A,-,10,21950,,N,G,B,B,A,H,-,A,A,0,Y,,,,Y,,D,73,1,0,0,0,1,0,0,0,0,"- ","- ",39.5047607421875,-121.54960632324219,BUTTE,OROVILLE,-121.55012512207031,39.504589080810547
8947653,2020,2020-10-01,0402,2020-07-05,0722,30,0402,7,5,5,0402,0,0,0,,0,004,"FOREST AV","E 20TH ST",0.00,,Y,A,-,N,,,,,,,,,,N,2,0,1,2,A,-,10,21950,A,N,G,B,D,A,H,-,A,A,0,Y,,,,Y,,D,22,1,0,0,0,1,0,0,0,0,"- ","- ",,,BUTTE,CHICO,-121.80149078369141,39.727279663085938
8965599,2019,2019-10-30,0405,2019-06-30,0332,RUB01,2N,7,5,4,0405,0,0,0,,0,00N,SKYWAY,"COLDREN RD",396.00,S,N,A,-,N,,,,,,,,,,Y,2,0,1,1,A,-,01,23152,,N,A,I,A,A,H,-,D,D,0,,,,,Y,Y,A,01,1,0,0,0,0,0,0,0,0,"- ","- ",39.790081024169922,-121.59153747558594,BUTTE,PARADISE,-121.59228515625,39.789169311523438
8984286,2019,2020-01-06,0402,2019-11-10,2055,69/0493,0402,7,5,5,0402,0,0,0,,0,006,ESPLANADE,"EAST AV",197.00,N,N,A,-,N,,,,,,,,,,N,2,0,2,2,A,-,05,21650,1,N,A,G,A,A,H,-,C,D,0,,Y,,,Y,Y,L,04,2,0,0,0,0,0,2,0,0,"- ","- ",,,BUTTE,CHICO,-121.86182403564453,39.757148742675781
8995768,2019,2020-02-06,0402,2019-12-06,1612,P01277,83,5,5,5,0402,0,0,0,,0,003,"RT 99","E 8TH ST",0.00,,Y,C,-,N,,,99,,,,,,,N,2,0,1,2,A,-,10,21950,,N,G,B,B,B,H,-,A,A,0,Y,,,,Y,Y,A,01,1,0,0,0,1,0,0,0,0,SF,"- ",39.736400604248047,-121.82050323486328,BUTTE,CHICO,-121.82022857666016,39.736770629882812
8996993,2019,2020-09-14,0403,2019-11-20,1454,P204,,3,5,2,0403,0,0,0,,0,,"RT 99","SHELDON AV",0.00,,-,A,-,Y,BUT,3,99,-,R,3.246,I,5,N,N,2,0,1,2,A,-,05,21650,1,N,H,G,A,A,H,-,A,D,0,,Y,,,Y,,L,04,1,0,0,0,0,0,1,0,0,"- ","- ",39.351020812988281,-121.68769836425781,BUTTE,GRIDLEY,-121.68787384033203,39.350486755371094
90006042,2015,2015-10-19,9240,2015-07-03,0430,018980,,5,3,9,0400,0,3,5,,2,020,MIDWAY,"NELSON SHIPPEE RD",5808.00,S,N,A,-,N,,,,,,,,,,Y,2,0,1,1,A,-,01,23152,A,N,E,I,A,A,H,-,D,D,0,,,,,Y,Y,A,07,1,0,0,0,0,0,0,0,0,"- ","- ",39.521970000000003,-121.75384,BUTTE,UNINCORPORATED,-121.75375982,39.522037419999997
90006139,2015,2015-10-19,9241,2015-07-21,0928,016630,,2,1,9,0400,0,2,4,,2,090,SKYWAY,"SPANISH GARDEN DR",520.00,W,N,A,-,N,,,,,,,,,,Y,2,0,1,1,A,-,08,22107,,N,E,I,A,A,H,-,A,A,0,,,,,Y,,D,22,1,0,0,0,0,0,0,0,0,"- ","- ",39.702669999999998,-121.76007,BUTTE,UNINCORPORATED,-121.76022438,39.702656779999998
90006738,2015,2015-10-19,9240,2015-07-18,2115,018389,,6,2,9,0400,0,3,5,,2,030,"12TH AVE","NEVADA AVE",101.00,N,N,A,-,N,,,,,,,,,,Y,2,0,1,2,A,-,01,23152,A,N,G,B,E,A,H,-,D,D,0,Y,,,,Y,Y,D,22,1,0,0,0,1,0,0,0,0,"- ","- ",39.507950000000001,-121.59162000000001,BUTTE,UNINCORPORATED,-121.59159416,39.508217299999998
90009094,2015,2015-10-19,9241,2015-08-10,2355,016831,,1,3,9,0400,0,3,5,,2,008,"HEGAN LN","HENGST DR",2112.00,E,N,A,-,N,,,,,,,,,,Y,2,0,1,1,A,-,01,23152,,N,E,I,A,A,H,-,D,D,0,,,,,Y,Y,A,01,1,0,0,0,0,0,0,0,0,"- ","- ",39.689819999999997,-121.83905,BUTTE,UNINCORPORATED,-121.82761494,39.69718744
90009124,2015,2015-10-19,9240,2015-08-15,1450,018967,,6,2,9,0400,0,3,5,,2,010,"PALERMO RD","MARTHA LN",261.00,E,N,A,-,N,,,,,,,,,,Y,2,0,1,1,A,-,01,23152,A,N,E,I,A,A,H,-,A,D,0,,,,,Y,Y,A,01,1,0,0,0,0,0,0,0,0,"- ","- ",39.434519999999999,-121.56694,BUTTE,UNINCORPORATED,-121.5672711,39.434469200000002
90011883,2015,2015-10-19,9240,2015-08-17,0001,019710,,1,3,9,0400,0,3,5,,2,010,"LONE TREE RD","POWER HOUSE HILL RD",528.00,S,N,A,-,N,,,,,,,,,,Y,2,0,1,1,A,-,03,22350,,N,E,I,A,A,H,-,D,D,0,,,Y,,Y,,C,02,1,0,0,0,0,0,0,0,1,"- ","- ",39.460189999999997,-121.57714,BUTTE,UNINCORPORATED,-121.57734782999999,39.460461289999998
90013585,2015,2015-10-19,9240,2015-08-18,1235,015532,,2,1,9,0400,0,3,5,,2,010,"OPHIR RD","FEATHER RIVER BLVD",80.00,E,N,A,-,N,,,,,,,,,,Y,2,0,3,2,A,-,00,23153,E,N,C,C,A,A,H,-,A,D,0,,,,,Y,,A,01,1,2,0,0,0,0,0,0,0,"- ","- ",39.46407,-121.57673,BUTTE,UNINCORPORATED,-121.57661517,39.464093630000001
90013666,2015,2015-12-09,9240,2015-08-22,1120,015532,,6,1,9,0400,0,3,5,,2,010,"DISTRICT CENTER DR","LOWER WYANDOTTE RD",750.00,S,N,A,-,N,,,,,,,,,,N,2,0,1,2,A,-,03,22350,,N,G,B,E,A,H,-,A,D,0,Y,,,,Y,,A,01,1,0,0,0,1,0,0,0,0,"- ","- ",39.455579999999998,-121.48949,BUTTE,UNINCORPORATED,-121.48944507,39.455534579999998
90019383,2015,2015-10-19,9241,2015-09-06,2315,016246,,7,3,9,0400,0,3,5,,2,008,"AGUAS FRIAS RD","DUNCAN ROAD",60.00,S,N,A,-,N,,,,,,,,,,Y,2,0,1,1,A,-,01,23152,A,N,E,I,A,A,H,-,D,D,0,,,,,Y,Y,D,22,1,0,0,0,0,0,0,0,0,"- ","- ",39.623480000000001,-121.86109,BUTTE,UNINCORPORATED,-121.86112682,39.623660450000003
90024634,2015,2015-10-19,9240,2015-09-15,1020,012511,,2,1,9,0400,0,3,5,,2,020,"EAST GRIDLEY ROAD","KIRK ROAD",195.00,W,N,A,-,N,,,,,,,,,,Y,1,1,0,1,A,-,05,21650,,N,E,I,A,A,H,-,A,A,0,,,Y,,Y,,C,02,0,0,0,0,0,0,0,1,0,"- ","- ",39.363680000000002,-121.65183,BUTTE,UNINCORPORATED,-121.65121910000001,39.36356
90036146,2015,2015-10-22,9241,2015-10-21,0939,017170,,3,1,9,0400,0,2,4,,2,085,"DAYTON RD","ORD FERRY RD",0.00,,Y,A,-,N,,,,,,,,,,Y,2,0,2,2,A,-,12,22450,A,N,D,C,A,A,H,-,A,A,0,,,,Y,Y,,A,01,1,0,1,0,0,0,0,0,0,"- ","- ",39.65296,-121.86174,BUTTE,UNINCORPORATED,-121.86175991,39.65295991
90045417,2015,2015-11-05,9241,2015-10-29,1229,017170,,4,1,5,0402,0,1,3,,2,100,"SR-99 N/B","COHASSET RD",523.00,S,N,A,-,Y,,,99,,,,,,N,Y,2,0,2,5,A,-,03,22350,,N,C,C,A,A,H,-,A,D,0,,,,,Y,,A,07,1,0,1,0,0,0,0,0,0,"- ","- ",39.753509999999999,-121.84354999999999,BUTTE,CHICO,-121.84359164999999,39.753435189999998
90052373,2015,2015-11-17,9241,2015-11-02,0900,016609,,1,1,5,0402,0,1,3,,2,100,"SR-99 S/B FROM COHASSET RD","COHASSET RD OVERCROSSING",202.00,N,N,C,-,Y,,,99,,,,R,,S,Y,2,0,1,3,A,-,08,22107,,N,E,C,A,B,H,-,A,D,0,,,,Y,Y,,A,01,1,0,0,0,0,0,0,0,0,"- ","- ",39.754100000000001,-121.84554,BUTTE,CHICO,-121.84554,39.754100000000001
90058663,2015,2015-11-24,9240,2015-10-14,0650,018396,,3,1,9,0400,0,3,5,,2,020,"AFTON RD","WICKMAN RD",6864.00,W,N,A,-,N,,,,,,,,,,Y,2,0,1,1,A,-,08,22107,,N,E,A,A,A,H,-,A,A,0,,,,,Y,,D,22,1,0,0,0,0,0,0,0,0,"- ","- ",39.420780000000001,-121.80812,BUTTE,UNINCORPORATED,-121.80665643,39.420760440000002
90063541,2015,2015-12-02,9240,2015-11-18,0700,012511,,3,1,9,0400,0,3,5,,2,020,"RICHVALE HWY","MCRAE ROAD",10560.00,E,N,A,-,N,,,,,,,,,,Y,2,0,1,1,C,-,18,,,N,E,I,A,A,H,-,A,A,0,,,,,Y,,-,"- ",1,0,0,0,0,0,0,0,0,"- ","- ",39.493189999999998,-121.80089,BUTTE,UNINCORPORATED,-121.80127317,39.493104860000003
90064152,2015,2015-12-02,9240,2015-11-28,0730,013161,,6,1,9,0400,0,3,5,,2,030,"BLUE OAK CT","OAK HILL DR",95.00,E,N,A,-,N,,,,,,,,,,Y,2,0,1,1,A,-,13,22515,,N,H,A,A,A,H,-,A,D,0,,,,,Y,,D,22,1,0,0,0,0,0,0,0,0,"- ","- ",39.5274,-121.47501,BUTTE,UNINCORPORATED,-121.47497833,39.52735448
90065637,2015,2015-12-04,9240,2015-10-05,1010,015532,,1,1,9,0400,0,1,3,,1,011,SR-70,"JULIE ANN CT",90.00,N,N,A,-,Y,,,70,,,,,,,Y,1,1,1,2,A,-,08,22107,,N,A,C,A,A,H,-,A,D,0,,,,Y,Y,,A,01,0,0,1,0,0,0,0,0,0,"- ","- ",39.40428,-121.60483000000001,BUTTE,UNINCORPORATED,-121.60486031000001,39.404279969999997
90069765,2015,2015-12-10,9240,2015-11-16,0820,016044,,1,1,9,0400,0,1,3,,2,031,"SR 70 N/B","GARDEN DR",1680.00,N,N,A,-,Y,,,,,,,,,,Y,2,0,1,2,C,-,18,,,N,E,I,A,A,H,-,A,D,0,,,,,Y,,-,"- ",1,0,0,0,0,0,0,0,0,"- ","- ",39.51634,-121.46339,BUTTE,UNINCORPORATED,-121.58593096,39.538673250000002
90072186,2015,2015-12-14,9240,2015-11-21,0745,013161,,6,1,9,0400,0,3,5,,2,010,"PALERMO-HONCUT HWY","MIDDLE HONCUT RD",237.00,N,N,A,-,N,,,,,,,,,,Y,1,1,0,2,A,-,06,21750,A,N,D,C,A,A,H,-,A,D,0,,,Y,,Y,,C,02,0,0,0,0,0,0,0,1,0,"- ","- ",39.334510000000002,-121.53702,BUTTE,UNINCORPORATED,-121.53705264,39.334855869999998
90103187,2015,2016-01-26,9240,2015-09-13,0104,019710,,7,3,9,0400,0,1,3,,2,022,"STATE HIGHWAY 162","STATE HIGHWAY 99",547.00,E,N,A,-,Y,,,162,,,,,,,Y,2,0,1,1,A,-,03,22350,,N,E,I,A,A,H,-,D,D,0,,,Y,,Y,,C,02,1,0,0,0,0,0,0,0,1,"- ","- ",39.494100000000003,-121.68765,BUTTE,UNINCORPORATED,-121.6876389,39.494219659999999
90115874,2016,2016-02-16,9240,2016-02-03,1320,018396,,3,1,9,0400,0,3,5,,2,010,"MINERS RANCH RD","CAROLINE DR",590.00,N,N,A,-,N,,,,,,,,,,Y,2,0,1,1,A,-,08,22107,,N,E,I,A,A,H,-,A,A,0,,,,,Y,,A,01,1,0,0,0,0,0,0,0,0,"- ","- ",39.471809999999998,-121.45905,BUTTE,UNINCORPORATED,-121.45905369,39.471838269999999
90116601,2016,2016-02-17,9240,2016-02-06,1235,018046,,6,1,9,0400,0,3,5,,2,010,"OPHIR ROAD","POWER HOUSE HILL RD",0.00,,Y,A,-,N,,,,,,,,,,Y,1,1,0,2,A,-,09,21802,A,N,D,C,A,A,H,-,A,A,0,,,,,Y,,A,01,0,0,0,0,0,0,0,0,0,"- ","- ",39.464030000000001,-121.57692,BUTTE,UNINCORPORATED,-121.57688999,39.464039929999998
90116906,2016,2016-02-17,9241,2016-02-06,0434,019060,,6,3,5,0402,0,1,3,,2,100,"ON-RAMP; SR-99 N/B FROM SKYWAY","SKYWAY O/C",400.00,N,N,A,-,Y,,,99,,,,R,,N,Y,2,0,1,1,A,-,01,23152,A,N,E,I,A,A,H,-,C,D,0,,,,,Y,Y,A,01,1,0,0,0,0,0,0,0,0,"- ","- ",39.716450000000002,-121.80108,BUTTE,CHICO,-121.80108,39.716450000000002
90126521,2016,2016-07-25,9241,2016-01-26,2040,015794,,2,2,5,0402,0,1,3,,2,100,"SR-99 N/B","E 20TH ST.",1552.00,N,N,B,-,Y,,,99,,,,,,N,Y,1,1,5,3,A,-,01,23152,A,N,C,C,A,A,H,-,D,D,0,,,,,Y,Y,A,01,0,0,5,0,0,0,0,0,0,"- ","- ",39.730179999999997,-121.81228,BUTTE,CHICO,-121.81223842,39.730212340000001
90131631,2016,2016-03-08,9241,2016-02-25,0455,019060,,4,3,9,0400,0,1,3,,1,060,"SR-32 W/B","WOODLAND PARK DR",682.00,E,N,A,-,Y,,,,,,,,,,Y,2,0,1,1,A,-,08,22107,,N,E,I,A,A,H,-,C,D,0,,,,,Y,,J,48,1,0,0,0,0,0,0,0,0,"- ","- ",39.855919999999998,-121.68838,BUTTE,UNINCORPORATED,-121.69192189,39.854857039999999
90133487,2016,2016-03-10,9241,2016-02-27,0029,018181,,6,3,9,0400,0,3,5,,2,006,"GODMAN AVENUE","MORGAN DRIVE",225.00,N,N,B,-,N,,,,,,,,,,N,2,0,1,2,A,-,01,23152,A,F,C,J,A,A,H,-,D,D,0,,,Y,,Y,Y,A,01,1,0,0,0,0,0,0,0,1,"- ","- ",39.768920000000001,-121.85845999999999,BUTTE,UNINCORPORATED,-121.8584049,39.768851640000001
90141132,2016,2016-03-22,9241,2016-03-21,1525,013855,,1,2,9,0400,0,1,3,,2,093,"SR-191 S/B","AIRPORT ROAD",1056.00,S,N,B,-,Y,,,191,,,,,,S,Y,2,0,3,1,A,-,08,22107,,N,E,I,A,B,H,-,A,D,0,,,,,Y,,A,01,1,0,2,0,0,0,0,0,0,"- ","- ",39.711570000000002,-121.61251,BUTTE,UNINCORPORATED,-121.61247982,39.711576170000001
90158648,2015,2016-04-15,9240,2015-12-24,0645,018396,,4,1,9,0400,0,1,3,,1,021,"STATE ROUTE 99","RIO BONITO ROAD",969.00,S,N,B,-,Y,,,99,,,,,,,Y,1,1,2,5,A,-,05,21650,,N,A,C,A,B,H,-,D,A,0,,,,Y,Y,,G,25,2,0,0,0,0,0,0,0,0,"- ","- ",39.42259,-121.68809,BUTTE,UNINCORPORATED,-121.68813694000001,39.422590479999997
90159639,2016,2016-04-18,9240,2016-04-06,1055,018396,,3,1,9,0400,0,1,3,,2,032,SR-70,"DEADWOOD RD",7920.00,E,N,A,-,Y,,,70,,,,,,,Y,2,0,1,1,A,-,08,22107,,N,E,I,A,A,H,-,A,A,0,,,Y,,Y,,C,02,1,0,0,0,0,0,0,0,1,"- ","- ",39.756070000000001,-121.48137,BUTTE,UNINCORPORATED,-121.48137130000001,39.756070569999999
90162787,2016,2016-04-21,9240,2016-04-17,0230,018841,,7,3,9,0400,0,3,5,,2,020,"AGUAS FRIAS RD","RICHVALE HWY.",1587.00,N,N,A,-,N,,,,,,,,,,Y,2,0,1,1,A,-,01,23152,A,N,F,A,A,A,H,-,D,D,0,,,,,Y,Y,A,08,1,0,0,0,0,0,0,0,0,"- ","- ",39.498690000000003,-121.85733999999999,BUTTE,UNINCORPORATED,-121.85739556999999,39.497467929999999
90181447,2016,2016-05-17,9241,2016-05-13,1850,019043,,5,2,9,0400,0,2,4,,2,083,"RIVER RD","CHICO RIVER RD",10560.00,W,N,A,-,N,,,,,,,,,,Y,2,0,1,1,C,-,18,,,N,F,A,A,A,H,-,A,D,0,,,Y,,Y,,-,"- ",1,0,0,0,0,0,0,0,1,"- ","- ",39.673430000000003,-121.93532,BUTTE,UNINCORPORATED,-121.93568747,39.67141393
90182556,2016,2016-05-18,9240,2016-04-07,1930,018396,,4,2,9,0400,0,3,5,,2,010,"GRAND AVE","GOLD COUNTRY LN",1033.00,W,N,A,-,N,,,,,,,,,,Y,1,1,0,1,A,-,01,23152,A,N,E,I,A,A,H,-,D,A,0,,,,,Y,Y,A,01,0,0,0,0,0,0,0,0,0,"- ","- ",39.509500000000003,-121.63308000000001,BUTTE,UNINCORPORATED,-121.63125159000001,39.509462900000003
90182865,2016,2016-05-19,9240,2016-05-15,0125,018841,,7,3,9,0400,0,3,5,,2,010,"LOWER WYANDOTTE RD","FORESTVIEW DR",60.00,S,N,A,-,N,,,,,,,,,,Y,2,0,1,2,A,-,03,22350,,N,C,E,A,A,H,-,C,D,0,,,,,Y,,A,01,1,0,0,0,0,0,0,0,0,"- ","- ",39.475580000000001,-121.53061,BUTTE,UNINCORPORATED,-121.53063,39.475395249999998
90210287,2016,2016-06-27,9241,2016-06-07,1921,013855,,2,2,9,0400,0,1,3,,2,100,"SR-99 S/B","EAST AVENUE",1056.00,S,N,A,-,Y,,,,,,,,,,Y,2,0,1,2,A,-,03,22350,,N,C,C,A,A,D,-,A,A,0,,,Y,,Y,,C,02,1,0,0,0,0,0,0,0,1,"- ","- ",39.758020000000002,-121.85226,BUTTE,UNINCORPORATED,-121.85274507,39.758291919999998
90213263,2016,2016-06-30,9241,2016-06-21,0150,016831,,2,3,9,0400,0,2,4,,2,096,"HONEY RUN RD","CENTERVILLE RD",5280.00,S,N,A,-,N,,,,,,,,,,Y,2,0,2,1,A,-,01,23152,A,N,E,I,A,A,H,-,D,D,0,,,,,Y,Y,A,07,1,1,0,0,0,0,0,0,0,"- ","- ",39.715359999999997,-121.72422,BUTTE,UNINCORPORATED,-121.71754416,39.719317230000001
9022103,2020,2020-02-24,0402,2020-01-03,1834,P01277,106,5,5,5,0402,0,0,0,,0,005,"COHASSETT RD","LINDO LN",0.00,,-,A,-,N,,,,,,,,,,N,2,0,1,2,A,-,11,21955,,N,G,B,D,A,H,-,D,D,0,Y,,,,Y,Y,N,60,1,0,0,0,1,0,0,0,0,"- ","- ",39.740001678466797,-121.84719848632812,BUTTE,CHICO,-121.84349822998047,39.763870239257812
90227431,2016,2016-07-21,9240,2016-07-11,2215,019085,,1,3,3,0404,0,1,3,,2,031,"SR-70 E/B","GEORGIA PACIFIC WAY",657.00,N,N,A,-,Y,,,70,,,,,,E,Y,2,0,1,1,A,-,01,23152,A,N,F,A,A,A,H,-,C,D,0,,,,,Y,Y,A,01,1,0,0,0,0,0,0,0,0,"- ","- ",39.479289999999999,-121.57544,BUTTE,OROVILLE,-121.5755135,39.479290550000002
90230550,2016,2016-07-26,9240,2016-07-18,0020,019710,,1,3,9,0400,0,3,5,,2,040,"ORO QUINCY HWY","SEMINOLE DR",559.00,E,N,A,-,N,,,,,,,,,,Y,2,0,2,1,A,-,01,23152,A,N,E,I,A,A,H,-,D,D,0,,,,,Y,Y,A,07,1,1,0,0,0,0,0,0,0,"- ","- ",39.667079999999999,-121.39606000000001,BUTTE,UNINCORPORATED,-121.39677260000001,39.666440799999997
90234840,2016,2016-08-01,9241,2016-07-17,1745,016120,,7,2,9,0400,0,1,3,,2,093,"SR-191 (CLARK RD)","CIRLE J RD",5280.00,N,N,A,-,Y,,,191,,,,,,,Y,2,0,1,1,A,-,08,22107,,N,E,I,A,A,H,-,A,D,0,,,,,Y,,A,01,1,0,0,0,0,0,0,0,0,"- ","- ",39.69952,-121.61239,BUTTE,UNINCORPORATED,-121.61240527,39.699526949999999
90245091,2016,2016-08-15,9240,2016-08-13,0545,013161,,6,3,9,0400,0,3,5,,2,020,"WEST BIGGS GRIDLEY ROAD","MACEDO RD",1000.00,N,N,A,-,N,,,,,,,,,,Y,2,0,1,2,A,-,06,21750,,M,C,C,A,A,H,-,B,D,0,,,Y,,Y,,C,02,1,0,0,0,0,0,0,0,1,"- ","- ",39.375529999999998,-121.70672999999999,BUTTE,UNINCORPORATED,-121.70668999999999,39.374926000000002
90246818,2016,2016-08-17,9241,2016-08-08,0745,016246,,1,1,9,0400,0,2,4,,1,082,MIDWAY,"MARYBILL RANCH ROAD",860.00,N,N,A,-,N,,,,,,,,,,Y,2,0,1,2,A,-,05,21650,,N,A,C,A,A,H,-,A,D,0,,,,Y,Y,,A,07,1,0,0,0,0,0,0,0,0,"- ","- ",39.694330000000001,-121.79888,BUTTE,UNINCORPORATED,-121.79892254000001,39.693696600000003
90251658,2016,2016-08-24,9241,2016-08-03,1555,016360,,3,2,9,0400,0,2,4,,2,062,"KEEFER ROAD","HEGANRIDGE ROAD",0.00,,Y,A,-,N,,,,,,,,,,Y,1,1,5,2,A,-,09,21804,A,N,D,C,A,A,H,-,A,D,0,,,,,Y,,A,07,0,3,2,0,0,0,0,0,0,"- ","- ",39.82432,-121.85844,BUTTE,UNINCORPORATED,-121.85860276,39.824288369999998
90258612,2016,2016-09-01,9240,2016-08-19,2140,018876,,5,2,9,0400,0,3,5,,2,010,"MINERS RANCH RD","BREEZE HOLLOW LN",912.00,N,N,A,-,N,,,,,,,,,,Y,2,0,1,1,C,-,18,,,N,E,I,A,A,H,-,D,D,0,,,,,Y,,-,"- ",1,0,0,0,0,0,0,0,0,"- ","- ",39.477289999999996,-121.45826,BUTTE,UNINCORPORATED,-121.4583506,39.477263829999998
90263065,2016,2016-09-07,9241,2016-08-05,1625,018106,,5,2,9,0400,0,1,3,,1,060,"SR-32 (DEER CREEK HIGHWAY)","HARDY HILL RD.",1056.00,E,N,A,-,Y,,,32,,,,,,,Y,1,1,3,3,A,-,05,21460,A,F,A,C,A,A,H,-,A,D,0,,,,,Y,,A,01,0,1,2,0,0,0,0,0,0,"- ","- ",39.955199999999998,-121.64932,BUTTE,UNINCORPORATED,-121.64932545000001,39.955205319999997
90273947,2016,2016-10-05,9241,2016-08-02,1437,013855,,2,2,9,0400,0,1,3,,1,061,SR-99,"MALLARD ESTATES ROAD",12.00,N,N,A,-,Y,,,99,,,,,,,Y,1,1,0,2,A,-,08,22107,,N,A,C,A,A,H,-,A,D,0,,,,Y,Y,,G,25,0,0,0,0,0,0,0,0,0,"- ","- ",39.825919999999996,-121.92788,BUTTE,UNINCORPORATED,-121.92775202,39.826022979999998
90276113,2016,2016-09-26,9240,2016-08-20,0408,019710,,6,3,9,0400,0,3,5,,2,010,"MT. IDA ROAD","NARANJA AVE",174.00,E,N,A,-,N,,,,,,,,,,Y,1,1,0,1,A,-,01,23152,A,N,E,I,A,A,H,-,D,D,0,,,,,Y,Y,A,01,0,0,0,0,0,0,0,0,0,"- ","- ",39.856589999999997,-121.48299,BUTTE,UNINCORPORATED,-121.48301146,39.485713330000003
90284190,2016,2016-10-05,9240,2016-09-21,1826,018796,,3,2,9,0400,0,1,3,,2,034,"SR-149 N/B",SR-99,3696.00,S,N,A,-,Y,,,149,,,,,,N,Y,2,0,2,1,A,-,01,23152,E,N,E,I,A,A,H,-,A,D,0,,,,,Y,,A,07,2,0,0,0,0,0,0,0,0,"- ","- ",39.622549999999997,-121.69369,BUTTE,UNINCORPORATED,-121.69364625,39.622600560000002
90298960,2016,2016-10-24,9241,2016-10-12,2009,019060,,3,2,9,0400,0,1,3,,2,093,SR-191,"BUTTE CAMPUS DR",340.00,N,N,A,-,Y,,,,,,,,,,Y,2,0,1,2,A,-,09,21804,A,N,D,C,A,A,H,-,C,D,0,,,Y,,Y,,A,01,1,0,0,0,0,0,0,0,1,"- ","- ",39.65448,-121.63468,BUTTE,UNINCORPORATED,,
90312400,2016,2016-11-07,9240,2016-10-27,1440,019653,,4,2,9,0400,0,3,5,,2,010,"LOWER WYANDOTTE RD","V-6 RD",0.00,,Y,B,C,N,,,,,,,,,,Y,2,0,2,2,A,-,09,21801,A,N,A,C,A,B,H,-,A,D,0,,,,,Y,,A,01,1,0,1,0,0,0,0,0,0,"- ","- ",39.4878,-121.53058,BUTTE,UNINCORPORATED,-121.53058996999999,39.487809910000003