CASE_ID,ACCIDENT_YEAR,PROC_DATE,JURIS,COLLISION_DATE,COLLISION_TIME,OFFICER_ID,REPORTING_DISTRICT,DAY_OF_WEEK,CHP_SHIFT,POPULATION,CNTY_CITY_LOC,SPECIAL_COND,BEAT_TYPE,CHP_BEAT_TYPE,CITY_DIVISION_LAPD,CHP_BEAT_CLASS,BEAT_NUMBER,PRIMARY_RD,SECONDARY_RD,DISTANCE,DIRECTION,INTERSECTION,WEATHER_1,WEATHER_2,STATE_HWY_IND,CALTRANS_COUNTY,CALTRANS_DISTRICT,STATE_ROUTE,ROUTE_SUFFIX,POSTMILE_PREFIX,POSTMILE,LOCATION_TYPE,RAMP_INTERSECTION,SIDE_OF_HWY,TOW_AWAY,COLLISION_SEVERITY,NUMBER_KILLED,NUMBER_INJURED,PARTY_COUNT,PRIMARY_COLL_FACTOR,PCF_CODE_OF_VIOL,PCF_VIOL_CATEGORY,PCF_VIOLATION,PCF_VIOL_SUBSECTION,HIT_AND_RUN,TYPE_OF_COLLISION,MVIW,PED_ACTION,ROAD_SURFACE,ROAD_COND_1,ROAD_COND_2,LIGHTING,CONTROL_DEVICE,CHP_ROAD_TYPE,PEDESTRIAN_ACCIDENT,BICYCLE_ACCIDENT,MOTORCYCLE_ACCIDENT,TRUCK_ACCIDENT,NOT_PRIVATE_PROPERTY,ALCOHOL_INVOLVED,STWD_VEHTYPE_AT_FAULT,CHP_VEHTYPE_AT_FAULT,COUNT_SEVERE_INJ,COUNT_VISIBLE_INJ,COUNT_COMPLAINT_PAIN,COUNT_PED_KILLED,COUNT_PED_INJURED,COUNT_BICYCLIST_KILLED,COUNT_BICYCLIST_INJURED,COUNT_MC_KILLED,COUNT_MC_INJURED,PRIMARY_RAMP,SECONDARY_RAMP,LATITUDE,LONGITUDE,COUNTY,CITY,POINT_X,POINT_Y
90334324,2016,2016-12-01,9240,2016-11-19,1450,018389,,6,2,9,0400,0,3,5,,2,010,"SR-70 E/B",SR-191,5280.00,W,N,B,C,Y,,,70,,,,,,E,Y,2,0,5,1,A,-,03,22350,,N,E,I,A,B,H,-,A,D,0,,,,,Y,,A,01,1,2,2,0,0,0,0,0,0,"- ","- ",39.585410000000003,-121.61895,BUTTE,UNINCORPORATED,-121.61898624,39.585415980000001
90340222,2016,2016-12-08,9240,2016-12-05,2233,018841,,1,3,9,0400,0,3,5,,2,030,"ORO DAM BLVDE","CANYON DR.",2524.00,W,N,A,-,N,,,,,,,,,,Y,2,0,1,1,A,-,01,23152,E,N,E,I,A,A,H,-,D,D,0,,,,,Y,,A,07,1,0,0,0,0,0,0,0,0,"- ","- ",39.531660000000002,-121.48162000000001,BUTTE,UNINCORPORATED,-121.48240417,39.531460809999999
90367829,2016,2017-02-01,9240,2016-12-29,0109,019784,,4,3,9,0400,0,3,5,,2,010,"POWER HOUSE HILL RD","PALERMO RD",558.00,S,N,A,-,N,,,,,,,,,,N,1,1,0,2,A,-,11,21954,A,N,G,B,E,A,H,-,D,D,0,Y,,,,Y,Y,N,60,0,0,0,1,0,0,0,0,0,"- ","- ",39.432000000000002,-121.59566,BUTTE,UNINCORPORATED,-121.59559347,39.431961520000002
90378897,2017,2017-02-15,9241,2017-01-16,1620,016246,,1,2,9,0400,0,1,3,,2,080,SR-32,"NORTH LINDO AVENUE",0.00,,Y,A,-,Y,,,32,,,,,,,N,2,0,1,2,A,-,13,22515,A,N,G,B,A,A,H,-,A,D,0,,,,,Y,,A,07,1,0,0,0,0,0,0,0,0,"- ","- ",39.741970000000002,-121.88333,BUTTE,UNINCORPORATED,-121.88327993,39.74209201
90383778,2017,2017-02-01,9241,2017-01-01,1410,016246,,7,2,9,0400,0,3,5,,2,007,"COUTOLENC RD","LUCRETIA RD",1584.00,N,N,F,-,N,,,,,,,,,,Y,1,1,0,2,A,-,03,22350,,N,A,C,A,C,H,-,A,D,0,,,,,Y,,A,01,0,0,0,0,0,0,0,0,0,"- ","- ",39.849200000000003,-121.5676,BUTTE,UNINCORPORATED,-121.5662396,39.852135050000001
90396505,2017,2017-02-20,9241,2017-01-24,1230,013855,,2,1,5,0402,0,1,3,,2,100,"SR-99 N/B","E 20TH STREET",0.00,,N,A,-,Y,,,,,,,,,,Y,2,0,2,1,A,-,08,22107,,N,E,I,A,A,H,-,A,D,0,,,,,Y,,A,01,1,1,0,0,0,0,0,0,0,"- ","- ",,,BUTTE,CHICO,-121.80911999999999,39.726109899999997
90397352,2017,2017-02-21,9240,2017-01-20,1705,018389,,5,2,9,0400,0,1,3,,2,041,SR-162,"RIDGEVIEW LN",230.00,E,N,B,C,Y,,,162,,,,,,,Y,2,0,3,1,A,-,03,22350,,F,E,I,A,B,H,-,A,D,0,,,,,Y,,A,07,2,1,0,0,0,0,0,0,0,"- ","- ",39.512749999999997,-121.48119,BUTTE,UNINCORPORATED,-121.48119028000001,39.512772259999998
90399137,2017,2017-02-23,9241,2017-02-19,2355,016120,,7,3,9,0400,0,3,5,,2,008,"LONE PINE AVE","RODGERS AVE",322.00,S,N,C,G,N,,,,,,,,,,Y,2,0,1,1,A,-,08,22107,,N,E,I,A,B,H,-,D,D,0,,,,,Y,,A,01,1,0,0,0,0,0,0,0,0,"- ","- ",39.774050000000003,-121.87309,BUTTE,UNINCORPORATED,-121.86917034,39.691016769999997
90408145,2017,2017-03-08,9241,2017-03-02,1715,019006,,4,2,9,0400,0,1,3,,2,081,"SR-99 N/B",SKYWAY,282.00,N,N,A,-,Y,,,,,,,,,,Y,2,0,1,3,A,-,03,22350,,N,C,C,A,A,H,-,A,D,0,,,Y,,Y,,C,02,1,0,0,0,0,0,0,0,1,"- ","- ",39.716299999999997,-121.8019,BUTTE,UNINCORPORATED,,
90412916,2017,2017-03-15,9241,2017-03-06,1255,013855,,1,1,9,0400,0,1,3,,2,081,"SR-99 S/B","PARK AVE",1580.00,S,N,A,-,Y,,,99,,,,,,S,Y,2,0,2,2,A,-,07,21658,A,N,B,C,A,A,H,-,A,D,0,,,,,Y,,A,07,1,1,0,0,0,0,0,0,0,"- ","- ",39.710999999999999,-121.79711,BUTTE,UNINCORPORATED,-121.79708294,39.7110305
90438136,2017,2017-04-19,9240,2017-04-09,2100,019653,,7,2,9,0400,0,3,5,,2,010,"FOOTHILL BLVD","LOWER WYANDOTTE RD",2640.00,E,N,A,-,N,,,,,,,,,,Y,2,0,1,1,A,-,08,22107,,N,E,I,A,A,H,-,D,D,0,,,,,Y,,A,01,1,0,0,0,0,0,0,0,0,"- ","- ",39.458150000000003,-121.47412,BUTTE,UNINCORPORATED,-121.47420651,39.458212230000001
90451056,2017,2017-05-08,9240,2017-02-09,0037,019710,,4,3,9,0400,0,1,3,,2,032,"STATE ROUTE 70","FOUR TREES RD",973.00,E,N,B,C,Y,,,70,,,,,,,Y,1,1,1,2,A,-,01,23152,A,N,D,E,A,B,D,G,C,A,0,,,,,Y,Y,A,01,0,0,1,0,0,0,0,0,0,"- ","- ",39.80104,-121.44538,BUTTE,UNINCORPORATED,-121.4455067,39.801465090000001
90451563,2017,2017-05-08,9240,2017-04-25,1650,018980,,2,2,9,0400,0,1,3,,2,041,SR-162,"FORBESTOWN RD",0.00,,Y,A,-,Y,,,162,,,,,,,Y,2,0,2,2,A,-,09,21802,A,N,D,C,A,A,H,-,A,A,0,,,Y,,Y,,A,07,1,0,1,0,0,0,0,0,1,"- ","- ",39.514830000000003,-121.44396,BUTTE,UNINCORPORATED,-121.44397786,39.514847779999997
90462668,2017,2018-03-05,9241,2017-04-11,1249,013855,,2,1,9,0400,0,1,3,,2,081,"SR-99 N/B","PARK AVE",2475.00,S,N,C,-,Y,,,,,,,,,,Y,1,1,0,4,A,-,16,24002,A,N,A,J,A,B,H,-,A,D,0,,,,Y,Y,Y,E,22,0,0,0,0,0,0,0,0,0,"- ","- ",39.714460000000003,-121.80065999999999,BUTTE,UNINCORPORATED,-121.79506021,39.709560240000002
90472706,2017,2017-06-07,9241,2017-06-01,1615,017170,,4,2,9,0400,0,2,4,,2,094,"PENTZ RD.",SR-70,528.00,N,N,A,-,N,,,,,,,,,,Y,2,0,2,2,A,-,09,21801,A,N,A,C,A,A,H,-,A,D,0,,,,,Y,,A,07,1,0,1,0,0,0,0,0,0,"- ","- ",39.651910000000001,-121.56183,BUTTE,UNINCORPORATED,-121.56066792,39.650927920000001
90493035,2017,2017-07-03,9241,2017-06-19,0231,019043,,1,3,9,0400,0,3,5,,2,006,"EAST AVE","NORD AVE",140.00,W,N,A,-,N,,,,,,,,,,Y,2,0,1,2,A,-,08,22107,,N,H,F,A,A,H,-,C,A,0,,,,,Y,,A,01,1,0,0,0,0,0,0,0,0,"- ","- ",39.744120000000002,-121.88191,BUTTE,UNINCORPORATED,-121.88200046999999,39.743833350000003
9051270,2020,2020-05-20,0402,2020-02-13,1453,3815,,4,5,5,0402,0,0,0,,0,001,"WEST 1ST AV","WEST SIDE DR",0.00,,Y,A,-,N,,,,,,,,,,N,2,0,1,2,A,-,05,21650,1,N,D,G,A,A,H,-,A,A,0,,Y,,,Y,,L,04,1,0,0,0,0,0,1,0,0,"- ","- ",,,BUTTE,CHICO,,
90521041,2017,2017-08-10,9240,2017-07-28,1740,018389,,5,2,9,0400,0,3,5,,2,010,"OPHIR RD.",SR-70,30.00,E,N,A,-,Y,,,,,,,,,,Y,2,0,3,2,A,-,01,23152,A,N,D,C,A,A,H,-,A,A,0,,,,,Y,Y,A,07,2,0,1,0,0,0,0,0,0,"- ","- ",39.463900000000002,-121.57865,BUTTE,UNINCORPORATED,-121.57879556,39.463962219999999
90523378,2017,2017-08-15,9240,2017-08-07,2155,019435,,1,2,9,0400,0,3,5,,2,010,"COX LANE",SR-70,1056.00,E,N,A,-,N,,,,,,,,,,Y,2,0,2,1,C,-,18,,,N,H,H,A,A,H,-,C,D,0,,,,,Y,,-,"- ",1,0,1,0,0,0,0,0,0,"- ","- ",39.391069999999999,-121.60638,BUTTE,UNINCORPORATED,-121.60830472000001,39.382607929999999
90523897,2017,2017-08-15,9241,2017-07-31,1845,019043,,1,2,9,0400,0,2,4,,2,085,"HEGAN LN","DAYTON RD",0.00,,Y,A,-,N,,,,,,,,,,Y,2,0,1,2,A,-,12,22450,A,N,D,C,A,A,H,-,A,A,0,,,,,Y,,A,01,1,0,0,0,0,0,0,0,0,"- ","- ",39.682000000000002,-121.85693999999999,BUTTE,UNINCORPORATED,-121.85679992999999,39.681919980000004
90539435,2017,2017-09-04,9240,2017-08-16,2008,019842,,3,2,9,0400,0,1,3,,2,031,"SR-70 N/B","FEATHER RIVER BR-12-141 R",429.00,N,N,A,-,Y,,,,,,,,,,Y,2,0,1,1,A,-,01,23152,,N,E,I,A,A,H,-,A,D,0,,,,,Y,Y,A,01,1,0,0,0,0,0,0,0,0,"- ","- ",39.513649999999998,-121.57207,BUTTE,UNINCORPORATED,,
90542204,2017,2017-09-06,9241,2017-08-28,1530,018454,,1,2,9,0400,0,1,3,,1,060,SR-32,"RIVER RD",1320.00,W,N,A,-,Y,,,32,,,,,,,Y,2,0,1,1,A,-,08,22107,,N,E,I,A,A,H,-,A,D,0,,,,,Y,,A,01,1,0,0,0,0,0,0,0,0,"- ","- ",39.753059999999998,-121.97523,BUTTE,UNINCORPORATED,-121.97522121999999,39.752987920000002
90548713,2017,2017-09-15,9241,2017-09-06,0910,016148,,3,1,9,0400,0,3,5,,2,007,"WYCLIFF WAY","STONEHILL CT.",96.00,N,N,A,-,N,,,,,,,,,,N,2,0,1,1,A,-,08,22107,,N,F,I,A,A,H,-,A,D,0,,Y,,,Y,,L,04,1,0,0,0,0,0,1,0,0,"- ","- ",39.82629,-121.60586000000001,BUTTE,UNINCORPORATED,-121.60561923,39.82573446
90563834,2017,2017-10-09,9241,2017-09-09,2127,016360,,6,2,9,0400,0,1,3,,2,080,SR-32,"MERIDIAN ROAD",961.00,E,N,A,-,Y,,,32,,,,,,,Y,1,1,6,2,A,-,01,23153,A,N,E,I,A,A,H,-,D,D,0,,,,,Y,Y,A,01,0,4,2,0,0,0,0,0,0,"- ","- ",39.75282,-121.91522999999999,BUTTE,UNINCORPORATED,-121.91522901,39.752825950000002
90563919,2017,2017-11-14,9240,2017-02-02,1904,019653,,4,2,9,0400,0,1,3,,1,011,SR-70,"CENTRAL HOUSE ROAD",1300.00,S,N,B,C,Y,,,70,,,,,,,Y,1,4,2,2,A,-,05,21460,A,N,D,C,A,B,H,-,D,D,0,,,,,Y,,A,01,2,0,0,0,0,0,0,0,0,"- ","- ",39.346469999999997,-121.60057,BUTTE,UNINCORPORATED,-121.60059563999999,39.346464869999998
90565583,2017,2017-10-09,9241,2017-09-10,0420,018796,,7,3,9,0400,0,1,3,,1,061,SR-99,"GAIA WAY",1584.00,N,N,A,-,Y,,,99,,,,,,,Y,1,1,0,4,A,-,08,22107,,N,G,B,E,A,H,-,D,D,0,Y,,,,Y,Y,A,07,0,0,0,1,0,0,0,0,0,"- ","- ",39.87941,-121.97136999999999,BUTTE,UNINCORPORATED,-121.97143263,39.879352079999997
90576390,2017,2017-10-23,9241,2017-10-10,1210,013966,,2,1,9,0400,0,3,5,,2,008,"DUNCAN ROAD","AGUAS FRIAS ROAD",52.00,E,N,A,-,N,,,,,,,,,,Y,2,0,2,1,A,-,05,21460,A,N,E,I,A,A,H,-,A,D,0,,,,,Y,,A,08,1,0,1,0,0,0,0,0,0,"- ","- ",39.623620000000003,-121.86091,BUTTE,UNINCORPORATED,-121.86099535,39.623819470000001
90588214,2017,2017-11-06,9240,2017-10-29,1720,019060,,7,2,9,0400,0,3,5,,2,010,"ORO BANGOR HWY","MARGARET LN",80.00,N,N,A,-,N,,,,,,,,,,Y,2,0,1,1,C,-,18,,,N,H,H,A,A,H,-,A,D,0,,,Y,,Y,,-,"- ",1,0,0,0,0,0,0,0,1,"- ","- ",39.432389999999998,-121.43033,BUTTE,UNINCORPORATED,-121.43061607999999,39.432381229999997
90592330,2017,2017-11-13,9240,2017-11-09,1110,013161,,4,1,9,0400,0,3,5,,2,010,"ORO BANGOR HWY","SWEDES FLAT RD",2112.00,N,N,B,-,N,,,,,,,,,,Y,2,0,1,1,A,-,03,22349,B,N,E,I,A,B,H,-,A,D,0,,,,,Y,,A,07,1,0,0,0,0,0,0,0,0,"- ","- ",39.446829999999999,-121.43719,BUTTE,UNINCORPORATED,-121.437563,39.447444789999999
90594351,2017,2017-11-14,9240,2017-11-05,0525,018841,,7,3,9,0400,0,3,5,,2,020,"W. BIGGS GRIDLEY RD.","RUDD LN",2217.00,N,N,A,-,N,,,,,,,,,,Y,2,0,1,1,A,-,01,23152,A,N,E,I,A,A,H,-,D,D,0,,,,,Y,Y,A,01,1,0,0,0,0,0,0,0,0,"- ","- ",39.388339999999999,-121.70716,BUTTE,UNINCORPORATED,-121.70669812,39.387397679999999
90596298,2017,2017-11-16,9240,2017-10-18,2046,019710,,3,2,9,0400,0,1,3,,2,041,"STATE ROUTE 162","TYME WAY",2112.00,W,N,A,-,Y,,,162,,,,,,,Y,1,1,1,2,A,-,01,23152,A,N,A,C,A,A,H,-,D,D,0,,,Y,,Y,Y,C,02,0,1,0,0,0,0,0,1,0,"- ","- ",39.504100000000001,-121.50920000000001,BUTTE,UNINCORPORATED,-121.50920372,39.504115609999999
90597467,2017,2017-11-20,9240,2017-11-16,0630,013161,,4,1,9,0400,0,3,5,,2,010,"PALERMO RD","LONE TREE RD",0.00,,Y,B,-,N,,,,,,,,,,Y,2,0,2,2,A,-,12,22450,A,N,D,C,A,B,H,-,B,A,0,,,,Y,Y,,F,26,1,1,0,0,0,0,0,0,0,"- ","- ",39.434199999999997,-121.57679,BUTTE,UNINCORPORATED,-121.57678987,39.434199890000002
90602704,2017,2017-11-27,9241,2017-11-18,1345,017170,,6,1,9,0400,0,1,3,,2,081,"SR-99 S/B","ESTATES DR",250.00,N,N,A,-,Y,,,99,,,,,,S,Y,2,0,2,4,A,-,03,22350,,N,C,C,A,A,H,-,A,A,0,,,,,Y,,J,48,1,0,1,0,0,0,0,0,0,"- ","- ",39.691490000000002,-121.77507,BUTTE,UNINCORPORATED,-121.77511914999999,39.69143511
90603548,2017,2017-11-28,9240,2017-11-21,0050,019842,,2,3,9,0400,0,1,3,,2,032,SR-70,"PLUMAS COUNTY LINE",2640.00,W,N,B,-,Y,,,70,,,,,,,Y,2,0,2,1,A,-,03,22350,,N,E,I,A,B,H,-,D,D,0,,,,Y,Y,,G,25,1,1,0,0,0,0,0,0,0,"- ","- ",39.865409999999997,-121.38217,BUTTE,UNINCORPORATED,-121.38221373,39.865488939999999
90614105,2017,2017-12-11,9241,2017-12-03,0050,019006,,7,3,9,0400,0,1,3,,2,081,"SR-99 N/B","ESTATES DR",87.00,S,N,B,-,Y,,,99,,,,,,N,Y,2,0,2,2,A,-,01,23152,A,N,C,C,A,A,H,-,C,A,0,,,,,Y,Y,A,01,1,0,1,0,0,0,0,0,0,"- ","- ",39.690150000000003,-121.77330000000001,BUTTE,UNINCORPORATED,-121.77330723999999,39.69014198
90641038,2017,2018-01-16,9240,2017-12-28,2158,019055,,4,2,3,0404,0,1,3,,2,041,SR-162,"SIMMONS RD",6336.00,E,N,A,-,Y,,,,,,,,,,Y,2,0,1,1,A,-,01,23152,A,N,E,I,A,A,H,-,D,D,0,,,,,Y,Y,A,01,1,0,0,0,0,0,0,0,0,"- ","- ",39.577640000000002,-121.42968999999999,BUTTE,OROVILLE,-121.42956572,39.578372139999999
9064133,2020,2020-05-14,0402,2020-02-19,1336,3615,,3,5,5,0402,0,0,0,,0,005,"MANZANITA AV","CEANOTHUS AV",0.00,,Y,A,-,N,,,,,,,,,,Y,2,0,1,3,A,-,05,21650,,N,A,C,A,A,C,-,A,D,0,,,,,Y,,A,01,1,0,0,0,0,0,0,0,0,"- ","- ",,,BUTTE,CHICO,-121.81961822509766,39.755760192871094
90647384,2017,2018-01-25,9240,2017-11-19,1738,018967,,7,2,9,0400,0,1,3,,1,011,SR-70,"PALERMO RD",0.00,,Y,B,-,Y,,,70,,,,,,,Y,1,2,1,2,A,-,01,23152,A,N,D,C,A,A,H,-,C,A,0,,,,,Y,Y,A,01,1,0,0,0,0,0,0,0,0,"- ","- ",39.433579999999999,-121.60514000000001,BUTTE,UNINCORPORATED,-121.6051284,39.433579909999999
90647597,2018,2018-01-25,9241,2018-01-13,1420,016414,,6,2,9,0400,0,2,4,,2,063,"COHASSET RD","JACK RABBIT FLAT",5808.00,S,N,A,-,N,,,,,,,,,,Y,2,0,3,2,A,-,05,21460,A,N,A,C,A,A,H,-,A,D,0,,,,,Y,,A,01,1,2,0,0,0,0,0,0,0,"- ","- ",39.858638763427734,-121.78877258300781,BUTTE,UNINCORPORATED,-121.78894805908203,39.858509063720703
90648924,2017,2018-01-26,9240,2017-12-25,1350,020587,,1,1,9,0400,0,3,5,,2,040,"BALD ROCK RD","MURPHY LANE",638.00,W,N,A,-,N,,,,,,,,,,Y,2,0,1,1,A,-,01,23152,A,N,E,I,A,A,H,-,A,D,0,,,,,Y,Y,D,22,1,0,0,0,0,0,0,0,0,"- ","- ",39.632660000000001,-121.37721000000001,BUTTE,UNINCORPORATED,,
9065401,2019,2020-06-23,0405,2019-11-08,1454,AKI01,,5,5,4,0405,0,0,0,,0,,SKYWAY,"LUCKY JOHN",135.00,N,N,A,-,N,,,,,,,,,,Y,2,0,1,2,A,-,03,22350,,N,C,C,A,A,H,-,A,D,0,,,Y,,Y,,-,,1,0,0,0,0,0,0,0,1,"- ","- ",39.765251159667969,-121.61676788330078,BUTTE,PARADISE,-121.61671447753906,39.765796661376953
90656142,2017,2018-02-06,9240,2017-05-25,1938,018389,,4,2,9,0400,0,3,5,,2,010,"LINCOLN BLVD.","BAGGETT MARYSVILLE RD",215.00,N,N,A,-,N,,,,,,,,,,Y,1,1,1,1,A,-,03,22350,,N,E,I,A,A,D,-,A,A,0,,,,,Y,,A,01,0,1,0,0,0,0,0,0,0,"- ","- ",39.48977,-121.55124000000001,BUTTE,UNINCORPORATED,-121.55118363,39.489691669999999
90665019,2018,2018-07-03,9240,2018-01-21,0138,019435,,7,3,9,0400,0,3,5,,2,010,"LAS PLUMAS AVE","LOWER WYANDOTTE RD",0.00,,Y,A,-,N,,,,,,,,,,Y,1,1,2,2,A,-,01,23152,A,N,D,C,A,A,H,-,C,A,0,,,,,Y,Y,A,07,0,1,1,0,0,0,0,0,0,"- ","- ",39.480480194091797,-121.35051727294922,BUTTE,UNINCORPORATED,-121.53058624267578,39.480491638183594
90665099,2018,2019-12-04,9241,2018-01-15,1435,015794,,1,2,9,0400,0,3,5,,2,006,"ANITA RD",SR-99,197.00,W,N,B,-,Y,,,,,,,,,,N,1,1,0,2,B,-,22,,,N,F,A,A,A,H,-,A,D,0,,,,,Y,,M,46,0,0,0,0,0,0,0,0,0,"- ","- ",39.81121826171875,-121.9169921875,BUTTE,UNINCORPORATED,-121.91672515869141,39.811279296875
90681326,2018,2018-03-20,9241,2018-03-05,1215,014929,,1,1,9,0400,0,1,3,,2,093,SR-191,"MEADOW SONG DRIVE",633.00,S,N,A,-,Y,,,191,,,,,,,Y,1,1,1,2,A,-,08,22107,,N,A,C,A,A,H,-,A,D,0,,,,,Y,,A,01,1,0,0,0,0,0,0,0,0,"- ","- ",39.720668792724609,-121.6114501953125,BUTTE,UNINCORPORATED,-121.6114501953125,39.720672607421875
90684956,2018,2018-03-19,9241,2018-03-08,0625,016414,,4,1,9,0400,0,2,4,,2,086,"DURHAM-DAYTON HWY","VAN NESS WAY",140.00,E,N,B,-,N,,,,,,,,,,Y,2,0,1,1,A,-,08,22107,,N,E,I,A,B,H,-,A,D,0,,,,,Y,,A,07,1,0,0,0,0,0,0,0,0,"- ","- ",39.646480560302734,-121.79308319091797,BUTTE,UNINCORPORATED,-121.79307556152344,39.64642333984375
90687623,2018,2018-06-01,9240,2018-01-30,1955,020587,,2,2,9,0400,0,3,5,,2,010,"UPPER PALERMO RD","WHEELER AVE",57.00,N,N,A,-,N,,,,,,,,,,Y,1,1,0,1,A,-,01,23152,F,N,E,I,A,A,H,-,D,D,0,,,Y,,Y,,C,02,0,0,0,0,0,0,0,1,0,"- ","- ",39.464481353759766,-121.52577209472656,BUTTE,UNINCORPORATED,-121.52583312988281,39.464206695556641
90689675,2018,2018-03-26,9241,2018-03-21,1438,016148,,3,2,9,0400,0,1,3,,1,060,"SR-32 E/B","LA CASTANA DR",0.00,,Y,B,E,Y,,,32,,,,,,E,Y,2,0,2,2,A,-,09,21801,A,N,A,C,A,B,H,-,A,D,0,,,,,Y,,A,07,1,1,0,0,0,0,0,0,0,"- ","- ",39.812770843505859,-121.71240997314453,BUTTE,UNINCORPORATED,-121.71239471435547,39.812767028808594
90696175,2018,2018-04-02,9240,2018-03-23,1730,019710,,5,2,9,0400,0,1,3,,2,041,"STATE ROUTE 162","LOST HORIZON DR",352.00,W,N,B,-,Y,,,162,,,,,,,Y,2,0,1,1,A,-,01,23152,A,N,E,I,A,A,H,-,A,D,0,,,,,Y,Y,A,07,1,0,0,0,0,0,0,0,0,"- ","- ",39.506881713867188,-121.45069122314453,BUTTE,UNINCORPORATED,-121.45048522949219,39.506786346435547
90696177,2018,2018-04-02,9240,2018-03-27,1815,020170,,2,2,9,0400,0,1,3,,2,031,"SR-70 N/B","MONTGOMERY ST",312.00,S,N,A,-,Y,,,,,,,,,,Y,2,0,1,1,C,-,18,,,N,F,A,A,A,H,-,A,D,0,,,,,Y,,-,"- ",1,0,0,0,0,0,0,0,0,"- ","- ",39.508098602294922,-121.57311248779297,BUTTE,UNINCORPORATED,-121.5733642578125,39.507305145263672
90700653,2018,2018-08-06,9240,2018-02-11,1815,018967,,7,2,9,0400,0,1,3,,2,031,"SR-70 N/B","COTTONWOOD DR O/C",975.00,S,N,A,-,Y,,,,,,,,,,Y,1,1,0,3,A,-,01,23152,A,N,B,C,A,A,H,-,D,D,0,,,Y,,Y,Y,C,02,0,0,0,0,0,0,0,1,0,"- ","- ",39.554901123046875,-121.59980010986328,BUTTE,UNINCORPORATED,-121.59906768798828,39.554096221923828
90707552,2018,2018-04-17,9241,2018-04-16,0726,019435,,1,1,9,0400,0,2,4,,2,086,"DURHAM-DAYTON HWY","ROBLE RD",1214.00,W,N,B,-,N,,,,,,,,,,Y,2,0,1,2,A,-,03,22350,,N,C,C,A,A,H,-,A,D,0,,,,Y,Y,,A,01,1,0,0,0,0,0,0,0,0,"- ","- ",39.704109191894531,-121.78724670410156,BUTTE,UNINCORPORATED,-121.81901550292969,39.652812957763672
90709073,2018,2018-04-19,9241,2018-04-05,0900,016148,,4,1,9,0400,0,2,4,,2,063,"COHASSET ROAD","KEEFER ROAD",0.00,,Y,A,-,N,,,,,,,,,,N,2,0,1,2,A,-,09,21802,A,N,D,G,A,A,H,-,A,D,0,,Y,,,Y,,L,04,1,0,0,0,0,0,1,0,0,"- ","- ",39.834098815917969,-121.84426116943359,BUTTE,UNINCORPORATED,-121.84429931640625,39.834068298339844
9070999,2020,2020-10-20,0402,2020-02-28,0827,P01277,18,5,5,5,0402,0,0,0,,0,001,"NORD AV","NORD AV 200",0.00,,Y,A,-,Y,BUT,3,32,-,-,8.320,H,-,,Y,2,0,1,1,A,-,05,21650,,N,E,J,A,A,H,-,A,D,0,,,,,Y,,A,01,1,0,0,0,0,0,0,0,0,"- ","- ",39.725601196289062,-121.85089874267578,BUTTE,CHICO,-121.85089874267578,39.725601196289062
90712078,2018,2018-04-24,9241,2018-04-17,2115,018454,,2,2,9,0400,0,2,4,,2,062,"KEEFER RD","KELSEY DR",7.00,E,N,A,-,N,,,,,,,,,,Y,2,0,1,1,A,-,08,22107,,N,E,I,A,A,H,-,D,D,0,,,Y,,Y,Y,C,02,1,0,0,0,0,0,0,0,1,"- ","- ",39.817878723144531,-121.88661956787109,BUTTE,UNINCORPORATED,-121.88669586181641,39.817909240722656
90716646,2018,2018-04-30,9241,2018-03-11,2122,016148,,7,2,5,0402,0,1,3,,2,100,"SR-99 N/B","E 5TH AVE",465.00,S,N,A,-,Y,,,99,,,,,,N,Y,1,1,0,1,A,-,08,22107,,N,E,I,A,A,H,-,C,D,0,,,,,Y,,D,22,0,0,0,0,0,0,0,0,0,"- ","- ",39.747699737548828,-121.83467102050781,BUTTE,CHICO,-121.83462524414062,39.747764587402344
90722010,2018,2018-05-08,9241,2018-05-03,1040,016246,,4,1,9,0400,0,2,4,,2,070,SKYWAY,"DECATUR DRIVE",85.00,S,N,A,-,N,,,,,,,,,,Y,2,0,1,2,A,-,08,22107,,N,B,C,A,A,H,-,A,D,0,,,,,Y,,D,22,1,0,0,0,0,0,0,0,0,"- ","- ",39.492198944091797,-121.35399627685547,BUTTE,UNINCORPORATED,-121.59458923339844,39.822483062744141
90728836,2018,2018-05-17,9240,2018-04-19,1317,018841,,4,1,9,0400,0,3,5,,2,010,"FOOTHILL BLVD","WINDFALL WAY",1201.00,S,N,A,-,N,,,,,,,,,,N,1,1,0,2,A,-,08,22107,,F,G,B,E,A,H,-,A,D,0,Y,,,,Y,,D,22,0,0,0,1,0,0,0,0,0,"- ","- ",39.471019744873047,-121.48731231689453,BUTTE,UNINCORPORATED,-121.48734283447266,39.471183776855469