CASE_ID,ACCIDENT_YEAR,PROC_DATE,JURIS,COLLISION_DATE,COLLISION_TIME,OFFICER_ID,REPORTING_DISTRICT,DAY_OF_WEEK,CHP_SHIFT,POPULATION,CNTY_CITY_LOC,SPECIAL_COND,BEAT_TYPE,CHP_BEAT_TYPE,CITY_DIVISION_LAPD,CHP_BEAT_CLASS,BEAT_NUMBER,PRIMARY_RD,SECONDARY_RD,DISTANCE,DIRECTION,INTERSECTION,WEATHER_1,WEATHER_2,STATE_HWY_IND,CALTRANS_COUNTY,CALTRANS_DISTRICT,STATE_ROUTE,ROUTE_SUFFIX,POSTMILE_PREFIX,POSTMILE,LOCATION_TYPE,RAMP_INTERSECTION,SIDE_OF_HWY,TOW_AWAY,COLLISION_SEVERITY,NUMBER_KILLED,NUMBER_INJURED,PARTY_COUNT,PRIMARY_COLL_FACTOR,PCF_CODE_OF_VIOL,PCF_VIOL_CATEGORY,PCF_VIOLATION,PCF_VIOL_SUBSECTION,HIT_AND_RUN,TYPE_OF_COLLISION,MVIW,PED_ACTION,ROAD_SURFACE,ROAD_COND_1,ROAD_COND_2,LIGHTING,CONTROL_DEVICE,CHP_ROAD_TYPE,PEDESTRIAN_ACCIDENT,BICYCLE_ACCIDENT,MOTORCYCLE_ACCIDENT,TRUCK_ACCIDENT,NOT_PRIVATE_PROPERTY,ALCOHOL_INVOLVED,STWD_VEHTYPE_AT_FAULT,CHP_VEHTYPE_AT_FAULT,COUNT_SEVERE_INJ,COUNT_VISIBLE_INJ,COUNT_COMPLAINT_PAIN,COUNT_PED_KILLED,COUNT_PED_INJURED,COUNT_BICYCLIST_KILLED,COUNT_BICYCLIST_INJURED,COUNT_MC_KILLED,COUNT_MC_INJURED,PRIMARY_RAMP,SECONDARY_RAMP,LATITUDE,LONGITUDE,COUNTY,CITY,POINT_X,POINT_Y
90731005,2018,2018-05-22,9241,2018-05-13,1600,016555,,7,2,9,0400,0,3,5,,2,007,"HUMBUG RD",SKYWAY,26400.00,S,N,A,-,N,,,,,,,,,,N,2,0,1,1,A,-,03,22350,,N,F,A,A,D,H,-,A,D,0,,,Y,,Y,,C,02,1,0,0,0,0,0,0,0,1,"- ","- ",39.993499755859375,-121.56475830078125,BUTTE,UNINCORPORATED,-121.61782836914062,39.847099304199219
90736505,2018,2018-05-29,9241,2018-05-24,1744,017114,,4,2,9,0400,0,2,4,,2,070,"SKYWAY N/B","DOGTOWN RD. (UPPER)",448.00,S,N,A,-,N,,,,,,,,,,Y,2,0,1,1,A,-,01,23152,A,N,E,I,A,A,H,-,A,D,0,,,,,Y,Y,A,07,1,0,0,0,0,0,0,0,0,"- ","- ",39.830059051513672,-121.59587860107422,BUTTE,UNINCORPORATED,-121.59605407714844,39.829555511474609
90737338,2018,2018-05-30,9241,2018-05-25,1700,016360,,5,2,9,0400,0,2,4,,2,083,"RIVER RD","W SACRAMENTO AVENUE",7392.00,S,N,A,B,N,,,,,,,,,,Y,2,0,1,1,A,-,08,22107,,N,E,I,A,B,H,-,A,D,0,,,Y,,Y,,C,06,1,0,0,0,0,0,0,0,1,"- ","- ",39.707271575927734,-121.94319152832031,BUTTE,UNINCORPORATED,-121.94367218017578,39.709072113037109
90739655,2018,2018-06-04,9240,2018-05-28,2110,019972,,1,2,9,0400,0,1,3,,2,041,SR-162,"ARBOL AVE.",528.00,W,N,A,-,Y,,,162,,,,,,,N,2,0,1,2,A,-,08,22107,,N,G,B,E,A,H,-,D,A,0,Y,,,,Y,,D,22,1,0,0,0,1,0,0,0,0,"- ","- ",39.505260467529297,-121.51962280273438,BUTTE,UNINCORPORATED,-121.51963043212891,39.505287170410156
90743715,2018,2018-06-07,9240,2018-04-26,1555,021137,,4,2,9,0400,0,3,5,,2,010,"LA PORTE RD","GRIMY GULCH RD",385.00,S,N,A,-,N,,,,,,,,,,Y,2,0,1,1,A,-,01,23152,A,N,F,A,A,A,H,-,A,D,0,,,Y,,Y,Y,C,02,1,0,0,0,0,0,0,0,1,"- ","- ",39.369430541992188,-121.41497802734375,BUTTE,UNINCORPORATED,-121.41532135009766,39.370285034179688
90747631,2018,2018-06-13,9241,2018-05-21,1450,015794,,1,2,9,0400,0,2,4,,2,090,SKYWAY,"CANYON RIM PL",819.00,W,N,A,-,N,,,,,,,,,,Y,1,1,0,1,A,-,08,22107,,N,E,I,A,A,H,-,A,D,0,,,,,Y,,D,22,0,0,0,0,0,0,0,0,0,"- ","- ",39.703578948974609,-121.74961853027344,BUTTE,UNINCORPORATED,-121.74924468994141,39.703731536865234
90755243,2018,2018-06-25,9240,2018-06-15,1415,018841,,5,2,9,0400,0,1,3,,1,021,"RT 99","TOWNSHIP RD.",0.00,,Y,A,-,Y,,,99,,,,,,,Y,2,0,3,2,A,-,09,21802,A,N,D,C,A,A,H,-,A,A,0,,,,,Y,,A,01,1,1,1,0,0,0,0,0,0,"- ","- ",39.343761444091797,-121.68689727783203,BUTTE,UNINCORPORATED,-121.68684387207031,39.343788146972656
90765187,2018,2018-07-09,9241,2018-06-30,1627,020624,,6,2,9,0400,0,3,5,,2,008,"MIDWAY (9600 BLOCK)","ROBLE RD",3168.00,S,N,A,-,N,,,,,,,,,,Y,2,0,1,1,A,-,08,22107,,N,E,I,A,A,H,-,A,D,0,,,,,Y,,A,07,1,0,0,0,0,0,0,0,0,"- ","- ",39.654499053955078,-121.80278778076172,BUTTE,UNINCORPORATED,-121.80267333984375,39.654006958007812
90765673,2018,2018-07-09,9240,2018-07-02,1950,019055,,1,2,9,0400,0,3,5,,2,010,"GRUBBS ROAD","S. VILLA AVENUE",500.00,E,N,A,-,N,,,,,,,,,,Y,2,0,3,1,A,-,03,22350,,N,F,A,A,A,H,-,A,D,0,,,,,Y,,D,22,3,0,0,0,0,0,0,0,0,"- ","- ",39.432388305664062,-121.51963806152344,BUTTE,UNINCORPORATED,-121.51918792724609,39.432868957519531
9076871,2020,2020-07-03,0402,2020-03-13,2339,P00837,83,5,5,5,0402,0,0,0,,0,006,"OLEANDER AV","EAST 1ST AV",0.00,,Y,A,-,N,,,,,,,,,,Y,2,0,4,2,A,-,01,23152,A,N,D,C,A,A,H,-,C,A,0,,,,,Y,,A,01,2,2,0,0,0,0,0,0,0,"- ","- ",,,BUTTE,CHICO,-121.84398651123047,39.738540649414062
90773460,2018,2018-07-20,9241,2018-07-14,1830,019006,,6,2,9,0400,0,3,5,,2,007,"PHILBROOK RD","W BRANCH CAMP RD",264.00,N,N,A,-,N,,,,,,,,,,Y,2,0,3,1,C,-,18,,,N,E,I,A,A,H,-,A,D,0,,,,,Y,,-,"- ",1,2,0,0,0,0,0,0,0,"- ","- ",40.036930084228516,-121.49333190917969,BUTTE,UNINCORPORATED,-121.49489593505859,40.034076690673828
9078004,2020,2021-08-02,0404,2020-02-13,1504,703,W,4,5,3,0404,0,0,0,,0,00W,"OROVILLE DAM BL EAST","7TH AV",320.00,W,N,A,-,N,,,,,,,,,,Y,2,0,1,2,A,-,06,21750,,N,B,C,A,A,H,-,A,D,0,,,,,Y,,A,01,1,0,0,0,0,0,0,0,0,"- ","- ",,,BUTTE,OROVILLE,-121.569580078125,39.498302459716797
90786163,2018,2018-08-07,9241,2018-08-06,1615,016360,,1,2,9,0400,0,3,5,,2,009,"NEAL RD","GOA WAY",528.00,W,N,A,-,N,,,,,,,,,,N,2,0,1,2,A,-,05,21460,A,N,A,C,A,A,H,-,A,D,0,,,Y,,Y,,-,99,1,0,0,0,0,0,0,0,1,"- ","- ",39.716808319091797,-121.66084289550781,BUTTE,UNINCORPORATED,-121.66060638427734,39.717636108398438
90787420,2018,2018-08-09,9241,2018-08-03,2055,018879,,5,2,9,0400,0,1,3,,2,080,"W. EAST AVE","NORD AVE",133.00,W,N,A,-,N,,,,,,,,,,N,2,0,1,2,A,-,11,21954,A,N,G,B,D,A,H,-,D,A,0,Y,,,,Y,Y,N,60,1,0,0,0,1,0,0,0,0,"- ","- ",39.743850708007812,-121.88208770751953,BUTTE,UNINCORPORATED,-121.88198852539062,39.743850708007812
90788693,2018,2018-08-13,9240,2018-08-08,1220,018808,,3,1,9,0400,0,3,5,,2,010,"LOUIS AVE","CITRUS AVE",0.00,,N,A,-,N,,,,,,,,,,Y,2,0,5,1,A,-,05,21650,,N,E,I,A,A,H,-,A,D,0,,,,,Y,,A,07,1,0,4,0,0,0,0,0,0,"- ","- ",39.425590515136719,-121.53103637695312,BUTTE,UNINCORPORATED,-121.53086090087891,39.425621032714844
90822327,2018,2018-09-27,9240,2018-09-09,0148,019842,,7,3,9,0400,0,3,5,,2,010,"LOWER WYANDOTTE RD","FOOTHILL BLVD",60.00,W,N,A,-,N,,,,,,,,,,Y,2,0,2,1,A,-,01,23152,A,N,E,I,A,A,H,-,D,D,0,,,,,Y,Y,A,01,1,0,1,0,0,0,0,0,0,"- ","- ",39.462779998779297,-121.48130798339844,BUTTE,UNINCORPORATED,-121.48126983642578,39.462825775146484
90836045,2018,2018-10-24,9240,2018-09-08,0805,018396,,6,1,9,0400,0,3,5,,2,020,"WEST LIBERTY ROAD","LEWIS OAK RD",419.00,E,N,A,-,N,,,,,,,,,,N,1,1,0,2,A,-,03,22350,,N,G,B,E,A,H,-,A,D,0,Y,,,,Y,,E,22,0,0,0,1,0,0,0,0,0,"- ","- ",39.348220825195312,-121.71890258789062,BUTTE,UNINCORPORATED,-121.71903991699219,39.348251342773438
90841212,2018,2018-10-22,9241,2018-10-16,1002,018796,,2,1,5,0402,0,1,3,,2,100,"SR-99 N/B","E 5 TH AVE",395.00,N,N,A,-,Y,,,99,,,,,,N,Y,2,0,2,3,A,-,03,22350,,N,C,C,A,A,H,-,A,D,0,,,,Y,Y,,G,25,1,0,1,0,0,0,0,0,0,"- ","- ",39.749069213867188,-121.83638000488281,BUTTE,CHICO,-121.83638000488281,39.749069213867188
90841770,2018,2018-10-22,9240,2018-10-14,0842,017760,,7,1,9,0400,0,3,5,,2,010,"MELVINA AVE","SOUTH VILLA AVE",0.00,,Y,A,-,N,,,,,,,,,,N,2,0,2,2,A,-,09,21802,A,N,D,C,A,A,H,-,A,A,0,,,,,Y,,A,01,1,0,1,0,0,0,0,0,0,"- ","- ",39.431209564208984,-121.5472412109375,BUTTE,UNINCORPORATED,-121.54721069335938,39.431121826171875
90844051,2018,2018-10-24,9240,2018-10-21,0850,014788,,7,1,9,0400,0,1,3,,2,032,"STATE ROUTE 70","TRUEX RD",2640.00,W,N,A,-,Y,,,70,,,,,,,N,2,0,1,1,C,-,18,,,N,H,H,A,A,H,-,A,D,0,,,Y,,Y,,-,"- ",1,0,0,0,0,0,0,0,1,"- ","- ",39.670341491699219,-121.52588653564453,BUTTE,UNINCORPORATED,-121.52607727050781,39.670356750488281
90848084,2018,2018-10-29,9241,2018-10-22,0905,018879,,1,1,9,0400,0,2,4,,2,085,"DAYTON RD","HEGAN LN",0.00,,Y,A,-,N,,,,,,,,,,Y,2,0,3,2,A,-,09,21802,A,N,D,C,A,A,H,-,A,A,0,,,,,Y,,A,01,1,2,0,0,0,0,0,0,0,"- ","- ",39.681938171386719,-121.85679626464844,BUTTE,UNINCORPORATED,-121.85679626464844,39.681919097900391
90855791,2018,2018-11-08,9240,2018-11-01,2237,021137,,4,3,9,0400,0,1,3,,2,041,SR-162,"TYME WAY",1584.00,W,N,A,-,Y,,,162,,,,,,,Y,2,0,1,2,A,-,11,21956,A,N,G,B,D,A,H,-,C,D,0,Y,,,,Y,Y,N,60,1,0,0,0,1,0,0,0,0,"- ","- ",39.504570007324219,-121.50811004638672,BUTTE,UNINCORPORATED,-121.50811767578125,39.504581451416016
90863394,2018,2018-11-19,9241,2018-11-08,1745,017170,,4,2,9,0400,0,1,3,,1,060,SR-32,"CANYON SHADOWS RD",3168.00,W,N,A,-,Y,,,32,,,,,,,Y,2,0,3,3,A,-,01,23152,A,N,C,C,A,A,H,-,D,D,0,,,,,Y,Y,D,22,1,0,2,0,0,0,0,0,0,"- ","- ",39.790241241455078,-121.72286987304688,BUTTE,UNINCORPORATED,-121.72286224365234,39.790233612060547
90878110,2018,2018-12-07,9240,2018-11-21,2254,019055,,3,3,9,0400,0,1,3,,2,031,"SR-70 E/B","COTTONWOOD RD",4752.00,S,N,B,-,Y,,,70,,,,,,E,Y,2,0,5,1,A,-,01,23152,A,N,E,I,A,B,H,-,D,D,0,,,,,Y,Y,A,07,2,0,3,0,0,0,0,0,0,"- ","- ",39.543289184570312,-121.59013366699219,BUTTE,UNINCORPORATED,-121.590087890625,39.543331146240234
90889411,2018,2018-12-24,9241,2018-12-20,1530,017170,,4,2,9,0400,0,1,3,,1,060,SR-32,"CANYON SHADOWS RD",0.00,,Y,B,-,Y,,,32,,,,,,,Y,2,0,2,2,A,-,21,22106,,N,D,C,A,A,H,-,A,A,0,,,,,Y,,A,01,2,0,0,0,0,0,0,0,0,"- ","- ",39.798561096191406,-121.7183837890625,BUTTE,UNINCORPORATED,-121.71836853027344,39.798557281494141
90894357,2018,2018-12-31,9241,2018-12-19,1250,018796,,3,1,9,0400,0,2,4,,2,070,SKYWAY,"PENTZ RD",339.00,E,N,A,-,N,,,,,,,,,,Y,2,0,4,3,A,-,05,21460,A,N,A,C,A,A,H,-,A,D,0,,,,,Y,,A,07,1,1,2,0,0,0,0,0,0,"- ","- ",39.800899505615234,-121.57968139648438,BUTTE,UNINCORPORATED,-121.58087921142578,39.800441741943359
90899196,2018,2019-01-07,9240,2018-10-10,2100,019842,,3,2,9,0400,0,3,5,,2,010,"LOWER WYANDOTTE ROAD","FOOTHILL BLVD",358.00,W,N,A,-,N,,,,,,,,,,Y,1,1,3,6,A,-,01,23152,F,N,G,B,E,A,H,-,D,D,0,Y,,,,Y,,D,22,1,2,0,1,2,0,0,0,0,"- ","- ",39.462871551513672,-121.48238372802734,BUTTE,UNINCORPORATED,-121.4822998046875,39.462863922119141
90913911,2019,2019-01-28,9241,2019-01-24,1920,018454,,4,2,9,0400,0,2,4,,2,096,"HONEY RUN RD",SKYWAY,30.00,N,N,A,-,N,,,,,,,,,,N,2,0,1,1,A,-,03,22350,,N,F,I,A,A,B,-,D,D,0,,Y,,,Y,,L,04,1,0,0,0,0,0,1,0,0,"- ","- ",39.711658477783203,-121.77442169189453,BUTTE,UNINCORPORATED,-121.77449798583984,39.711505889892578
90915620,2019,2019-01-31,9241,2019-01-28,1740,016831,,1,2,9,0400,0,1,3,,1,061,SR-99,"WISLON LANDING",0.00,,Y,B,-,Y,,,99,,,,,,,Y,2,0,3,2,A,-,17,24250,,N,D,C,A,A,H,-,C,D,0,,,,,Y,,A,01,2,1,0,0,0,0,0,0,0,"- ","- ",39.797050476074219,-121.90289306640625,BUTTE,UNINCORPORATED,-121.90288543701172,39.797054290771484
90923397,2019,2019-02-11,9240,2019-02-03,2055,020376,,7,2,9,0400,0,3,5,,2,020,"TOWNSHIP RD","HURLBURT LANE",346.00,S,N,B,-,Y,,,,,,,,,,Y,2,0,2,1,A,-,01,23152,A,N,E,I,A,A,H,-,D,D,0,,,,,Y,Y,A,01,2,0,0,0,0,0,0,0,0,"- ","- ",39.343368530273438,-121.68763732910156,BUTTE,UNINCORPORATED,-121.687744140625,39.342292785644531
90931199,2019,2019-02-21,9241,2019-02-19,1725,015794,,2,2,5,0402,0,1,3,,2,100,"SR-99 N/B","EATON RD",1050.00,N,N,A,-,Y,,,99,,,,,,N,Y,2,0,4,2,A,-,03,22350,,N,C,C,A,A,H,-,D,D,0,,,,,Y,,A,01,1,0,3,0,0,0,0,0,0,"- ","- ",39.776939392089844,-121.87626647949219,BUTTE,CHICO,-121.87625885009766,39.776958465576172
90931470,2019,2019-02-21,9240,2019-02-02,2345,020170,,6,3,9,0400,0,1,3,,1,021,SR-99,"MORRISON SLOUGH",802.00,N,N,B,C,Y,,,99,,,,,,,N,1,1,0,2,A,-,11,21954,A,N,G,B,D,B,H,-,D,D,0,Y,,,,Y,,N,60,0,0,0,1,0,0,0,0,0,"- ","- ",39.307941436767578,-121.67369842529297,BUTTE,UNINCORPORATED,-121.67369079589844,39.307945251464844
90935670,2019,2019-02-28,9240,2019-02-19,0110,019055,,2,3,9,0400,0,1,3,,2,041,SR-162,"QUINCY PLACE",80.00,E,N,A,-,Y,,,162,,,,,,,Y,2,0,1,1,A,-,01,23152,A,N,E,I,A,A,H,-,D,D,0,,,,,Y,Y,A,01,1,0,0,0,0,0,0,0,0,"- ","- ",39.512100219726562,-121.47869873046875,BUTTE,UNINCORPORATED,-121.47882843017578,39.511966705322266
90936067,2019,2019-02-28,9240,2019-02-04,0145,020170,,1,3,9,0400,0,3,5,,2,010,"LOWER WYANDOTTE RD","OAK KNOLL WAY",730.00,N,N,B,C,N,,,,,,,,,,Y,1,1,2,2,A,-,01,23152,A,N,A,C,A,B,H,-,D,D,0,,,,,Y,Y,A,01,1,0,1,0,0,0,0,0,0,"- ","- ",39.485988616943359,-121.53054809570312,BUTTE,UNINCORPORATED,-121.53060150146484,39.486175537109375
90937635,2019,2019-03-01,9241,2019-02-16,0300,017319,,6,3,9,0400,0,2,4,,2,090,SKYWAY,"MEDIA WAY",750.00,W,N,B,G,N,,,,,,,,,,Y,2,0,2,1,A,-,01,23152,A,N,E,I,A,A,H,-,D,D,0,,,,,Y,Y,A,01,1,1,0,0,0,0,0,0,0,"- ","- ",39.731349945068359,-121.68279266357422,BUTTE,UNINCORPORATED,-121.68363189697266,39.7310791015625
90939220,2019,2019-03-05,9240,2019-03-02,1430,018841,,6,2,9,0400,0,3,5,,2,010,"FORBESTOWN RD.","OLIVE HWY.",1795.00,S,N,B,C,N,,,,,,,,,,Y,2,0,3,1,A,-,05,21650,,F,E,I,A,B,H,-,A,D,0,,,,,Y,,A,08,1,2,0,0,0,0,0,0,0,"- ","- ",39.513771057128906,-121.43791198730469,BUTTE,UNINCORPORATED,-121.42861175537109,39.503189086914062
90940263,2019,2019-03-05,9240,2019-02-26,1813,019055,,2,2,9,0400,0,1,3,,2,041,SR-162,"ARBOL AVE",1056.00,E,N,B,C,Y,,,162,,,,,,,Y,2,0,2,1,A,-,08,22107,,N,E,I,A,B,H,-,D,D,0,,,,,Y,,A,07,2,0,0,0,0,0,0,0,0,"- ","- ",39.504501342773438,-121.51370239257812,BUTTE,UNINCORPORATED,-121.513671875,39.504619598388672
90951977,2019,2019-03-25,9240,2019-03-15,1340,018389,,5,1,9,0400,0,1,3,,2,041,SR-162,"MINERS RANCH RD.",0.00,,Y,A,-,Y,,,162,,,,,,,Y,2,0,1,2,A,-,17,21451,A,F,A,C,A,A,H,-,A,A,0,,,,,Y,,D,22,1,0,0,0,0,0,0,0,0,"- ","- ",39.503700256347656,-121.45973968505859,BUTTE,UNINCORPORATED,-121.45974731445312,39.503669738769531
90966608,2019,2019-04-12,9241,2019-01-03,0545,013966,,4,3,9,0400,0,1,3,,1,061,"STATE ROUTE 99","CANA HIGHWAY",1742.00,N,N,A,-,Y,,,99,,,,,,,Y,1,1,0,2,A,-,11,21956,A,N,G,B,E,A,H,-,D,D,0,Y,,,,Y,,N,60,0,0,0,1,0,0,0,0,0,"- ","- ",39.844459533691406,-121.94420623779297,BUTTE,UNINCORPORATED,-121.94423675537109,39.844436645507812
90975395,2019,2019-04-25,9240,2019-04-23,1408,018967,,2,2,9,0400,0,3,5,,2,010,"MINERS RANCH RD","CAROLINE DR",207.00,S,N,A,-,N,,,,,,,,,,Y,2,0,2,1,A,-,01,23152,A,N,F,A,A,A,H,-,A,D,0,,,,,Y,Y,A,07,1,1,0,0,0,0,0,0,0,"- ","- ",39.469799041748047,-121.45899963378906,BUTTE,UNINCORPORATED,-121.45908355712891,39.469650268554688
90979408,2019,2019-05-01,9240,2019-04-23,1738,018841,,2,2,9,0400,0,3,5,,2,020,"E. GRIDLEY RD.","KIRK RD",147.00,E,N,A,-,N,,,,,,,,,,Y,2,0,2,1,A,-,05,21650,,N,E,I,A,A,H,-,A,D,0,,,,,Y,,A,01,2,0,0,0,0,0,0,0,0,"- ","- ",39.218471527099609,-121.38955688476562,BUTTE,UNINCORPORATED,-121.65006256103516,39.363807678222656
90991861,2019,2019-05-20,9241,2019-05-11,1540,018578,,6,2,5,0402,0,1,3,,2,100,"SR-99 N/B","EATON RD",1012.00,N,N,A,-,Y,,,,,,,,,,Y,2,0,3,2,A,-,07,21658,A,N,B,C,A,A,H,-,A,D,0,,,,,Y,,A,01,3,0,0,0,0,0,0,0,0,"- ","- ",39.770210266113281,-121.87628936767578,BUTTE,CHICO,-121.87574005126953,39.77655029296875
91004411,2019,2019-06-06,9240,2019-05-25,1715,019055,,6,2,9,0400,0,3,5,,2,020,"RIO BONITO ROAD",SR-99,1320.00,E,N,A,B,N,,,,,,,,,,Y,2,0,2,2,A,-,05,21752,A,N,A,C,A,A,H,-,A,D,0,,,Y,,Y,,D,22,2,0,0,0,0,0,0,0,2,"- ","- ",39.425300598144531,-121.67900085449219,BUTTE,UNINCORPORATED,-121.68817138671875,39.425159454345703
91006772,2019,2019-06-10,9240,2019-05-31,2318,021137,,5,3,9,0400,0,3,5,,2,010,"LOWER WYANDOTTE RD","FEATHER FALLS BLVD",130.00,E,N,B,-,N,,,,,,,,,,Y,2,0,2,2,A,-,01,23152,A,F,C,C,A,A,H,-,C,D,0,,,,,Y,Y,A,07,1,0,1,0,0,0,0,0,0,"- ","- ",39.464359283447266,-121.51853179931641,BUTTE,UNINCORPORATED,-121.51849365234375,39.464363098144531
91010259,2019,2019-07-09,9240,2019-05-29,1722,019060,,3,2,9,0400,0,3,5,,2,010,"LONE TREE RD","SERENE LN",227.00,N,N,A,-,N,,,,,,,,,,Y,1,1,1,1,A,-,03,22350,,N,E,I,A,A,H,-,A,D,0,,,,,Y,,A,01,0,1,0,0,0,0,0,0,0,"- ","- ",39.460750579833984,-121.57753753662109,BUTTE,UNINCORPORATED,-121.57749938964844,39.460639953613281
91010752,2019,2019-07-02,9240,2019-06-09,2146,020376,,7,2,9,0400,0,3,5,,2,040,"FORBESTOWN ROAD","POWELL RIDGE ROAD",923.00,E,N,A,-,N,,,,,,,,,,Y,1,1,0,1,A,-,08,22107,,N,E,I,A,A,H,-,D,D,0,,,,,Y,,A,01,0,0,0,0,0,0,0,0,0,"- ","- ",39.508129119873047,-121.34606170654297,BUTTE,UNINCORPORATED,-121.3460693359375,39.507980346679688
91014325,2019,2019-06-20,9240,2019-06-13,1455,019972,,4,2,9,0400,0,1,3,,2,032,"SR-70 W/B",SR-191,6336.00,W,N,A,-,Y,,,70,,,,,,W,Y,2,0,1,1,A,-,08,22107,,N,F,A,A,A,H,-,A,A,0,,,Y,,Y,,C,02,1,0,0,0,0,0,0,0,1,"- ","- ",39.585651397705078,-121.61963653564453,BUTTE,UNINCORPORATED,-121.61978149414062,39.585716247558594
91016352,2019,2019-07-03,9241,2019-06-13,0030,019006,,4,3,9,0400,0,3,5,,2,008,"HEGAN LN","FIMPLE ROAD",250.00,W,N,A,-,N,,,,,,,,,,Y,2,0,1,4,A,-,01,23152,A,N,F,I,A,A,H,-,D,D,0,,,,,Y,Y,A,01,1,0,0,0,0,0,0,0,0,"- ","- ",39.681831359863281,-121.85237121582031,BUTTE,UNINCORPORATED,-121.852294921875,39.682010650634766
91027852,2019,2019-07-10,9240,2019-07-01,1043,018841,,1,1,9,0400,0,3,5,,2,010,"STAGELINE RD.","DRESCHER TRACT RD",1848.00,W,N,A,-,N,,,,,,,,,,Y,2,0,1,1,A,-,01,23152,A,N,E,I,A,A,H,-,A,D,0,,,,,Y,Y,A,07,1,0,0,0,0,0,0,0,0,"- ","- ",39.452098846435547,-121.51809692382812,BUTTE,UNINCORPORATED,-121.51804351806641,39.452075958251953
91033949,2019,2019-07-19,9241,2019-07-11,1345,018454,,4,1,9,0400,0,1,3,,2,093,"SR-191 (CLARK ROAD)","RUNAWAY RD",61.00,N,N,A,-,Y,,,191,,,,,,,Y,1,1,1,3,A,-,05,21650,,N,A,C,A,A,H,-,A,D,0,,,,Y,Y,,D,22,0,0,1,0,0,0,0,0,0,"- ","- ",39.661079406738281,-121.62938690185547,BUTTE,UNINCORPORATED,-121.62937927246094,39.661075592041016
91045489,2019,2019-08-05,9240,2019-07-25,2240,019842,,4,3,9,0400,0,3,5,,2,020,"LARKIN RD","SUTTER COUNTY LINE",754.00,N,N,A,-,N,,,,,,,,,,Y,2,0,1,1,A,-,01,23152,G,N,E,I,A,A,H,-,D,D,0,,,,,Y,Y,A,01,1,0,0,0,0,0,0,0,0,"- ","- ",39.308589935302734,-121.65998077392578,BUTTE,UNINCORPORATED,-121.65993499755859,39.307300567626953
91052064,2019,2019-08-14,9240,2019-08-02,1213,014788,,5,1,9,0400,0,3,5,,2,010,"LINCOLN BLVD","GROVE ST",25.00,S,N,A,-,N,,,,,,,,,,Y,2,0,1,1,A,-,03,22350,,N,E,I,A,A,H,-,A,A,0,,,,,Y,,A,01,1,0,0,0,0,0,0,0,0,"- ","- ",39.488578796386719,-121.55136871337891,BUTTE,UNINCORPORATED,-121.55130004882812,39.488483428955078
91052656,2019,2019-08-15,9240,2019-08-06,0145,019842,,2,3,9,0400,0,3,5,,2,020,"W BIGGS GRIDLEY ROAD","FARRIS RD",3696.00,S,N,A,-,N,,,,,,,,,,Y,2,0,1,1,A,-,01,23152,A,N,E,I,A,A,H,-,D,A,0,,,,,Y,Y,D,22,1,0,0,0,0,0,0,0,0,"- ","- ",39.388759613037109,-121.71578979492188,BUTTE,UNINCORPORATED,-121.71601867675781,39.389274597167969
91053572,2019,2019-08-22,9241,2019-06-03,1055,013855,,1,1,9,0400,0,2,4,,2,097,"CENTERVILLE RD","CHINA CAMP RD",110.00,N,N,A,-,N,,,,,,,,,,Y,1,1,0,2,A,-,05,21460,A,N,A,C,A,A,H,-,A,D,0,,,Y,,Y,,-,"- ",0,0,0,0,0,0,0,1,0,"- ","- ",39.760101318359375,-121.67752075195312,BUTTE,UNINCORPORATED,-121.677490234375,39.760173797607422
91065854,2019,2019-09-03,9241,2019-08-25,2330,019692,,7,3,9,0400,0,1,3,,2,100,"SR-99 N/B","E. 20TH ST.",1584.00,N,N,A,-,Y,,,,,,,,,,Y,2,0,1,2,A,-,01,23152,A,N,C,C,A,A,H,-,C,D,0,,,,,Y,Y,A,01,1,0,0,0,0,0,0,0,0,"- ","- ",39.729961395263672,-121.81204986572266,BUTTE,UNINCORPORATED,-121.81198883056641,39.729850769042969
9106986,2020,2020-12-03,0402,2020-08-16,2019,56,0402,7,5,5,0402,0,0,0,,0,003,"E 8TH ST","RT 99",0.00,,Y,A,-,Y,BUT,3,32,-,-,10.156,I,5,W,N,2,0,1,2,A,-,05,21650,1,N,D,G,A,A,H,-,C,A,0,,Y,,,Y,,L,04,1,0,0,0,0,0,1,0,0,"- ",SF,39.736488342285156,-121.82050323486328,BUTTE,CHICO,-121.81996154785156,39.736797332763672