CASE_ID,ACCIDENT_YEAR,PROC_DATE,JURIS,COLLISION_DATE,COLLISION_TIME,OFFICER_ID,REPORTING_DISTRICT,DAY_OF_WEEK,CHP_SHIFT,POPULATION,CNTY_CITY_LOC,SPECIAL_COND,BEAT_TYPE,CHP_BEAT_TYPE,CITY_DIVISION_LAPD,CHP_BEAT_CLASS,BEAT_NUMBER,PRIMARY_RD,SECONDARY_RD,DISTANCE,DIRECTION,INTERSECTION,WEATHER_1,WEATHER_2,STATE_HWY_IND,CALTRANS_COUNTY,CALTRANS_DISTRICT,STATE_ROUTE,ROUTE_SUFFIX,POSTMILE_PREFIX,POSTMILE,LOCATION_TYPE,RAMP_INTERSECTION,SIDE_OF_HWY,TOW_AWAY,COLLISION_SEVERITY,NUMBER_KILLED,NUMBER_INJURED,PARTY_COUNT,PRIMARY_COLL_FACTOR,PCF_CODE_OF_VIOL,PCF_VIOL_CATEGORY,PCF_VIOLATION,PCF_VIOL_SUBSECTION,HIT_AND_RUN,TYPE_OF_COLLISION,MVIW,PED_ACTION,ROAD_SURFACE,ROAD_COND_1,ROAD_COND_2,LIGHTING,CONTROL_DEVICE,CHP_ROAD_TYPE,PEDESTRIAN_ACCIDENT,BICYCLE_ACCIDENT,MOTORCYCLE_ACCIDENT,TRUCK_ACCIDENT,NOT_PRIVATE_PROPERTY,ALCOHOL_INVOLVED,STWD_VEHTYPE_AT_FAULT,CHP_VEHTYPE_AT_FAULT,COUNT_SEVERE_INJ,COUNT_VISIBLE_INJ,COUNT_COMPLAINT_PAIN,COUNT_PED_KILLED,COUNT_PED_INJURED,COUNT_BICYCLIST_KILLED,COUNT_BICYCLIST_INJURED,COUNT_MC_KILLED,COUNT_MC_INJURED,PRIMARY_RAMP,SECONDARY_RAMP,LATITUDE,LONGITUDE,COUNTY,CITY,POINT_X,POINT_Y
91077920,2019,2019-09-18,9240,2019-09-07,0817,014788,,6,1,9,0400,0,3,5,,2,030,"12TH ST","GRAND AVE",0.00,,Y,A,-,N,,,,,,,,,,Y,2,0,2,2,A,-,01,23152,A,F,D,C,A,A,H,-,A,A,0,,,,,Y,Y,A,01,1,0,1,0,0,0,0,0,0,"- ","- ",39.511371612548828,-121.59162902832031,BUTTE,UNINCORPORATED,-121.59156799316406,39.512020111083984
91082997,2019,2019-09-25,9240,2019-09-13,0735,018396,,5,1,9,0400,0,3,5,,2,020,"EVANS REIMER RD","TOWNSHIP RD",1553.00,W,N,A,-,N,,,,,,,,,,Y,2,0,1,2,A,-,03,22350,,N,C,C,A,A,H,-,A,A,0,,,,,Y,,A,01,1,0,0,0,0,0,0,0,0,"- ","- ",39.333999633789062,-121.69332885742188,BUTTE,UNINCORPORATED,-121.69319152832031,39.33404541015625
91087227,2019,2019-09-30,9240,2019-09-21,1545,019055,,6,2,9,0400,0,3,5,,2,010,"LINCOLN BLVD","MILL STREET",0.00,,Y,A,-,N,,,,,,,,,,N,2,0,2,2,A,-,09,21801,A,N,A,C,A,A,H,-,A,D,0,,,,,Y,,D,22,1,1,0,0,0,0,0,0,0,"- ","- ",39.48590087890625,-121.55110168457031,BUTTE,UNINCORPORATED,-121.55107116699219,39.485881805419922
91112646,2019,2019-11-04,9241,2019-10-05,1400,014929,,6,2,5,0402,0,1,3,,2,100,"SR-99 N/B","SR-32 E/B",335.00,S,N,A,-,Y,,,99,,,,,,N,Y,1,1,0,1,A,-,08,22107,,N,E,I,A,A,H,-,A,D,0,,,,,Y,,D,22,0,0,0,0,0,0,0,0,0,"- ","- ",39.735610961914062,-121.81771850585938,BUTTE,CHICO,-121.81790161132812,39.735370635986328
91112658,2019,2019-11-04,9240,2019-09-12,2258,020318,,4,3,3,0404,0,3,5,,2,030,"18TH ST.","BIGGS AVE",65.00,S,N,A,-,N,,,,,,,,,,Y,1,1,0,1,A,-,01,23152,A,N,E,I,A,A,H,-,D,D,0,,,Y,,Y,Y,C,02,0,0,0,0,0,0,0,1,0,"- ","- ",39.502071380615234,-121.60494232177734,BUTTE,OROVILLE,-121.60494995117188,39.50225830078125
91121457,2019,2019-11-15,9240,2019-08-07,0710,014788,,3,1,9,0400,0,3,5,,2,030,"CONCOW RD","JORDAN HILL RD",7392.00,N,N,A,-,N,,,,,,,,,,Y,1,1,1,1,A,-,01,23152,F,N,E,I,A,A,H,-,A,D,0,,,,Y,Y,,F,26,0,0,1,0,0,0,0,0,0,"- ","- ",39.760150909423828,-121.52900695800781,BUTTE,UNINCORPORATED,-121.52870941162109,39.760871887207031
9113970,2020,2021-09-20,0402,2020-06-06,2210,P03827,,6,5,5,0402,0,0,0,,0,001,"W SACRAMENTO AV","WARNER ST",562.00,W,N,A,-,N,,,,,,,,,,Y,2,0,2,2,A,-,04,21703,,N,C,C,A,A,H,-,C,A,0,,,Y,,Y,Y,C,02,1,1,0,0,0,0,0,0,1,"- ","- ",39.732940673828125,-121.85382080078125,BUTTE,CHICO,-121.85370635986328,39.733005523681641
91144146,2019,2020-01-03,9241,2019-11-11,2150,019692,,1,2,9,0400,0,2,4,,2,094,"PENTZ RD","LAGO VISTA WAY",174.00,S,N,A,-,N,,,,,,,,,,Y,1,1,0,1,A,-,01,23152,A,N,E,I,A,A,H,-,D,D,0,,,,,Y,Y,A,01,0,0,0,0,0,0,0,0,0,"- ","- ",39.719730377197266,-121.57858276367188,BUTTE,UNINCORPORATED,-121.57865142822266,39.719863891601562
91151066,2019,2019-12-23,9241,2019-12-20,2145,020686,,5,2,9,0400,0,3,5,,2,007,"DOGTOWN RD","SKYWAY RD.",3168.00,N,N,A,-,N,,,,,,,,,,N,2,0,3,1,A,-,03,22350,,N,E,I,A,B,H,-,D,D,0,,,,,Y,,D,22,1,0,2,0,0,0,0,0,0,"- ","- ",39.821979522705078,-121.59018707275391,BUTTE,UNINCORPORATED,-121.59050750732422,39.823772430419922
91154295,2019,2019-12-27,9240,2019-12-19,1730,020318,,4,2,9,0400,0,3,5,,2,030,"PALERMO-HONCUT HWY","MELODY LN.",1550.00,S,N,B,-,N,,,,,,,,,,N,2,0,1,2,A,-,11,21954,A,N,G,B,D,A,H,-,D,D,0,Y,,,,Y,,N,60,1,0,0,0,1,0,0,0,0,"- ","- ",39.373821258544922,-121.53977966308594,BUTTE,UNINCORPORATED,-121.53977203369141,39.373882293701172
91171329,2019,2020-01-23,9240,2019-04-06,1125,018396,,6,1,9,0400,0,3,5,,2,020,"BIGGS EAST HWY","MEAD AVE",4.00,E,N,A,-,N,,,,,,,,,,N,1,1,0,2,A,-,02,22400,A,N,C,C,A,A,H,-,A,D,0,,,,,Y,,D,22,0,0,0,0,0,0,0,0,0,"- ","- ",39.415019989013672,-121.6787109375,BUTTE,UNINCORPORATED,-121.6787109375,39.415008544921875
91175059,2019,2020-01-28,9240,2019-11-07,0348,021137,,4,3,9,0400,0,1,3,,1,011,SR-70,"PALERMO RD",3015.00,N,N,A,-,Y,,,70,,,,,,,Y,1,1,1,2,A,-,11,21956,A,N,G,B,E,A,D,-,D,D,0,Y,,,,Y,,N,60,0,1,0,1,0,0,0,0,0,"- ","- ",39.441318511962891,-121.60031127929688,BUTTE,UNINCORPORATED,-121.60029602050781,39.441307067871094
91190198,2020,2020-02-20,9240,2020-02-15,1900,018967,,6,2,9,0400,0,1,3,,1,011,SR-70,"OPHIR RD",171.00,S,N,A,-,Y,,,70,,,,,,,Y,2,0,1,2,A,-,01,23152,A,N,C,C,A,A,H,-,C,A,0,,,,,Y,Y,A,01,1,0,0,0,0,0,0,0,0,"- ","- ",39.4635009765625,-121.57929992675781,BUTTE,UNINCORPORATED,-121.579345703125,39.463539123535156
9121245,2020,2020-09-30,0402,2020-07-03,1022,3500363,CPD,5,5,5,0402,0,0,0,,0,006,"EL PASO WY","EL CERRITO DR",0.00,,Y,A,-,N,,,,,,,,,,Y,2,0,1,2,A,-,05,21650,A,N,A,C,A,A,H,-,A,D,0,,,Y,,Y,,A,01,1,0,0,0,0,0,0,0,0,"- ","- ",,,BUTTE,CHICO,-121.8531494140625,39.763599395751953
91219115,2020,2020-03-31,9240,2020-03-21,1650,019710,,6,2,9,0400,0,3,5,,2,010,"LINCOLN BLVD","GROVE ST",330.00,S,N,A,-,N,,,,,,,,,,N,2,0,1,1,A,-,01,23152,A,N,E,I,A,A,H,-,A,D,0,,,Y,,Y,Y,C,02,1,0,0,0,0,0,0,0,1,"- ","- ",39.487598419189453,-121.55100250244141,BUTTE,UNINCORPORATED,-121.55108642578125,39.487667083740234
91226451,2020,2020-04-16,9241,2020-04-11,1335,017114,,6,1,9,0400,0,1,3,,1,060,"SR-32 W/B","HUMBOLDT RD.",4224.00,W,N,A,-,Y,,,32,,,,,,W,N,2,0,1,1,A,-,08,22107,,N,E,I,A,A,H,-,A,D,0,,Y,,,Y,,L,04,1,0,0,0,0,0,1,0,0,"- ","- ",39.75408935546875,-121.74301147460938,BUTTE,UNINCORPORATED,-121.74299621582031,39.754032135009766
91231070,2020,2020-04-29,9240,2020-04-19,1215,019060,,7,1,9,0400,0,3,5,,2,040,"FORBESTOWN RD",SR-162,2270.00,S,N,A,-,N,,,,,,,,,,Y,2,0,2,1,A,-,05,21650,,N,E,I,A,A,H,-,A,D,0,,,,,Y,,D,22,1,1,0,0,0,0,0,0,0,"- ","- ",39.512001037597656,-121.43766021728516,BUTTE,UNINCORPORATED,-121.43744659423828,39.512729644775391
91233194,2020,2020-05-04,9241,2020-04-27,1420,019093,,1,2,9,0400,0,2,4,,1,082,MIDWAY,"BLOSSOM LN",2000.00,N,N,A,-,N,,,,,,,,,,Y,2,0,1,1,A,-,08,22107,,N,E,I,A,A,H,-,A,D,0,,,,,Y,,A,01,1,0,0,0,0,0,0,0,0,"- ","- ",39.669620513916016,-121.80342102050781,BUTTE,UNINCORPORATED,-121.80260467529297,39.670970916748047
91235306,2020,2020-05-08,9240,2020-05-03,0048,020170,,7,3,9,0400,0,3,5,,2,040,"FORBESTOWN ROAD",SR-162,1056.00,E,N,B,-,N,,,,,,,,,,Y,2,0,1,1,A,-,08,22107,,N,E,I,A,A,H,-,D,D,0,,,Y,,Y,,C,02,1,0,0,0,0,0,0,0,1,"- ","- ",39.514671325683594,-121.44003295898438,BUTTE,UNINCORPORATED,-121.44042205810547,39.5147705078125
91237236,2020,2020-05-13,9241,2020-05-11,1500,016360,,1,2,9,0400,0,1,3,,2,100,"SR-99 N/B","COHASSET RD",50.00,N,N,B,C,Y,,,,,,,,,,Y,2,0,2,2,A,-,03,22350,,N,A,C,A,B,H,-,A,D,0,,,,,Y,,D,22,1,1,0,0,0,0,0,0,0,"- ","- ",39.754398345947266,-121.84542846679688,BUTTE,UNINCORPORATED,-121.84520721435547,39.754386901855469
91240980,2020,2020-05-21,9240,2020-04-25,1300,017532,,6,1,9,0400,0,3,5,,2,030,"CHEROKEE RD.","CRYSTAL PINES RD",1625.00,N,N,A,-,N,,,,,,,,,,Y,2,0,1,1,A,-,08,22107,,N,E,I,A,A,H,-,A,D,0,,,Y,,Y,,C,02,1,0,0,0,0,0,0,0,1,"- ","- ",39.646541595458984,-121.53204345703125,BUTTE,UNINCORPORATED,-121.53195953369141,39.646465301513672
91253098,2020,2020-06-17,9240,2020-06-07,1936,019710,,7,2,9,0400,0,1,3,,2,041,"SR-162 (ORO-QUINCY HWY)","RATCHEL MOUNTAIN DR",3400.00,S,N,A,-,Y,,,162,,,,,,,Y,2,0,1,1,A,-,03,22350,,N,E,I,A,A,H,-,A,D,0,,,Y,,Y,,C,02,1,0,0,0,0,0,0,0,1,"- ","- ",39.586948394775391,-121.43479156494141,BUTTE,UNINCORPORATED,-121.43470764160156,39.586956024169922
91253558,2020,2020-06-18,9240,2020-05-02,1727,019784,,6,2,9,0400,0,1,3,,2,041,SR-162,"FOREMAN CREEK RD",4224.00,W,N,B,-,Y,,,162,,,,,,,Y,1,1,0,1,A,-,05,21650,,N,E,I,A,A,H,-,A,A,0,,,Y,,Y,,C,02,0,0,0,0,0,0,0,1,0,"- ","- ",39.586688995361328,-121.43463897705078,BUTTE,UNINCORPORATED,-121.43461608886719,39.586704254150391
91254029,2020,2020-06-18,9240,2020-06-04,1155,018396,,4,1,9,0400,0,3,5,,2,020,"LARKIN ROAD","ORD RANCH RD",972.00,E,N,A,-,N,,,,,,,,,,Y,2,0,2,1,A,-,17,21701,,N,E,I,A,A,H,-,A,D,0,,,,,Y,,A,07,2,0,0,0,0,0,0,0,0,"- ","- ",39.382419586181641,-121.65666961669922,BUTTE,UNINCORPORATED,-121.65672302246094,39.382339477539062
91256825,2020,2020-07-31,9241,2020-05-25,2500,017114,,1,4,9,0400,0,3,5,,2,007,"SKYWAY S/B","HUMBUG SUMMIT RD",528.00,N,N,A,-,N,,,,,,,,,,Y,1,1,0,1,A,-,01,23152,A,N,E,I,A,A,H,-,A,D,0,,,Y,,Y,Y,C,02,0,0,0,0,0,0,0,1,0,"- ","- ",40.005531311035156,-121.53426361083984,BUTTE,UNINCORPORATED,,
91274919,2020,2020-09-11,9240,2020-07-12,0732,018841,,7,1,9,0400,0,3,5,,2,010,"FORBESTOWN RD","HIDE A WAY RD",826.00,S,N,A,-,N,,,,,,,,,,Y,1,1,0,1,A,-,01,23152,F,N,E,I,A,A,H,-,A,D,0,,,,,Y,,A,07,0,0,0,0,0,0,0,0,0,"- ","- ",39.494918823242188,-121.38906097412109,BUTTE,UNINCORPORATED,-121.38941192626953,39.495128631591797
91276588,2020,2020-07-29,9240,2020-07-20,0645,015532,,1,1,9,0400,0,3,5,,2,010,"LOS VERJELES RD","GO ST",1000.00,S,N,A,-,Y,,,,,,,,,,Y,2,0,1,1,A,-,05,21650,,N,E,I,A,A,H,-,A,D,0,,,,,Y,,A,01,1,0,0,0,0,0,0,0,0,"- ","- ",39.379230499267578,-121.3873291015625,BUTTE,UNINCORPORATED,,
91280238,2020,2020-08-04,9240,2020-07-23,1928,019710,,4,2,9,0400,0,1,3,,2,032,"STATE ROUTE 70","CHEROKEE RD",1375.00,E,N,A,-,Y,,,70,,,,,,,Y,2,0,1,1,A,-,03,22350,,N,F,A,A,A,H,-,A,D,0,,,Y,,Y,,C,02,1,0,0,0,0,0,0,0,1,"- ","- ",39.654510498046875,-121.54728698730469,BUTTE,UNINCORPORATED,-121.54727935791016,39.654434204101562
91289345,2020,2020-08-20,9240,2020-08-13,1530,020318,,4,2,9,0400,0,3,5,,2,030,"12TH ST","THERMALITO AVE",83.00,S,N,A,-,N,,,,,,,,,,Y,2,0,2,2,A,-,09,21801,A,N,A,C,A,A,H,-,A,D,0,,,Y,,Y,,D,22,1,1,0,0,0,0,0,0,2,"- ","- ",39.510768890380859,-121.59163665771484,BUTTE,UNINCORPORATED,-121.59158325195312,39.510833740234375
91300330,2020,2020-10-29,9241,2020-09-02,1815,015794,,3,2,9,0400,0,1,3,,2,080,SR-32,"MERIDIAN RD",0.00,,Y,A,-,Y,,,32,,,,,,,Y,1,1,0,2,A,-,09,21802,A,N,D,C,A,A,H,-,A,A,0,,,,,Y,Y,A,08,0,0,0,0,0,0,0,0,0,"- ","- ",39.753349304199219,-121.9190673828125,BUTTE,UNINCORPORATED,-121.9190673828125,39.753341674804688
91312204,2020,2020-09-25,9241,2020-09-22,1715,018540,,2,2,9,0400,0,1,3,,1,060,SR-32,"NOPEL AVE",539.00,E,N,A,-,Y,,,32,,,,,,,Y,2,0,1,1,A,-,01,23152,A,N,E,I,A,A,H,-,A,D,0,,,,,Y,Y,A,01,1,0,0,0,0,0,0,0,0,"- ","- ",39.873889923095703,-121.67888641357422,BUTTE,UNINCORPORATED,-121.67892456054688,39.874153137207031
91313992,2020,2020-09-29,9241,2020-09-22,0730,017114,,2,1,9,0400,0,3,5,,2,008,"GRAINLAND RD","DURNEL DR",2112.00,W,N,A,-,N,,,,,,,,,,Y,2,0,4,2,A,-,03,22350,,N,C,C,A,A,H,-,A,D,0,,,,,Y,,D,22,2,2,0,0,0,0,0,0,0,"- ","- ",39.610149383544922,-121.80738067626953,BUTTE,UNINCORPORATED,-121.80857086181641,39.610225677490234
91320171,2020,2020-10-08,9240,2020-08-28,1242,019060,,5,1,9,0400,0,3,5,,2,010,"OPHIR RD",SR-70,120.00,E,N,A,-,Y,,,,,,,,,,Y,2,0,1,2,A,-,01,23152,F,N,C,C,A,A,H,-,A,A,0,,,,Y,Y,,A,01,1,0,0,0,0,0,0,0,0,"- ","- ",39.463871002197266,-121.57848358154297,BUTTE,UNINCORPORATED,-121.57850646972656,39.463863372802734
91332527,2020,2020-10-27,9240,2020-09-29,1928,019256,,2,2,3,0404,0,1,3,,2,031,"SR-70 N/B","MONTGOMERY ST",1015.00,N,N,A,-,Y,,,,,,,,,,N,1,1,0,3,A,-,11,21954,A,N,G,B,E,A,H,-,D,D,0,Y,,,,Y,Y,N,60,0,0,0,1,0,0,0,0,0,"- ","- ",39.510971069335938,-121.57259368896484,BUTTE,OROVILLE,-121.57260894775391,39.510898590087891
91348251,2020,2020-11-19,9240,2020-11-05,2150,020170,,4,2,9,0400,0,3,5,,2,010,"LOWER WYANDOTTE ROAD","FOOTHILL BLVD",400.00,W,N,A,-,N,,,,,,,,,,Y,2,0,1,1,A,-,08,22107,,N,F,A,A,A,H,-,D,D,0,,,,,Y,,D,22,1,0,0,0,0,0,0,0,0,"- ","- ",39.462619781494141,-121.48169708251953,BUTTE,UNINCORPORATED,-121.48244476318359,39.462879180908203
91362448,2020,2020-12-10,9240,2020-10-25,1625,019055,,7,2,9,0400,0,3,5,,2,010,"LONE TREE ROAD","DUTCH DRIVE",45.00,N,N,A,-,N,,,,,,,,,,Y,2,0,3,1,A,-,03,22350,,N,E,I,A,A,H,-,A,D,0,,,,,Y,,A,01,1,2,0,0,0,0,0,0,0,"- ","- ",39.454799652099609,-121.57700347900391,BUTTE,UNINCORPORATED,-121.57695007324219,39.454944610595703
91371898,2020,2020-12-21,9241,2020-10-19,0854,017170,,1,1,9,0400,0,2,4,,2,063,"COHASSET RD","RICHARDSON SPRINGS RD",528.00,N,N,A,-,N,,,,,,,,,,Y,1,1,0,1,A,-,08,22107,,N,E,I,A,A,H,-,A,D,0,,,,,Y,,D,22,0,0,0,0,0,0,0,0,0,"- ","- ",39.820178985595703,-121.84494781494141,BUTTE,UNINCORPORATED,-121.84455871582031,39.820854187011719
91378297,2020,2020-12-30,9240,2020-12-18,1111,019060,,5,1,9,0400,0,1,3,,1,011,SR-70,"PALERMO RD",193.00,S,N,A,-,Y,,,70,,,,,,,Y,2,0,1,1,A,-,01,23152,A,N,E,I,A,B,H,-,A,D,0,,,,,Y,Y,A,01,1,0,0,0,0,0,0,0,0,"- ","- ",39.432090759277344,-121.60500335693359,BUTTE,UNINCORPORATED,-121.6051025390625,39.432086944580078
91387020,2020,2021-01-13,9240,2020-09-23,1828,019842,,3,2,9,0400,0,3,5,,2,020,"COLUSA HWY","FRANCIS RD",590.00,W,N,A,-,N,,,,,,,,,,N,1,1,0,2,A,-,11,21954,A,N,G,B,D,A,H,-,B,D,0,Y,,,,Y,,N,60,0,0,0,1,0,0,0,0,0,"- ","- ",39.362918853759766,-121.73481750488281,BUTTE,UNINCORPORATED,-121.73456573486328,39.362903594970703
91390528,2020,2021-01-19,9240,2020-07-30,1815,019256,,4,2,9,0400,0,1,S,,2,904,SR-99,"NELSON RD",268.00,N,N,A,-,Y,,,99,,,,,,,Y,1,1,1,1,A,-,01,23152,A,F,E,I,A,A,H,-,A,D,0,,,,,Y,,A,01,0,1,0,0,0,0,0,0,0,"- ","- ",39.582199096679688,-121.68885040283203,BUTTE,UNINCORPORATED,-121.68880462646484,39.582199096679688
91392083,2020,2021-02-23,9240,2020-12-12,0516,020170,,6,3,9,0400,0,1,3,,1,011,SR-70,"COX LANE",1580.00,N,N,B,C,Y,,,70,,,,,,,N,1,1,0,2,A,-,11,21956,,N,G,B,E,B,H,-,D,D,0,Y,,,,Y,,N,60,0,0,0,1,0,0,0,0,0,"- ","- ",39.386821746826172,-121.61077117919922,BUTTE,UNINCORPORATED,-121.61082458496094,39.386863708496094
91394367,2020,2021-03-10,9240,2020-12-30,2500,019842,,3,4,9,0400,0,1,3,,2,032,"SR-70 W/B",SR-191,6336.00,W,N,A,-,Y,,,70,,,,,,W,Y,1,1,0,1,A,-,01,23152,G,N,F,A,A,A,H,-,C,D,0,,,,,Y,Y,A,01,0,0,0,0,0,0,0,0,0,"- ","- ",39.586341857910156,-121.61956024169922,BUTTE,UNINCORPORATED,-121.61961364746094,39.586341857910156
91405509,2021,2021-03-11,9240,2021-02-01,1620,019653,,1,2,9,0400,0,3,5,,2,030,"TABLE MTN BLVD","TABLE MTN OVERCROSSING",1584.00,N,N,B,-,N,,,,,,,,,,Y,1,1,0,1,A,-,01,23152,F,N,E,I,A,A,H,-,A,D,0,,,,,Y,,A,07,0,0,0,0,0,0,0,0,0,"- ","- ",39.571151733398438,-121.61290740966797,BUTTE,UNINCORPORATED,-121.55235290527344,39.519996643066406
91406341,2021,2021-02-10,9240,2021-02-09,1750,018967,,2,2,9,0400,0,1,3,,1,011,SR-70,"EAST GRIDLEY RD",48.00,S,N,A,-,Y,,,70,,,,,,,Y,2,0,2,2,A,-,03,22350,,N,C,C,A,A,H,-,B,D,0,,,,Y,Y,,A,07,2,0,0,0,0,0,0,0,0,"- ","- ",39.364299774169922,-121.60769653320312,BUTTE,UNINCORPORATED,-121.60773468017578,39.364288330078125
91408977,2021,2021-02-16,9241,2021-02-11,0650,016831,,4,1,9,0400,0,2,4,,2,063,"COHASSET RD","SIGLER LN",1584.00,S,N,B,-,N,,,,,,,,,,Y,2,0,1,1,A,-,08,22107,,N,E,I,A,A,H,-,A,D,0,,,,,Y,,A,01,1,0,0,0,0,0,0,0,0,"- ","- ",39.522960662841797,-121.46279907226562,BUTTE,UNINCORPORATED,-121.76966857910156,39.873157501220703
91410864,2021,2021-02-18,9241,2021-02-16,0245,020624,,2,3,9,0400,0,3,5,,2,007,"SKYWAY (16200 BLOCK)","LOVELOCK RD",1056.00,N,N,A,-,N,,,,,,,,,,Y,2,0,1,1,A,-,08,22107,,N,E,I,A,B,H,-,D,D,0,,,,,Y,,A,01,1,0,0,0,0,0,0,0,0,"- ","- ",39.891750335693359,-121.57221984863281,BUTTE,UNINCORPORATED,-121.58024597167969,39.893047332763672
91412715,2021,2021-02-22,9241,2021-02-13,1630,018578,,6,2,9,0400,0,1,3,,2,093,SR-191,"AIRPORT RD",3168.00,S,N,A,-,Y,,,191,,,,,,,Y,2,0,1,2,A,-,05,21460,A,N,B,C,A,A,H,-,A,D,0,,,Y,,Y,,C,02,1,0,0,0,0,0,0,0,1,"- ","- ",39.706008911132812,-121.60957336425781,BUTTE,UNINCORPORATED,-121.60957336425781,39.706005096435547
91420044,2021,2021-03-03,9240,2021-02-20,1815,019710,,6,2,9,0400,0,3,5,,2,040,"CAYON DRIVE","WARD BLVD",1125.00,N,N,A,-,N,,,,,,,,,,Y,2,0,2,2,A,-,05,21460,A,N,A,C,A,A,H,-,D,D,0,,,,,Y,,D,22,1,0,1,0,0,0,0,0,0,"- ","- ",39.519908905029297,-121.48535919189453,BUTTE,UNINCORPORATED,-121.48529815673828,39.519550323486328
91427032,2021,2021-03-15,9240,2021-03-03,1030,017532,,3,1,9,0400,0,3,5,,2,030,"TEHAMA AVE","12TH ST.",680.00,W,N,A,-,N,,,,,,,,,,N,2,0,1,1,B,-,22,,,N,F,A,A,A,H,-,A,D,0,,Y,,,Y,,L,04,1,0,0,0,0,0,1,0,0,"- ","- ",39.515419006347656,-121.59407043457031,BUTTE,UNINCORPORATED,-121.59397888183594,39.515399932861328
91427323,2021,2021-03-15,9241,2021-03-10,1230,018540,,3,1,9,0400,0,1,3,,2,080,SR-32,"GIANELLA RD",300.00,E,N,B,G,Y,,,32,,,,,,,N,2,0,1,2,A,-,17,23114,A,N,E,J,A,A,H,-,A,D,0,,,,Y,Y,,F,26,1,0,0,0,0,0,0,0,0,"- ","- ",39.752449035644531,-121.99401092529297,BUTTE,UNINCORPORATED,-121.99393463134766,39.752201080322266
91432542,2021,2021-03-22,9240,2021-03-10,0719,019060,,3,1,9,0400,0,1,3,,2,032,SR-70,"FOUR TREES RD",25344.00,W,N,D,-,Y,,,,,,,,,,Y,2,0,1,1,A,-,03,22350,,N,F,A,A,C,H,-,A,D,0,,,,,Y,,A,01,1,0,0,0,0,0,0,0,0,"- ","- ",39.843318939208984,-121.40154266357422,BUTTE,UNINCORPORATED,-121.48204803466797,39.752269744873047
91437206,2021,2021-06-03,9240,2021-03-18,2330,018841,,4,3,9,0400,0,3,5,,2,010,"FOOTHILL BLVD.","ORO BANGOR HWY (MINERS RANCH RD.)",2136.00,S,N,B,-,N,,,,,,,,,,Y,1,1,0,1,A,-,01,23152,A,N,E,I,A,B,H,-,D,D,0,,,,,Y,Y,A,07,0,0,0,0,0,0,0,0,0,"- ","- ",39.461879730224609,-121.46092224121094,BUTTE,UNINCORPORATED,,
91438489,2021,2021-03-29,9240,2021-03-23,1315,017532,,2,1,9,0400,0,3,5,,2,040,"ORO DAM BLVD. EAST","RUSTY DUSTY RD",35.00,E,N,A,-,N,,,,,,,,,,Y,2,0,1,1,A,-,01,23152,A,N,E,I,A,A,H,-,A,D,0,,,,,Y,Y,A,01,1,0,0,0,0,0,0,0,0,"- ","- ",39.524200439453125,-121.507080078125,BUTTE,UNINCORPORATED,-121.50702667236328,39.524200439453125
91450431,2021,2021-04-14,9241,2021-04-06,0300,020638,,2,3,9,0400,0,1,3,,1,061,"STATE HIGHWAY 99","KEEFER RD",207.00,N,N,A,-,Y,,,99,,,,,,,Y,2,0,2,2,A,-,03,22350,,N,C,J,A,A,H,-,D,D,0,,,,Y,Y,,G,25,1,1,0,0,0,0,0,0,0,"- ","- ",39.814128875732422,-121.91831970214844,BUTTE,UNINCORPORATED,-121.91834259033203,39.814113616943359
91464567,2021,2021-05-27,9241,2021-04-27,1110,014929,,2,1,9,0400,0,1,3,,2,091,"SR-99 N/B","DURHAM-PENTZ RD OVERCROSSING",1990.00,S,N,A,-,Y,,,99,,,,,,N,N,2,0,1,2,A,-,07,21658,A,N,C,C,A,A,H,-,A,D,0,,,Y,,Y,,B,01,1,0,0,0,0,0,0,0,1,"- ","- ",39.635978698730469,-121.70865631103516,BUTTE,UNINCORPORATED,-121.708740234375,39.635887145996094
91467366,2021,2021-05-27,9240,2021-04-27,0140,019256,,2,3,9,0400,0,3,5,,2,010,"ORO BANGOR HWY","RUTHERFORD LN (WEST)",437.00,E,N,A,-,N,,,,,,,,,,Y,2,0,1,1,A,-,01,23152,A,N,E,I,A,A,H,-,D,D,0,,,,,Y,Y,A,01,1,0,0,0,0,0,0,0,0,"- ","- ",39.467231750488281,-121.45503234863281,BUTTE,UNINCORPORATED,-121.45526885986328,39.467361450195312