CASE_ID,ACCIDENT_YEAR,PROC_DATE,JURIS,COLLISION_DATE,COLLISION_TIME,OFFICER_ID,REPORTING_DISTRICT,DAY_OF_WEEK,CHP_SHIFT,POPULATION,CNTY_CITY_LOC,SPECIAL_COND,BEAT_TYPE,CHP_BEAT_TYPE,CITY_DIVISION_LAPD,CHP_BEAT_CLASS,BEAT_NUMBER,PRIMARY_RD,SECONDARY_RD,DISTANCE,DIRECTION,INTERSECTION,WEATHER_1,WEATHER_2,STATE_HWY_IND,CALTRANS_COUNTY,CALTRANS_DISTRICT,STATE_ROUTE,ROUTE_SUFFIX,POSTMILE_PREFIX,POSTMILE,LOCATION_TYPE,RAMP_INTERSECTION,SIDE_OF_HWY,TOW_AWAY,COLLISION_SEVERITY,NUMBER_KILLED,NUMBER_INJURED,PARTY_COUNT,PRIMARY_COLL_FACTOR,PCF_CODE_OF_VIOL,PCF_VIOL_CATEGORY,PCF_VIOLATION,PCF_VIOL_SUBSECTION,HIT_AND_RUN,TYPE_OF_COLLISION,MVIW,PED_ACTION,ROAD_SURFACE,ROAD_COND_1,ROAD_COND_2,LIGHTING,CONTROL_DEVICE,CHP_ROAD_TYPE,PEDESTRIAN_ACCIDENT,BICYCLE_ACCIDENT,MOTORCYCLE_ACCIDENT,TRUCK_ACCIDENT,NOT_PRIVATE_PROPERTY,ALCOHOL_INVOLVED,STWD_VEHTYPE_AT_FAULT,CHP_VEHTYPE_AT_FAULT,COUNT_SEVERE_INJ,COUNT_VISIBLE_INJ,COUNT_COMPLAINT_PAIN,COUNT_PED_KILLED,COUNT_PED_INJURED,COUNT_BICYCLIST_KILLED,COUNT_BICYCLIST_INJURED,COUNT_MC_KILLED,COUNT_MC_INJURED,PRIMARY_RAMP,SECONDARY_RAMP,LATITUDE,LONGITUDE,COUNTY,CITY,POINT_X,POINT_Y
91470335,2021,2021-06-03,9240,2021-02-11,1706,021137,,4,2,9,0400,0,1,3,,1,011,"STATE ROUTE 70","OPHIR RD",1531.00,S,N,B,C,Y,,,70,,,,,,,Y,1,2,2,2,A,-,01,23152,A,N,D,C,A,B,H,-,A,D,0,,,,,Y,Y,A,01,0,2,0,0,0,0,0,0,0,"- ","- ",39.460460662841797,-121.58231353759766,BUTTE,UNINCORPORATED,-121.58229064941406,39.460441589355469
91474802,2021,2021-08-20,9240,2021-05-07,2239,020170,,5,3,9,0400,0,3,5,,2,010,"LINCOLN BLVD","MESSINA AVE",210.00,S,N,A,-,N,,,,,,,,,,Y,1,1,0,2,A,-,01,23152,A,N,C,C,A,A,H,-,D,D,0,,,,,Y,Y,A,01,0,0,0,0,0,0,0,0,0,"- ","- ",39.441268920898438,-121.55149841308594,BUTTE,UNINCORPORATED,-121.55156707763672,39.44134521484375
91479745,2021,2021-05-27,9240,2021-05-16,2320,019256,,7,3,9,0400,0,3,5,,2,040,"FORBESTOWN RD","REBIE WAY",300.00,W,N,A,-,N,,,,,,,,,,Y,2,0,1,1,A,-,01,23152,A,N,F,A,A,A,H,-,D,D,0,,,Y,,Y,Y,C,02,1,0,0,0,0,0,0,0,1,"- ","- ",39.504749298095703,-121.33869934082031,BUTTE,UNINCORPORATED,-121.338623046875,39.504756927490234
91480919,2021,2021-09-20,9241,2021-05-15,2204,020624,,6,3,9,0400,0,2,4,,1,082,"MIDWAY (10000 BLOCK)","JONES AVE",34.00,S,N,A,-,N,,,,,,,,,,Y,1,1,0,1,A,-,01,23152,A,N,F,I,A,A,H,-,D,D,0,,,,,Y,Y,A,01,0,0,0,0,0,0,0,0,0,"- ","- ",39.676891326904297,-121.79598236083984,BUTTE,UNINCORPORATED,-121.79604339599609,39.677021026611328
91504534,2021,2021-06-23,9240,2021-03-24,1355,018396,,3,1,9,0400,0,3,5,,2,040,"LONG BAR ROAD","BOY Y LE LN",740.00,E,N,A,-,N,,,,,,,,,,Y,1,1,0,2,A,-,01,23152,F,N,A,C,A,A,H,-,A,A,0,,,Y,,Y,,C,02,0,0,0,0,0,0,0,1,0,"- ","- ",39.525558471679688,-121.53420257568359,BUTTE,UNINCORPORATED,,
91512374,2021,2021-07-02,9240,2021-06-28,1604,021137,,1,2,9,0400,0,3,5,,2,010,"FORBESTOWN RD","WHITE FIR LN",408.00,W,N,A,-,N,,,,,,,,,,Y,2,0,1,1,A,-,08,22107,,N,E,I,A,A,H,-,A,D,0,,,,,Y,,A,01,1,0,0,0,0,0,0,0,0,"- ","- ",39.504558563232422,-121.34059143066406,BUTTE,UNINCORPORATED,-121.34066009521484,39.504493713378906
91516908,2021,2021-07-09,9241,2021-07-08,1425,016360,,4,2,9,0400,0,3,5,,2,008,"OROVILLE CHICO HIGHWAY","SHOE WAY",52800.00,W,N,A,-,N,,,,,,,,,,Y,2,0,1,1,A,-,08,22107,,N,E,I,A,A,H,-,A,D,0,,,,,Y,,A,01,1,0,0,0,0,0,0,0,0,"- ","- ",39.6815185546875,-121.79022979736328,BUTTE,UNINCORPORATED,-121.79694366455078,39.683429718017578
91523831,2021,2021-07-19,9241,2021-07-19,0600,018540,,1,1,9,0400,0,1,3,,2,091,"SR-99 N/B","DURHAM DAYTON RD. O/C",4224.00,S,N,A,-,Y,,,99,,,,,,N,Y,2,0,2,1,A,-,08,22107,,N,E,8,A,A,H,-,B,D,0,,,,,Y,,A,01,1,1,0,0,0,0,0,0,0,"- ","- ",39.632118225097656,-121.70436096191406,BUTTE,UNINCORPORATED,-121.70438385009766,39.632091522216797
91525847,2021,2021-07-21,9241,2021-07-19,1730,020686,,1,2,5,0402,0,1,3,,2,100,"N/B SR-99","E LASSEN AVE.",799.00,S,N,A,-,Y,,,99,,,,,,,Y,2,0,2,2,A,-,08,22107,,N,B,C,A,A,H,-,A,D,0,,,,,Y,,A,01,1,0,1,0,0,0,0,0,0,"- ","- ",39.762901306152344,-121.85848999023438,BUTTE,CHICO,-121.85865020751953,39.762702941894531
91531542,2021,2021-07-29,9241,2021-07-15,2005,016360,,4,2,9,0400,0,3,5,,2,009,"NEAL ROAD","EL FRAN WAY",136.00,E,N,A,-,N,,,,,,,,,,Y,1,1,0,1,A,-,08,22107,,N,F,A,A,A,H,-,A,D,0,,,Y,,Y,,C,02,0,0,0,0,0,0,0,1,0,"- ","- ",39.710849761962891,-121.66905212402344,BUTTE,UNINCORPORATED,-121.66905212402344,39.710762023925781
91537532,2021,2021-08-05,9240,2021-07-10,1923,019710,,6,2,9,0400,0,3,5,,2,010,"PALERMO HONCUT HIGHWAY","AHART RD",3040.00,N,N,A,-,N,,,,,,,,,,Y,2,0,3,1,A,-,08,22107,,N,E,I,A,A,H,-,A,D,0,,,,,Y,,D,22,2,1,0,0,0,0,0,0,0,"- ","- ",39.351329803466797,-121.53946685791016,BUTTE,UNINCORPORATED,-121.53948211669922,39.351940155029297
91548923,2021,2021-08-19,9240,2021-06-24,1640,020318,,4,2,9,0400,0,3,5,,2,010,"AVACADO RD.","DUNSTONE DR",2350.00,E,N,B,C,N,,,,,,,,,,Y,1,1,5,1,A,-,03,22350,,N,F,A,A,A,H,-,A,D,0,,,,,Y,,D,22,1,4,0,0,0,0,0,0,0,"- ","- ",39.40570068359375,-121.44750213623047,BUTTE,UNINCORPORATED,-121.44709777832031,39.405662536621094
91559576,2021,2021-08-31,9240,2021-08-28,1900,019055,,6,2,9,0400,0,3,5,,2,030,"CONCOW ROAD","RAGDUMP RD",5280.00,S,N,A,-,N,,,,,,,,,,N,2,0,1,1,A,-,01,23152,A,N,F,A,A,A,H,-,A,D,0,,,,,Y,Y,A,07,1,0,0,0,0,0,0,0,0,"- ","- ",39.855880737304688,-121.47670745849609,BUTTE,UNINCORPORATED,-121.48208618164062,39.848499298095703
91559769,2021,2021-08-31,9241,2021-08-26,0226,021256,,4,3,9,0400,0,1,3,,2,100,"SR-99 S/B","EAST AVE",1267.00,N,N,A,-,Y,,,,,,,,,,Y,2,0,1,2,A,-,13,21718,A,N,C,C,A,A,H,-,D,D,0,,,,Y,Y,,D,22,1,0,0,0,0,0,0,0,0,"- ","- ",39.454551696777344,-121.51320648193359,BUTTE,UNINCORPORATED,-121.85881805419922,39.762596130371094
91561131,2021,2021-09-02,9241,2021-08-31,1320,016360,,2,1,9,0400,0,1,3,,1,060,SR-32,"HUMBOLDT AVE.",3168.00,E,N,A,-,Y,,,32,,,,,,,Y,2,0,1,1,A,-,08,22107,,N,F,A,A,A,H,-,A,D,0,,,,,Y,,D,22,1,0,0,0,0,0,0,0,0,"- ","- ",40.048530578613281,-121.61354827880859,BUTTE,UNINCORPORATED,-121.61359405517578,40.048496246337891
91566583,2021,2021-09-09,9241,2021-09-06,1245,014929,,1,1,9,0400,0,3,5,,2,007,"LOVELOCK ROAD",SKYWAY,10560.00,N,N,A,-,N,,,,,,,,,,Y,2,0,5,2,A,-,03,22350,,N,A,C,A,A,H,-,A,D,0,,,Y,,Y,,C,06,1,2,2,0,0,0,0,0,4,"- ","- ",39.917770385742188,-121.58190155029297,BUTTE,UNINCORPORATED,-121.58269500732422,39.917144775390625
91567756,2021,2021-09-10,9240,2021-09-04,2010,020318,,6,2,9,0400,0,1,3,,2,041,SR-162,"OLD OLIVE HWY",330.00,E,N,A,-,Y,,,162,,,,,,,Y,2,0,1,1,A,-,01,23152,A,N,E,I,A,A,H,-,C,D,0,,,,,Y,Y,D,22,1,0,0,0,0,0,0,0,0,"- ","- ",39.503620147705078,-121.45501708984375,BUTTE,UNINCORPORATED,-121.45500946044922,39.503589630126953
91575909,2021,2021-09-21,9241,2021-09-02,2222,019692,,4,3,9,0400,0,1,3,,2,081,"SR-99 N/B","NEAL RD.",5280.00,N,N,A,-,Y,,,99,,,,,,N,Y,1,1,0,1,A,-,08,22107,,N,E,8,A,A,H,-,D,D,0,,,,,Y,,D,22,0,0,0,0,0,0,0,0,0,"- ","- ",39.6768798828125,-121.75827789306641,BUTTE,UNINCORPORATED,-121.75830841064453,39.676841735839844
9158230,2020,2020-12-01,0405,2020-09-26,1713,ARC01,3N,6,5,4,0405,0,0,0,,0,00N,"CLARK RD","WEE DELL RD",221.00,S,N,A,-,N,,,,,,,,,,Y,2,0,2,2,A,-,03,22350,,N,C,C,A,A,H,-,A,D,0,,,,,Y,,A,01,1,1,0,0,0,0,0,0,0,"- ","- ",39.796840667724609,-121.58580780029297,BUTTE,PARADISE,-121.58550262451172,39.791011810302734
91594598,2021,2021-10-12,9240,2021-07-05,0300,019256,,1,3,9,0400,0,1,3,,2,032,SR-70,"WEST BRANCH BRIDGE (E/B EAST CONCRETE ABUTMENT EDG",756.00,E,N,A,-,Y,,,70,,,,,,,Y,1,2,0,2,A,-,01,23152,A,N,A,C,A,A,H,-,D,D,0,,,,,Y,Y,A,01,0,0,0,0,0,0,0,0,0,"- ","- ",39.670501708984375,-121.52613067626953,BUTTE,UNINCORPORATED,-121.52618408203125,39.670501708984375
91600340,2021,2021-10-19,9241,2021-10-17,1940,016360,,7,2,9,0400,0,1,3,,2,080,SR-32,"HAMILTON NORD CANA HWY",217.00,W,N,A,-,Y,,,32,,,,,,,Y,2,0,3,2,A,-,01,23152,A,F,E,I,A,A,H,-,A,A,0,,,,,Y,Y,A,01,1,0,2,0,0,0,0,0,0,"- ","- ",39.753299713134766,-121.95761108398438,BUTTE,UNINCORPORATED,-121.95761108398438,39.753311157226562
91603714,2021,2021-10-22,9241,2021-10-10,1155,017170,,7,1,9,0400,0,3,5,,2,006,"MERIDIAN RD","MUNJAR RD",623.00,S,N,A,-,N,,,,,,,,,,Y,2,0,2,2,A,-,01,23152,A,N,F,A,A,A,H,-,A,D,0,,,,,Y,Y,D,22,1,1,0,0,0,0,0,0,0,"- ","- ",39.852558135986328,-121.91947174072266,BUTTE,UNINCORPORATED,-121.91937255859375,39.853118896484375
91604109,2021,2021-10-22,9240,2021-10-12,1225,017062,,2,1,9,0400,0,3,5,,2,040,"ORO QUINCY HWY","DEER PARK RD.",4171.00,E,N,A,-,N,,,,,,,,,,Y,1,1,0,1,A,-,03,22350,,N,F,A,A,A,H,-,A,D,0,,,,Y,Y,,G,27,0,0,0,0,0,0,0,0,0,"- ","- ",39.755199432373047,-121.29750061035156,BUTTE,UNINCORPORATED,-121.28925323486328,39.750438690185547
91608779,2021,2021-10-28,9240,2021-10-23,1315,018841,,6,1,9,0400,0,3,5,,2,010,"FORBESTOWN RD.","POWELL RIDGE RD.",3160.00,E,N,B,C,N,,,,,,,,,,Y,2,0,2,1,A,-,08,22107,,N,F,A,A,B,H,-,A,D,0,,,,,Y,,A,01,1,1,0,0,0,0,0,0,0,"- ","- ",39.504390716552734,-121.34147644042969,BUTTE,UNINCORPORATED,-121.34083557128906,39.504467010498047
91612682,2021,2021-11-01,9241,2021-10-30,1505,018540,,6,2,9,0400,0,2,4,,2,090,"SKYWAY W/B","ROCKY BLUFF DR.",0.00,,Y,B,-,N,,,,,,,,,,Y,2,0,1,1,A,-,03,22350,,N,E,I,A,A,H,-,A,D,0,,,,,Y,,A,01,1,0,0,0,0,0,0,0,0,"- ","- ",38.705818176269531,-121.73274230957031,BUTTE,UNINCORPORATED,-121.73287963867188,39.705696105957031
91620812,2021,2021-11-09,9240,2021-10-28,0910,015532,,4,1,9,0400,0,3,5,,2,030,"CONCOW RD","NELSON BAR RD",666.00,S,N,A,-,N,,,,,,,,,,Y,2,0,1,1,A,-,03,22350,,N,E,J,A,A,H,-,A,A,0,,,,,Y,,A,01,1,0,0,0,0,0,0,0,0,"- ","- ",39.728939056396484,-121.525390625,BUTTE,UNINCORPORATED,-121.52533721923828,39.728641510009766
91623466,2021,2021-11-12,9241,2021-11-04,1630,019006,,4,2,9,0400,0,2,4,,2,063,"SOUTH PARK DR","ENDICOT CIRCLE",166.00,E,N,A,-,N,,,,,,,,,,Y,2,0,2,1,A,-,01,23152,A,N,E,I,A,A,H,-,A,D,0,,,,,Y,Y,A,01,2,0,0,0,0,0,0,0,0,"- ","- ",39.805408477783203,-121.598388671875,BUTTE,UNINCORPORATED,-121.59794616699219,39.805419921875
91638341,2021,2021-11-30,9240,2021-11-27,1435,019653,,6,2,9,0400,0,1,3,,2,041,SR-162,"LOST HORIZON DR",600.00,E,N,A,-,Y,,,162,,,,,,,Y,2,0,1,1,C,-,18,,,N,H,H,A,A,H,-,A,D,0,,,Y,,Y,,-,"- ",1,0,0,0,0,0,0,0,1,"- ","- ",39.509490966796875,-121.44972229003906,BUTTE,UNINCORPORATED,-121.44976043701172,39.509498596191406
91642242,2021,2021-12-03,9240,2021-11-29,2055,018967,,1,2,9,0400,0,3,5,,2,010,"FOOTHILL BLVD","LOWER WYANDOTTE RD",1200.00,S,N,A,-,N,,,,,,,,,,Y,2,0,1,1,A,-,01,23152,A,N,E,I,A,A,H,-,D,D,0,,,Y,,Y,Y,C,02,1,0,0,0,0,0,0,0,1,"- ","- ",39.460651397705078,-121.47796630859375,BUTTE,UNINCORPORATED,-121.47798919677734,39.460720062255859
91643752,2021,2021-12-06,9241,2021-12-04,1710,015529,,6,2,9,0400,0,2,4,,2,070,SKYWAY,"WYCLIFF WAY",32.00,S,N,A,-,N,,,,,,,,,,N,2,0,1,2,A,-,11,21954,A,N,G,B,D,A,H,-,C,D,0,Y,,,,Y,,N,60,1,0,0,0,1,0,0,0,0,"- ","- ",39.833740234375,-121.59686279296875,BUTTE,UNINCORPORATED,-121.59700775146484,39.833946228027344
91656763,2021,2021-12-20,9240,2021-12-16,2001,019653,,4,2,9,0400,0,3,5,,2,010,"ORO BANGOR HWY","LA PORTE RD",761.00,N,N,B,-,N,,,,,,,,,,Y,2,0,1,1,A,-,01,23152,A,N,E,I,A,B,H,-,C,D,0,,,,,Y,Y,A,01,1,0,0,0,0,0,0,0,0,"- ","- ",39.389621734619141,-121.40709686279297,BUTTE,UNINCORPORATED,-121.407487,39.389915999999999
91656858,2021,2021-12-20,9241,2021-11-27,1100,014929,,6,1,9,0400,0,2,4,,2,090,SKYWAY,"SANTA ROSA ROAD",4140.00,E,N,A,-,N,,,,,,,,,,Y,1,1,0,1,A,-,08,22107,,N,E,I,A,A,H,-,A,D,0,,,,,Y,,A,01,0,0,0,0,0,0,0,0,0,"- ","- ",39.721450805664062,-121.69754791259766,BUTTE,UNINCORPORATED,,
91663843,2021,2021-12-28,9240,2021-12-25,2028,020318,,6,2,9,0400,0,3,5,,2,010,"LOWER HONCUT RD.","RAMIREZ RD.",180.00,W,N,B,-,N,,,,,,,,,,Y,2,0,2,1,A,-,01,23152,A,N,E,I,A,B,H,-,D,D,0,,,,,Y,Y,D,22,1,1,0,0,0,0,0,0,0,"- ","- ",39.319969177246094,-121.50775146484375,BUTTE,UNINCORPORATED,-121.507459,39.320039000000001
91689496,2022,2022-01-31,9241,2022-01-21,1155,019006,,5,1,9,0400,0,1,3,,2,081,"SR99 S/B","ESTATES DR",0.00,,Y,A,-,Y,BUT,,99,,,28.364,H,,L,Y,2,0,1,2,A,-,12,21453,A,N,D,C,A,A,H,-,A,A,0,,,,,Y,,D,22,1,0,0,0,0,0,0,0,0,"- ","- ",39.690059661865234,-121.77352905273438,BUTTE,UNINCORPORATED,-121.77354431152344,39.690052032470703
91698209,2022,2022-02-10,9241,2022-02-04,0200,018796,,5,3,9,0400,0,2,4,,2,095,"DURHAM PENTZ ROAD","WHEELOCK RD",2640.00,W,N,A,-,N,,,,,,,,,,Y,2,0,2,1,A,-,08,22107,,N,E,I,A,A,H,-,D,D,0,,,,,Y,,A,07,1,1,0,0,0,0,0,0,0,"- ","- ",39.652839660644531,-121.58651733398438,BUTTE,UNINCORPORATED,-121.59777069091797,39.651641845703125
91700299,2022,2022-02-14,9241,2022-02-10,2210,020686,,4,3,9,0400,0,1,3,,1,061,"S/B SR-99","HAMILTON NORD CANA HWY.",3696.00,S,N,A,-,Y,BUT,,99,,,43.313,H,,R,Y,2,0,2,2,A,-,01,23152,A,F,C,C,A,A,H,-,D,D,0,,,,,Y,Y,A,07,1,0,1,0,0,0,0,0,0,"- ","- ",39.851348876953125,-121.95005035400391,BUTTE,UNINCORPORATED,-121.94998168945312,39.85137939453125
9171255,2020,2020-12-15,0402,2020-10-13,1934,P02875,,2,5,5,0402,0,0,0,,0,006,ESPLANADE,"WEST 8TH AV",148.00,N,N,A,-,N,,,,,,,,,,N,2,0,1,2,A,-,11,21954,A,F,-,-,-,A,H,-,C,-,0,Y,,,,Y,,N,60,1,0,0,0,1,0,0,0,0,"- ","- ",,,BUTTE,CHICO,-121.85146331787109,39.745468139648438
91734956,2022,2022-03-28,9240,2022-03-04,2324,019842,,5,3,9,0400,0,1,3,,1,011,SR-70,"E. GRIDLEY ROAD",3340.00,N,N,B,-,Y,BUT,,70,,,4.724,H,,R,Y,1,2,2,2,A,-,01,23152,A,N,A,C,A,A,H,-,D,D,0,,,,,Y,Y,A,01,1,1,0,0,0,0,0,0,0,"- ","- ",39.373699188232422,-121.61164093017578,BUTTE,UNINCORPORATED,-121.61160278320312,39.373706817626953
91737441,2022,2022-03-30,9241,2022-02-17,1805,018879,,4,2,9,0400,0,1,3,,2,080,SR-32,"FREIGHT LN",690.00,W,N,A,-,Y,BUT,,32,,,4.744,H,,R,N,1,1,0,2,A,-,11,21954,A,N,G,B,D,A,H,-,B,D,0,Y,,,,Y,,N,60,0,0,0,1,0,0,0,0,0,"- ","- ",39.751708984375,-121.9090576171875,BUTTE,UNINCORPORATED,-121.90904998779297,39.751750946044922
91744381,2022,2022-04-08,9240,2022-04-02,0112,021137,,6,3,9,0400,0,3,5,,2,010,"EAST GRIDLEY RD",SR-70,3696.00,W,N,A,-,N,,,,,,,,,,Y,2,0,1,2,A,-,08,22107,,N,B,C,A,A,H,-,D,D,0,,,,,Y,,A,01,1,0,0,0,0,0,0,0,0,"- ","- ",39.364410400390625,-121.62232208251953,BUTTE,UNINCORPORATED,-121.62102508544922,39.364395141601562
91753793,2022,2022-04-21,9241,2022-04-17,1400,019692,,7,2,9,0400,0,3,5,,2,007,"HUPP COUTOLENC RD","KNOTTA RD",2112.00,W,N,A,-,N,,,,,,,,,,Y,2,0,1,1,A,-,08,22107,,N,E,I,A,A,H,-,A,D,0,,,Y,,Y,,C,06,1,0,0,0,0,0,0,0,1,"- ","- ",39.880050659179688,-121.59365081787109,BUTTE,UNINCORPORATED,-121.59098815917969,39.879409790039062
91770117,2022,2022-05-11,9240,2022-05-09,2122,020318,,1,2,9,0400,0,3,5,,2,020,"E. GRIDLEY RD.","LARKIN RD.",1200.00,W,N,B,-,N,,,,,,,,,,N,2,0,1,2,D,-,00,,,N,G,B,E,B,H,-,D,D,0,Y,,,,Y,,-,"- ",1,0,0,0,1,0,0,0,0,"- ","- ",39.363410949707031,-121.66455078125,BUTTE,UNINCORPORATED,-121.66415405273438,39.363430023193359
91775368,2022,2022-05-18,9241,2022-05-16,1148,014929,,1,1,5,0402,0,1,3,,2,100,"SR-99 N/B","SKYWAY OVERCROSSING",1670.00,N,N,A,-,Y,BUT,,99,,R,30.878,H,,R,Y,2,0,3,2,A,-,07,21658,A,N,B,2,A,A,H,-,A,D,0,,,,,Y,,A,08,1,0,2,0,0,0,0,0,0,"- ","- ",39.718299865722656,-121.80322265625,BUTTE,CHICO,-121.80319213867188,39.718311309814453
91780600,2022,2022-05-25,9240,2022-05-19,1640,019653,,4,2,9,0400,0,3,5,,2,020,"RICETON HIGHWAY","W. HAMILTON ROAD",3696.00,S,N,A,-,N,,,,,,,,,,Y,2,0,1,1,A,-,01,23152,A,N,F,A,A,A,H,-,A,D,0,,,,,Y,Y,A,01,1,0,0,0,0,0,0,0,0,"- ","- ",39.440071105957031,-121.72590637207031,BUTTE,UNINCORPORATED,-121.72598266601562,39.440242767333984
91803639,2022,2022-06-27,9241,2022-06-20,1326,019006,,1,1,9,0400,0,2,4,,2,071,SKYWAY,"WOODWARD DR",108.00,S,N,A,-,N,,,,,,,,,,Y,2,0,1,2,A,-,09,21804,A,N,D,C,A,A,H,-,A,D,0,,,Y,,Y,,A,07,1,0,0,0,0,0,0,0,1,"- ","- ",39.839160919189453,-121.59751892089844,BUTTE,UNINCORPORATED,-121.59756469726562,39.839183807373047
91805974,2022,2022-06-29,9241,2022-06-14,1718,018879,,2,2,9,0400,0,3,5,,2,007,"DOGTOWN ROAD",SKYWAY,734.00,N,N,A,-,N,,,,,,,,,,Y,1,1,1,2,A,-,05,21460,A,N,A,C,A,A,H,-,A,D,0,,,Y,,Y,,C,02,0,1,0,0,0,0,0,1,0,"- ","- ",39.816051483154297,-121.58598327636719,BUTTE,UNINCORPORATED,-121.59501647949219,39.829334259033203
91807224,2022,2022-06-30,9241,2022-06-15,2055,018879,,3,2,9,0400,0,3,5,,2,008,"WEST EAST AVENUE","GUYNN AVENUE",200.00,W,N,A,-,N,,,,,,,,,,Y,1,1,0,1,A,-,05,21460,A,N,E,I,A,A,H,-,C,D,0,,,Y,,Y,,C,02,0,0,0,0,0,0,0,1,0,"- ","- ",39.745990753173828,-121.87918853759766,BUTTE,UNINCORPORATED,-121.87906646728516,39.746025085449219
91827258,2022,2022-07-28,9240,2022-07-26,1723,018967,,2,2,9,0400,0,1,3,,1,021,SR-99,"NELSON SHIPPEE RD",350.00,S,N,A,-,Y,BUT,,99,,,16.104,H,,R,Y,2,0,1,2,A,-,04,21703,,N,C,C,A,A,H,-,A,D,0,,,Y,,Y,,C,02,1,0,0,0,0,0,0,0,1,"- ","- ",39.536861419677734,-121.68872833251953,BUTTE,UNINCORPORATED,-121.68875122070312,39.536861419677734
91840545,2022,2022-08-15,9240,2022-08-13,1615,019256,,6,2,9,0400,0,1,3,,2,041,"FORBESTOWN RD.","SR-162 (ORO-QUINCY HWY)",0.00,,Y,A,-,Y,BUT,,162,,,24.190,H,,R,Y,2,0,3,2,A,-,03,22350,,N,D,C,A,A,H,-,A,A,0,,,,,Y,,A,01,1,2,0,0,0,0,0,0,0,"- ","- ",39.514778137207031,-121.44405364990234,BUTTE,UNINCORPORATED,-121.44405364990234,39.514781951904297
91840761,2022,2022-11-08,9240,2022-08-08,1220,017532,,1,1,9,0400,0,3,5,,2,040,"ORO QUINCY HWY.","DEER PARK RD.",1700.00,N,N,A,-,N,,,,,,,,,,N,2,0,1,1,A,-,08,22107,,N,E,I,A,A,H,-,A,A,0,,,,,Y,,D,22,1,0,0,0,0,0,0,0,0,"- ","- ",39.754859924316406,-121.29250335693359,BUTTE,UNINCORPORATED,-121.29171752929688,39.754459381103516
91854341,2022,2023-12-12,9240,2022-08-24,0327,021137,,3,3,9,0400,0,1,3,,1,021,SR99,"BADGER CREEK RD",1000.00,S,N,A,-,Y,BUT,,99,,,12.469,H,,R,Y,2,0,1,2,A,-,11,21956,A,N,G,B,E,A,H,-,D,D,0,Y,,,,Y,,N,60,1,0,0,0,1,0,0,0,0,"- ","- ",39.484199523925781,-121.6885986328125,BUTTE,UNINCORPORATED,-121.68860626220703,39.484199523925781
91866471,2022,2022-09-16,9240,2022-09-05,1220,017532,,1,1,9,0400,0,1,3,,1,021,SR-99,"RICHVALE HWY/SR-162E",0.00,,Y,A,-,Y,BUT,,99,,,13.211,H,,R,Y,1,1,4,4,A,-,01,23152,F,N,D,C,A,A,H,-,A,A,0,,,,,Y,,D,22,2,2,0,0,0,0,0,0,0,"- ","- ",39.494968414306641,-121.68862915039062,BUTTE,UNINCORPORATED,-121.68867492675781,39.494968414306641
91877135,2022,2022-09-29,9240,2022-09-17,2037,021137,,6,2,9,0400,0,3,5,,2,010,"LONE TREE RD","COX LN",0.30,N,N,A,-,N,,,,,,,,,,Y,1,1,0,1,A,-,08,22107,,N,E,I,A,A,H,-,D,D,0,,,,,Y,,D,22,0,0,0,0,0,0,0,0,0,"- ","- ",39.390850067138672,-121.57672882080078,BUTTE,UNINCORPORATED,-121.57652282714844,39.386508941650391
91889399,2022,2022-10-13,9241,2022-10-07,2345,022594,,5,3,9,0400,0,1,3,,2,091,"NELSON RD","ADOBE RD",50.00,W,N,A,-,N,,,,,,,,,,Y,2,0,1,1,A,-,01,23152,A,N,E,I,A,A,H,-,D,A,0,,,,,Y,Y,A,01,1,0,0,0,0,0,0,0,0,"- ","- ",39.581298828125,-121.70919799804688,BUTTE,UNINCORPORATED,-121.709228515625,39.581249237060547
91892950,2022,2022-10-18,9240,2022-10-12,2028,018967,,3,2,9,0400,0,1,3,,2,041,SR-162,"LOST HORIZON DRIVE",528.00,W,N,A,-,Y,BUT,,162,,,23.442,H,,R,Y,2,0,1,1,A,-,08,22107,,N,F,A,A,A,H,-,D,D,0,,,Y,,Y,,C,02,1,0,0,0,0,0,0,0,1,"- ","- ",39.506191253662109,-121.45085906982422,BUTTE,UNINCORPORATED,-121.45089721679688,39.506210327148438
91897704,2022,2022-10-24,9241,2022-10-14,0500,019692,,5,3,9,0400,0,2,4,,2,070,SKYWAY,"DOGTOWN ROAD",528.00,N,N,A,-,N,,,,,,,,,,N,2,0,1,1,A,-,08,22107,,N,E,I,A,A,H,-,D,D,0,,Y,,,Y,,L,04,1,0,0,0,0,0,1,0,0,"- ","- ",39.831180572509766,-121.59622955322266,BUTTE,UNINCORPORATED,-121.59642791748047,39.832191467285156