CASE_ID,ACCIDENT_YEAR,PROC_DATE,JURIS,COLLISION_DATE,COLLISION_TIME,OFFICER_ID,REPORTING_DISTRICT,DAY_OF_WEEK,CHP_SHIFT,POPULATION,CNTY_CITY_LOC,SPECIAL_COND,BEAT_TYPE,CHP_BEAT_TYPE,CITY_DIVISION_LAPD,CHP_BEAT_CLASS,BEAT_NUMBER,PRIMARY_RD,SECONDARY_RD,DISTANCE,DIRECTION,INTERSECTION,WEATHER_1,WEATHER_2,STATE_HWY_IND,CALTRANS_COUNTY,CALTRANS_DISTRICT,STATE_ROUTE,ROUTE_SUFFIX,POSTMILE_PREFIX,POSTMILE,LOCATION_TYPE,RAMP_INTERSECTION,SIDE_OF_HWY,TOW_AWAY,COLLISION_SEVERITY,NUMBER_KILLED,NUMBER_INJURED,PARTY_COUNT,PRIMARY_COLL_FACTOR,PCF_CODE_OF_VIOL,PCF_VIOL_CATEGORY,PCF_VIOLATION,PCF_VIOL_SUBSECTION,HIT_AND_RUN,TYPE_OF_COLLISION,MVIW,PED_ACTION,ROAD_SURFACE,ROAD_COND_1,ROAD_COND_2,LIGHTING,CONTROL_DEVICE,CHP_ROAD_TYPE,PEDESTRIAN_ACCIDENT,BICYCLE_ACCIDENT,MOTORCYCLE_ACCIDENT,TRUCK_ACCIDENT,NOT_PRIVATE_PROPERTY,ALCOHOL_INVOLVED,STWD_VEHTYPE_AT_FAULT,CHP_VEHTYPE_AT_FAULT,COUNT_SEVERE_INJ,COUNT_VISIBLE_INJ,COUNT_COMPLAINT_PAIN,COUNT_PED_KILLED,COUNT_PED_INJURED,COUNT_BICYCLIST_KILLED,COUNT_BICYCLIST_INJURED,COUNT_MC_KILLED,COUNT_MC_INJURED,PRIMARY_RAMP,SECONDARY_RAMP,LATITUDE,LONGITUDE,COUNTY,CITY,POINT_X,POINT_Y
91898090,2022,2022-10-24,9240,2022-10-18,1854,019055,,2,2,9,0400,0,1,3,,2,032,SR-70,"PENTZ ROAD",7392.00,W,N,A,-,Y,BUT,,70,,,25.088,H,,R,N,2,0,1,1,C,-,18,,,N,H,H,A,A,H,-,C,D,0,,,Y,,Y,,-,"- ",1,0,0,0,0,0,0,0,1,"- ","- ",39.636878967285156,-121.57920074462891,BUTTE,UNINCORPORATED,-121.57918548583984,39.636863708496094
91918233,2022,2022-11-15,9241,2022-11-09,1930,016360,,3,2,9,0400,0,1,3,,2,080,SR-32,"KENNEDY AVENUE",0.00,,Y,A,-,Y,BUT,,32,,,6.000,H,,R,N,2,0,1,2,A,-,11,21954,A,N,G,B,D,A,H,-,C,D,0,Y,,,,Y,Y,N,60,1,0,0,0,1,0,0,0,0,"- ","- ",39.743709564208984,-121.88709259033203,BUTTE,UNINCORPORATED,-121.88710784912109,39.743686676025391
91923413,2022,2022-11-21,9241,2022-11-17,0934,014929,,4,1,9,0400,0,3,5,,2,009,"HONEY RUN RD","HORSE RANCH ROAD",12250.00,N,N,A,-,N,,,,,,,,,,Y,2,0,1,1,A,-,03,22350,,N,E,I,A,A,H,-,A,D,0,,,Y,,Y,,C,02,1,0,0,0,0,0,0,0,1,"- ","- ",39.715370178222656,-121.7242431640625,BUTTE,UNINCORPORATED,,
9192549,2020,2021-01-19,0404,2020-10-26,2008,645,W,1,5,3,0404,0,0,0,,0,00W,"OROVILLE DAM BL E","7TH AV",0.00,,Y,A,-,Y,BUT,3,162,-,-,16.190,H,-,E,N,2,0,1,2,A,-,11,21955,,N,G,B,D,A,H,-,C,D,0,Y,,,,Y,,-,99,1,0,0,0,1,0,0,0,0,"- ","- ",39.498428344726562,-121.56890869140625,BUTTE,OROVILLE,-121.56880187988281,39.498558044433594
91930397,2022,2022-11-30,9241,2022-11-17,1715,018540,,4,2,9,0400,0,2,4,,2,090,"SKYWAY E/B","SANTA ROSA RD",2460.00,W,N,A,-,N,,,,,,,,,,Y,1,1,2,2,A,-,08,22107,,N,A,C,A,A,H,-,D,D,0,,,,,Y,,A,01,2,0,0,0,0,0,0,0,0,"- ","- ",39.711288452148438,-121.71694946289062,BUTTE,UNINCORPORATED,,
91944369,2022,2022-12-16,9241,2022-12-07,1440,020686,,3,2,9,0400,0,3,5,,2,007,"E/B SKYWAY","MANZANITA STREET",1030.00,W,N,A,-,N,,,,,,,,,,N,2,0,2,1,A,-,03,22350,,N,E,I,A,A,H,-,A,D,0,,,,,Y,Y,A,01,2,0,0,0,0,0,0,0,0,"- ","- ",39.901348114013672,-121.53128814697266,BUTTE,UNINCORPORATED,-121.53121185302734,39.901237487792969
9194635,2020,2021-01-26,0405,2020-11-13,1330,TAT01,10S,5,5,4,0405,0,0,0,,0,00S,SKYWAY,"SKYWAY 5175",7.00,E,N,B,-,N,,,,,,,,,,Y,2,0,3,2,A,-,03,22350,,N,C,C,A,B,H,-,A,A,0,,,,Y,Y,,F,27,2,1,0,0,0,0,0,0,0,"- ","- ",39.746448516845703,-121.63852691650391,BUTTE,PARADISE,,
91956697,2022,2022-12-30,9241,2022-12-24,1845,020638,,6,2,9,0400,0,2,4,,2,086,"DURHAM-DAYTON HWY","DURHAM-DAYTON HWY AND MCANARLIN AVE",0.00,,Y,A,-,N,,,,,,,,,,Y,2,0,4,1,A,-,01,23152,A,N,E,I,A,A,H,-,D,A,0,,,,,Y,Y,A,07,2,1,1,0,0,0,0,0,0,"- ","- ",39.652828216552734,-121.81069183349609,BUTTE,UNINCORPORATED,-121.71859741210938,39.64227294921875
91960232,2022,2023-01-23,9240,2022-12-25,1710,021137,,7,2,9,0400,0,3,5,,2,020,"BIGGS EAST HWY","MEAD AVE",45.00,W,N,B,E,N,,,,,,,,,,Y,1,1,0,2,A,-,08,22107,,N,B,C,A,A,H,-,D,D,0,,,Y,,Y,,C,02,0,0,0,0,0,0,0,1,0,"- ","- ",39.415031433105469,-121.67902374267578,BUTTE,UNINCORPORATED,-121.67900085449219,39.415058135986328
91964858,2023,2023-01-10,9241,2023-01-04,1130,014929,,3,1,9,0400,0,1,3,,2,091,"SR-99 S/B","SHIPPEE ROAD",30.00,N,N,B,-,Y,BUT,,99," "," ",19.697,H,,L,Y,2,0,2,2,A,-,03,22350,,N,C,C,A,B,H,-,A,D,0,,,,,Y,,A,01,1,1,0,0,0,0,0,0,0,"- ","- ",39.588848114013672,-121.68901824951172,BUTTE,UNINCORPORATED,-121.68899536132812,39.588851928710938
9197172,2020,2020-12-22,0403,2020-10-31,1758,P74,,6,5,2,0403,0,0,0,,0,,"SYCAMORE ST","VIRGINIA AV",0.00,,Y,A,-,N,,,,,,,,,,N,2,0,1,1,A,-,17,23109,C,N,F,A,A,A,H,-,A,D,0,,,Y,,Y,,C,02,1,0,0,0,0,0,0,0,1,"- ","- ",39.364540100097656,-121.69568634033203,BUTTE,GRIDLEY,-121.69538879394531,39.363838195800781
91985352,2023,2023-05-04,9240,2023-01-27,1246,019055,,5,1,9,0400,0,3,5,,2,030,"COLINA WAY","FERNWOOD WAY",136.00,S,N,A,-,N,,,,,,,,,,Y,1,1,0,1,C,-,18,,,N,E,8,A,A,H,-,A,D,0,,,,,Y,,-,"- ",0,0,0,0,0,0,0,0,0,"- ","- ",39.529121398925781,-121.53060150146484,BUTTE,UNINCORPORATED,-121.53061676025391,39.529254913330078
91986758,2023,2023-02-06,9240,2023-02-02,2110,019653,,4,2,9,0400,0,3,5,,2,010,"ORO BANGOR HIGHWAY","AVACADO RD",1000.00,N,N,A,-,N,,,,,,,,,,Y,2,0,1,1,A,-,01,23152,A,N,H,H,A,A,H,-,D,D,0,,,,,Y,Y,A,01,1,0,0,0,0,0,0,0,0,"- ","- ",39.402130126953125,-121.41596984863281,BUTTE,UNINCORPORATED,,
91997073,2023,2023-02-17,9240,2023-02-12,2200,020170,,7,3,9,0400,0,1,3,,1,011,SR-70,"GOLD RUN COURT",333.00,N,N,A,-,Y,BUT,,70," "," ",8.865,H,,R,N,2,0,1,2,A,-,01,23152,A,F,D,C,A,A,H,-,D,D,0,,,Y,,Y,Y,D,22,1,0,0,0,0,0,0,0,1,"- ","- ",39.431770324707031,-121.60507965087891,BUTTE,UNINCORPORATED,-121.60507965087891,39.431770324707031
91999173,2023,2023-02-21,9240,2023-02-16,2130,020318,,4,2,9,0400,0,3,5,,2,010,"LINCOLN BLVD.","GROVE ST.",48.00,S,N,B,-,N,,,,,,,,,,Y,2,0,1,1,A,-,08,22107,,N,E,I,A,A,H,-,D,D,0,,,,,Y,,A,01,1,0,0,0,0,0,0,0,0,"- ","- ",39.488311767578125,-121.55130767822266,BUTTE,UNINCORPORATED,-121.55128479003906,39.488418579101562
92020893,2023,2023-03-17,9240,2023-03-11,2335,020170,,6,3,9,0400,0,3,5,,2,020,"COLUSA HWY","RILEY ROAD",1584.00,E,N,B,-,N,,,,,,,,,,N,2,0,1,1,A,-,01,23152,A,M,E,8,A,B,H,-,D,D,0,,,,,Y,Y,A,01,1,0,0,0,0,0,0,0,0,"- ","- ",39.3626708984375,-121.75711059570312,BUTTE,UNINCORPORATED,-121.75735473632812,39.362693786621094
92025389,2023,2023-03-22,9241,2023-03-18,"827 ",019692,,6,1,9,0400,0,3,5,,2,007,"JACK PINE WAY","COLUMBINE RD.",528.00,N,N,A,-,N,,,,,,,,,,N,2,0,1,1,A,-,21,22106,,N,H,A,A,A,H,-,A,D,0,,,Y,,Y,,C,06,1,0,0,0,0,0,0,0,1,"- ","- ",39.855888366699219,-121.60572814941406,BUTTE,UNINCORPORATED,-121.60569763183594,39.855808258056641
92030341,2023,2023-03-28,9240,2023-03-18,"120 ",019842,,6,3,9,0400,0,3,5,,2,020,"COLUSA HWY","PALM AVE",45.00,E,N,A,-,N,,,,,,,,,,Y,2,0,2,1,A,-,01,23152,A,F,E,8,A,A,H,-,D,D,0,,,,,Y,Y,A,07,2,0,0,0,0,0,0,0,0,"- ","- ",39.363071441650391,-121.71752166748047,BUTTE,UNINCORPORATED,-121.71768951416016,39.363029479980469
9203580,2020,2021-02-10,0402,2020-12-14,2028,59,0402,1,5,5,0402,0,0,0,,0,003,"PARK AV","OROVILLE AV",0.00,,-,B,-,N,,,,,,,,,,Y,2,0,2,1,D,-,00,,,N,E,I,A,B,H,-,C,D,0,,,,,Y,,-,"- ",1,0,1,0,0,0,0,0,0,"- ","- ",,,BUTTE,CHICO,-121.83360290527344,39.724971771240234
92039724,2023,2023-04-07,9241,2023-03-30,1700,018879,,4,2,9,0400,0,3,5,,2,007,"PONDEROSA WAY","PINELAND CIRCLE",159.00,E,N,A,G,N,,,,,,,,,,Y,2,0,2,1,A,-,01,23152,A,N,E,I,A,A,H,-,A,D,0,,,,,Y,,D,22,2,0,0,0,0,0,0,0,0,"- ","- ",39.818038940429688,-121.5955810546875,BUTTE,UNINCORPORATED,-121.59648895263672,39.81744384765625
92056603,2023,2023-04-28,9240,2023-04-23,2029,019055,,7,2,9,0400,0,1,3,,1,011,SR-70,"COX LANE",400.00,N,N,A,-,Y,BUT,,70," "," ",5.425,H,,R,Y,2,0,2,2,A,-,07,21658,A,N,C,C,A,A,H,-,D,D,0,,,,,Y,,A,07,1,1,0,0,0,0,0,0,0,"- ","- ",39.383571624755859,-121.61203002929688,BUTTE,UNINCORPORATED,-121.61186218261719,39.383544921875
92059987,2023,2023-05-03,9240,2023-04-30,1345,018967,,7,1,9,0400,0,3,5,,2,040,"PONDEROSA WAY","LOWER FORBESTOWN RD",17952.00,N,N,A,-,N,,,,,,,,,,Y,2,0,1,1,A,-,01,23152,A,N,E,8,A,A,H,-,A,D,0,,,,,Y,Y,D,22,1,0,0,0,0,0,0,0,0,"- ","- ",39.539409637451172,-121.31833648681641,BUTTE,UNINCORPORATED,-121.31845092773438,39.539005279541016
92060333,2023,2023-05-03,9240,2023-04-23,1351,019060,,7,1,9,0400,0,3,5,,2,010,"FOOTHILL BOULEVARD","GREENBANK AVENUE",0.00,,Y,A,-,N,,,,,,,,,,Y,2,0,1,2,A,-,12,22450,A,N,D,C,A,A,H,-,A,A,0,,,Y,,Y,,C,02,1,0,0,0,0,0,0,0,1,"- ","- ",39.486461639404297,-121.50829315185547,BUTTE,UNINCORPORATED,-121.50828552246094,39.486518859863281
92085819,2023,2023-06-05,9241,2023-05-31,"655 ",017170,,3,1,9,0400,0,1,3,,2,080,SR-32,"MERIDIAN RD",527.00,E,N,A,-,Y,BUT,,32," "," ",4.296,H,,R,Y,2,0,2,3,A,-,08,22107,,N,B,C,A,A,H,-,A,D,0,,,,,Y,,A,01,2,0,0,0,0,0,0,0,0,"- ","- ",39.753131866455078,-121.91703033447266,BUTTE,UNINCORPORATED,-121.91703033447266,39.753124237060547
92086404,2023,2023-06-05,9241,2023-06-03,"125 ",020379,,6,3,9,0400,0,3,5,,2,007,"NEW SKYWAY","PENTZ ROAD",2900.00,N,N,A,-,N,,,,,,,,,,N,2,0,1,1,A,-,03,22350,,N,E,J,A,A,H,-,C,D,0,,,Y,,Y,,C,02,1,0,0,0,0,0,0,0,1,"- ","- ",39.807750701904297,-121.57707214355469,BUTTE,UNINCORPORATED,-121.57726287841797,39.807456970214844
92096991,2023,2023-06-19,9241,2023-06-14,1450,020638,,3,2,9,0400,0,1,3,,1,061,"STATE HIGHWAY 99","KEEFER RD",0.00,,Y,A,-,Y,BUT,,99," "," ",40.217,H,,R,Y,2,0,2,2,A,-,09,21802,A,N,D,C,A,A,H,-,A,A,0,,,,,Y,,A,07,1,0,1,0,0,0,0,0,0,"- ","- ",39.813549041748047,-121.91796875,BUTTE,UNINCORPORATED,-121.91790771484375,39.813575744628906
92104953,2023,2023-06-29,9240,2023-06-26,1935,018967,,1,2,9,0400,0,3,5,,2,030,"GRAND AVE","5TH ST",120.00,W,N,A,-,N,,,,,,,,,,N,2,0,1,2,A,-,08,22107,,N,A,G,A,A,H,-,A,D,0,,Y,,,Y,Y,L,04,1,0,0,0,0,0,1,0,0,"- ","- ",39.518318176269531,-121.57662200927734,BUTTE,UNINCORPORATED,-121.57656860351562,39.518302917480469
92113062,2023,2023-07-10,9240,2023-07-02,1230,019060,,7,1,9,0400,0,3,5,,2,040,"OROVILLE QUINCY HWY","MIRAGE LAKE ROAD",4320.00,E,N,A,-,N,,,,,,,,,,N,2,0,2,1,A,-,03,22350,,N,F,A,A,A,H,-,A,D,0,,,Y,,Y,,C,02,2,0,0,0,0,0,0,0,2,"- ","- ",39.676788330078125,-121.37744140625,BUTTE,UNINCORPORATED,-121.37736511230469,39.676013946533203
9211835,2020,2021-04-15,0404,2020-12-20,0900,606,TH,7,5,3,0404,0,0,0,,0,0TH,"NELSON AV","CASEY CT",149.00,E,N,A,-,N,,,,,,,,,,Y,1,1,0,2,A,-,01,23152,A,F,G,B,E,A,H,-,A,D,0,Y,,,,Y,,A,07,0,0,0,1,0,0,0,0,0,"- ","- ",39.524429321289062,-121.56449890136719,BUTTE,OROVILLE,-121.56480407714844,39.524089813232422
92119646,2023,2023-07-18,9240,2023-07-15,2240,020170,,6,3,9,0400,0,3,5,,2,020,"E. GRIDLEY ROAD","LARKIN ROAD",1160.00,W,N,A,-,N,,,,,,,,,,N,2,0,1,2,A,-,11,21956,A,N,G,B,E,A,H,-,D,D,0,Y,,,,Y,,N,60,1,0,0,0,1,0,0,0,0,"- ","- ",39.363410949707031,-121.66414642333984,BUTTE,UNINCORPORATED,-121.66401672363281,39.363433837890625
92119917,2023,2023-07-18,9241,2023-07-12,1930,020379,,3,2,9,0400,0,1,3,,2,093,"CLARK ROAD","CIRCLE 4 COURT",770.00,S,N,A,-,Y,BUT,,191," "," ",3.039,H,,R,Y,2,0,1,1,A,-,08,22107,,N,E,I,A,A,H,-,A,D,0,,,,,Y,,D,22,1,0,0,0,0,0,0,0,0,"- ","- ",39.640491485595703,-121.63678741455078,BUTTE,UNINCORPORATED,-121.63691711425781,39.640518188476562
9212809,2020,2021-02-09,0402,2020-12-22,1005,P01240,,2,5,5,0402,0,0,0,,0,002,"NORD AV","STEWART AV",665.00,N,N,A,E,Y,BUT,3,32,-,-,8.050,H,-,E,Y,2,0,1,1,A,-,08,22107,,N,E,I,A,B,H,-,A,D,0,,,,,Y,Y,A,01,1,0,0,0,0,0,0,0,0,"- ","- ",,,BUTTE,CHICO,-121.85454559326172,39.728290557861328
92131967,2023,2023-07-31,9241,2023-07-18,2130,020379,,2,2,5,0402,0,1,3,,2,100,SR-99,"EAST AVENUE",255.00,N,N,A,-,Y,BUT,,99," ",R,34.996,H,,R,Y,2,0,1,1,A,-,01,23152,A,N,E,8,A,A,H,-,C,D,0,,,,,Y,Y,A,07,1,0,0,0,0,0,0,0,0,"- ","- ",39.760860443115234,-121.85623931884766,BUTTE,CHICO,-121.85628509521484,39.760826110839844
92140821,2023,2023-08-10,9240,2023-08-07,2144,019055,,1,2,9,0400,0,1,3,,2,041,SR-162,"OROVILLE QUINCY HWY",115.00,W,N,A,-,Y,BUT,,162," "," ",20.366,H,,R,N,2,0,1,1,C,-,18,,,N,H,H,A,A,H,-,C,D,0,,,Y,,Y,,-,"- ",1,0,0,0,0,0,0,0,1,"- ","- ",39.504470825195312,-121.49889373779297,BUTTE,UNINCORPORATED,-121.4989013671875,39.504478454589844
92148736,2023,2023-08-21,9241,2023-08-16,2025,018540,,3,2,9,0400,0,3,5,,2,007,"NIMSHEW RD","MYAMBER CT",15.00,S,N,A,-,N,,,,,,,,,,Y,2,0,1,1,C,-,18,,,N,E,H,A,A,A,H,D,D,0,,,Y,,Y,,-,"- ",1,0,0,0,0,0,0,0,1,"- ","- ",39.850730895996094,-121.60835266113281,BUTTE,UNINCORPORATED,-121.60829925537109,39.85076904296875
92169151,2023,2023-09-13,9240,2023-09-08,2320,019842,,5,3,9,0400,0,3,5,,2,010,"LOWER WYANDOTTE AVE","OPHIR ROAD",2250.00,N,N,A,-,N,,,,,,,,,,Y,2,0,1,1,C,-,18,,,N,E,8,A,A,H,-,D,D,0,,,Y,,Y,,-,"- ",1,0,0,0,0,0,0,0,1,"- ","- ",39.471939086914062,-121.53060150146484,BUTTE,UNINCORPORATED,-121.5189208984375,39.464553833007812
92172453,2023,2023-09-18,9241,2023-09-07,"215 ",021659,,4,3,9,0400,0,1,3,,1,061,"SR 99 SB","CANA HWY",1530.00,S,N,A,-,Y,BUT,,99," "," ",42.120,H,,L,Y,2,0,1,2,A,-,01,23152,A,M,C,C,A,A,H,-,D,D,0,,,,,Y,Y,A,07,1,0,0,0,0,0,0,0,0,"- ","- ",39.837020874023438,-121.93771362304688,BUTTE,UNINCORPORATED,-121.93750762939453,39.837131500244141
92178396,2023,2023-09-25,9240,2023-09-22,1713,021137,,5,2,9,0400,0,1,3,,2,031,SR-70,"JAMES W P RD",670.00,E,N,A,-,Y,BUT,,70," "," ",27.253,H,,R,Y,2,0,1,1,A,-,08,22107,,N,E,I,A,A,H,-,A,D,0,,,,,Y,,A,07,1,0,0,0,0,0,0,0,0,"- ","- ",39.654491424560547,-121.54617309570312,BUTTE,UNINCORPORATED,-121.54617309570312,39.654453277587891
92189341,2023,2023-10-03,9240,2023-09-05,"605 ",017532,,2,1,9,0400,0,1,3,,2,022,SR-162,"MONUMENT HILL RD.",444.00,W,N,A,-,Y,BUT,,162," "," ",10.805,H,,R,N,1,1,0,4,A,-,11,21956,A,F,G,B,E,A,H,-,D,D,0,Y,,,,Y,,N,60,0,0,0,1,0,0,0,0,0,"- ","- ",39.494308471679688,-121.66867065429688,BUTTE,UNINCORPORATED,-121.66867065429688,39.494304656982422
92200125,2023,2023-10-16,9240,2023-10-07,2050,020318,,6,2,9,0400,0,3,5,,2,040,"ORO DAM BLVD E","RUSTY DUSTY LN.",3365.00,E,N,A,-,N,,,,,,,,,,Y,1,1,0,1,A,-,08,22107,,N,E,I,A,A,H,-,D,D,0,,,,,Y,,A,07,0,0,0,0,0,0,0,0,0,"- ","- ",39.534038543701172,-121.50765228271484,BUTTE,UNINCORPORATED,,
92200301,2023,2023-10-16,9241,2023-10-08,1505,019972,,7,2,9,0400,0,3,5,,2,009,"LIME SADDLE RD","PENTZ RD.",1500.00,E,N,A,-,N,,,,,,,,,,Y,2,0,1,1,A,-,01,23152,A,N,E,J,A,A,H,-,A,D,0,,,,,Y,Y,D,22,1,0,0,0,0,0,0,0,0,"- ","- ",39.684059143066406,-121.57013702392578,BUTTE,UNINCORPORATED,-121.57024383544922,39.68402099609375
92201340,2023,2023-10-17,9240,2023-10-14,1600,022094,,6,2,9,0400,0,3,5,,2,010,"LA PORTE ROAD","GOLD PAN COURT",1056.00,W,N,A,-,N,,,,,,,,,,Y,2,0,1,1,A,-,08,22107,,N,F,A,A,A,H,-,A,D,0,,,Y,,Y,,C,02,1,0,0,0,0,0,0,0,1,"- ","- ",39.412738800048828,-121.38182067871094,BUTTE,UNINCORPORATED,-121.38214111328125,39.412460327148438
92225806,2023,2023-11-01,9240,2023-10-29,1923,018967,,7,2,9,0400,0,3,5,,2,040,"ORO QUINCY HIGHWAY","WHISPERING CHAPEL LANE",3168.00,W,N,A,-,N,,,,,,,,,,Y,1,1,0,1,A,-,08,22107,,N,E,I,A,A,H,-,D,D,0,,,Y,,Y,,C,02,0,0,0,0,0,0,0,1,0,"- ","- ",39.6160888671875,-121.44126129150391,BUTTE,UNINCORPORATED,,
92226566,2023,2024-01-10,9241,2023-09-08,"18  ",021659,,5,3,9,0400,0,2,4,,2,071,SKYWAY,"LAMBERT LN",313.00,N,N,A,-,N,,,,,,,,,,Y,1,1,0,2,A,-,01,23152,A,N,A,C,A,A,H,-,C,D,0,,,Y,,Y,Y,C,03,0,0,0,0,0,0,0,1,0,"- ","- ",39.868080139160156,-121.60964965820312,BUTTE,UNINCORPORATED,-121.60924530029297,39.867485046386719
92229437,2023,2023-11-17,9240,2023-11-03,"100 ",019842,,5,3,9,0400,0,1,3,,2,041,SR162,"MARINA VISTA",2640.00,W,N,A,-,Y,BUT,,162," "," ",25.273,H,,R,Y,2,0,2,1,A,-,01,23152,A,N,E,I,A,A,H,-,D,D,0,,,,,Y,Y,A,01,1,1,0,0,0,0,0,0,0,"- ","- ",39.526870727539062,-121.43222808837891,BUTTE,UNINCORPORATED,-121.43227386474609,39.526870727539062
92231080,2023,2023-11-08,9240,2023-10-29,1204,019060,,7,1,9,0400,0,1,3,,1,011,SR-70,"PALERMO RD",0.00,,Y,A,-,Y,BUT,,70," "," ",8.986,H,,R,Y,2,0,2,2,A,-,12,22450,A,N,D,C,A,A,H,-,A,A,0,,,,,Y,,A,01,1,0,1,0,0,0,0,0,0,"- ","- ",39.433521270751953,-121.60511016845703,BUTTE,UNINCORPORATED,-121.60512542724609,39.433521270751953
92245341,2023,2023-11-27,9240,2023-11-20,2150,019055,,1,2,9,0400,0,3,5,,2,020,"E. GRIDLEY ROAD","BOND LANE",1500.00,E,N,A,-,N,,,,,,,,,,Y,2,0,2,1,A,-,01,23152,A,F,E,I,A,A,H,-,A,D,0,,,,,Y,Y,A,01,2,0,0,0,0,0,0,0,0,"- ","- ",39.363368988037109,-121.6669921875,BUTTE,UNINCORPORATED,-121.66706085205078,39.3634033203125
92269115,2023,2023-12-22,9240,2023-12-13,2220,020376,,3,3,9,0400,0,3,5,,2,040,"LONG BAR ROAD","BOYLE LANE",150.00,W,N,A,-,N,,,,,,,,,,N,2,0,1,1,A,-,01,23152,A,N,E,I,A,A,H,-,D,D,0,,,,,Y,Y,M,94,1,0,0,0,0,0,0,0,0,"- ","- ",39.524070739746094,-121.53740692138672,BUTTE,UNINCORPORATED,,
92281621,2024,2024-01-08,9241,2024-01-04,"930 ",023513,,4,1,9,0400,0,3,5,,2,008,"LONE PINE AVENUE","STEVENS AVENUE",300.00,N,N,A,-,N,,,,,,,,,,N,2,0,1,2,A,-,21,22106,,N,G,B,E,A,H,-,A,D,0,Y,,,,Y,,D,22,1,0,0,0,1,0,0,0,0,"- ","- ",39.688980102539062,-121.86991119384766,BUTTE,UNINCORPORATED,-121.869873046875,39.689155578613281
92287709,2024,2024-01-22,9241,2024-01-07,"430 ",019093,,7,3,9,0400,0,2,4,,2,071,SKYWAY,"ALLENTOWN ROAD",960.00,E,N,A,-,N,,,,,,,,,,Y,2,0,3,1,C,-,18,,,N,F,0,A,C,G,-,D,D,0,,,,,Y,,-,"- ",1,1,1,0,0,0,0,0,0,"- ","- ",39.890331268310547,-121.58837890625,BUTTE,UNINCORPORATED,-121.58865356445312,39.890201568603516
92296914,2024,2024-01-25,9240,2024-01-24,1748,020170,,3,2,9,0400,0,3,5,,2,010,"LINCOLN BOULEVARD","MILL STREET",16.00,N,N,B,C,N,,,,,,,,,,N,1,1,0,2,A,-,03,22350,,N,G,B,E,B,H,-,C,D,0,Y,,,,Y,,D,22,0,0,0,1,0,0,0,0,0,"- ","- ",39.486011505126953,-121.5511474609375,BUTTE,UNINCORPORATED,-121.55107116699219,39.485923767089844
92300979,2024,2024-01-31,9240,2024-01-24,1230,023692,,3,1,9,0400,0,1,3,,2,022,"SR-162 AT WILBUR ROAD","WILBUR ROAD",0.00,,Y,B,-,Y,BUT,,162," "," ",11.802,H,,R,Y,2,0,1,2,A,-,09,21802,A,N,D,C,A,B,H,-,A,A,0,,,,,Y,,D,22,1,0,0,0,0,0,0,0,0,"- ","- ",39.496841430664062,-121.65074157714844,BUTTE,UNINCORPORATED,-121.65072631835938,39.496810913085938
92302974,2024,2024-02-01,9240,2024-01-12,1655,022094,,5,2,9,0400,0,1,3,,2,041,SR-162,"CANYON DRIVE",336.00,W,N,A,-,Y,BUT,,162," "," ",21.189,H,,R,Y,1,1,0,1,A,-,08,22107,,N,E,8,A,A,H,-,B,D,0,,,,,Y,Y,A,07,0,0,0,0,0,0,0,0,0,"- ","- ",39.510990142822266,-121.48621368408203,BUTTE,UNINCORPORATED,-121.48624420166016,39.511032104492188
92320891,2024,2024-02-22,9240,2024-02-15,1640,020318,,4,2,9,0400,0,1,3,,2,034,SR-149,"OPENSHAW RD.",0.00,,Y,B,-,Y,BUT,,149," ",R,2.582,H,,R,Y,2,0,3,3,A,-,09,21801,A,N,D,C,A,A,H,-,A,A,0,,,,,Y,,A,08,1,2,0,0,0,0,0,0,0,"- ","- ",39.601490020751953,-121.66219329833984,BUTTE,UNINCORPORATED,-121.66220092773438,39.601478576660156
92321607,2024,2024-02-23,9241,2024-02-20,"750 ",016360,,2,1,5,0402,0,1,3,,2,100,"SR-99 S/B","EAST AVENUE",305.00,S,N,B,C,Y,BUT,,99," ",R,34.877,H,,L,Y,2,0,2,1,A,-,07,21658,A,N,F,A,A,B,H,-,A,D,0,,,,,Y,,-,"- ",1,1,0,0,0,0,0,0,0,"- ","- ",39.759418487548828,-121.85481262207031,BUTTE,CHICO,-121.85476684570312,39.75946044921875