CASE_ID,ACCIDENT_YEAR,PROC_DATE,JURIS,COLLISION_DATE,COLLISION_TIME,OFFICER_ID,REPORTING_DISTRICT,DAY_OF_WEEK,CHP_SHIFT,POPULATION,CNTY_CITY_LOC,SPECIAL_COND,BEAT_TYPE,CHP_BEAT_TYPE,CITY_DIVISION_LAPD,CHP_BEAT_CLASS,BEAT_NUMBER,PRIMARY_RD,SECONDARY_RD,DISTANCE,DIRECTION,INTERSECTION,WEATHER_1,WEATHER_2,STATE_HWY_IND,CALTRANS_COUNTY,CALTRANS_DISTRICT,STATE_ROUTE,ROUTE_SUFFIX,POSTMILE_PREFIX,POSTMILE,LOCATION_TYPE,RAMP_INTERSECTION,SIDE_OF_HWY,TOW_AWAY,COLLISION_SEVERITY,NUMBER_KILLED,NUMBER_INJURED,PARTY_COUNT,PRIMARY_COLL_FACTOR,PCF_CODE_OF_VIOL,PCF_VIOL_CATEGORY,PCF_VIOLATION,PCF_VIOL_SUBSECTION,HIT_AND_RUN,TYPE_OF_COLLISION,MVIW,PED_ACTION,ROAD_SURFACE,ROAD_COND_1,ROAD_COND_2,LIGHTING,CONTROL_DEVICE,CHP_ROAD_TYPE,PEDESTRIAN_ACCIDENT,BICYCLE_ACCIDENT,MOTORCYCLE_ACCIDENT,TRUCK_ACCIDENT,NOT_PRIVATE_PROPERTY,ALCOHOL_INVOLVED,STWD_VEHTYPE_AT_FAULT,CHP_VEHTYPE_AT_FAULT,COUNT_SEVERE_INJ,COUNT_VISIBLE_INJ,COUNT_COMPLAINT_PAIN,COUNT_PED_KILLED,COUNT_PED_INJURED,COUNT_BICYCLIST_KILLED,COUNT_BICYCLIST_INJURED,COUNT_MC_KILLED,COUNT_MC_INJURED,PRIMARY_RAMP,SECONDARY_RAMP,LATITUDE,LONGITUDE,COUNTY,CITY,POINT_X,POINT_Y
92334767,2024,2024-03-11,9241,2024-03-01,1905,018879,,5,2,9,0400,0,1,3,,2,080,SR-32,"REGENT LN",220.00,W,N,B,-,Y,BUT,,32," "," ",5.366,H,,R,Y,2,0,1,2,A,-,01,23152,A,N,D,C,A,B,H,-,C,D,0,,,,,Y,Y,A,01,1,0,0,0,0,0,0,0,0,"- ","- ",39.748119354248047,-121.8974609375,BUTTE,UNINCORPORATED,-121.89746856689453,39.748104095458984
92362250,2024,2024-04-15,9240,2024-04-05,2205,019256,,5,3,9,0400,0,1,3,,2,041,SR-162,"ARBOL AVE.",1015.00,W,N,A,-,Y,BUT,,162," "," ",19.082,H,,R,N,2,0,1,2,A,-,11,21956,A,N,G,B,E,A,H,-,D,D,0,Y,,,,Y,Y,N,60,1,0,0,0,1,0,0,0,0,"- ","- ",39.504840850830078,-121.52091217041016,BUTTE,UNINCORPORATED,-121.52093505859375,39.5048828125
9236534,2020,2021-03-12,0405,2020-11-26,0718,STR01,6N,4,5,4,0405,0,0,0,,0,00N,SKYWAY,"WILDWOOD LN",0.00,,Y,A,-,N,,,,,,,,,,Y,2,0,1,1,A,-,05,21650,,N,E,I,A,A,H,-,A,A,0,,,,,Y,,A,01,1,0,0,0,0,0,0,0,0,"- ","- ",39.759490966796875,-121.62390899658203,BUTTE,PARADISE,-121.62506866455078,39.757801055908203
92368937,2024,2024-04-19,9241,2024-04-19,"627 ",017170,,5,1,9,0400,0,1,3,,2,080,SR-32,"MERIDIAN RD",0.00,,Y,A,-,Y,BUT,,32," "," ",4.180,H,,R,Y,2,0,2,2,A,-,21,22106,,N,D,2,A,A,H,-,A,D,0,,,,,Y,,A,07,1,1,0,0,0,0,0,0,0,"- ","- ",39.753311157226562,-121.91905212402344,BUTTE,UNINCORPORATED,-121.91904449462891,39.753341674804688
92375868,2024,2024-07-24,9240,2024-04-18,1750,020318,,4,2,9,0400,0,3,5,,2,040,"BALD ROCK RD.","SAND CREEK DR.",0.00,,Y,A,-,N,,,,,,,,,,Y,1,1,1,2,A,-,09,21801,A,M,D,2,A,A,H,-,A,D,0,,,Y,,Y,,A,07,0,1,0,0,0,0,0,1,0,"- ","- ",39.635459899902344,-121.39260101318359,BUTTE,UNINCORPORATED,-121.39255523681641,39.635467529296875
92377437,2024,2024-04-29,9241,2024-04-24,1800,018540,,3,2,9,0400,0,3,5,,2,007,"SHOWDOWN CIR","DALTON WAY",140.00,N,N,A,-,N,,,,,,,,,,N,2,0,2,2,A,-,03,22350,,N,G,E,A,A,C,-,A,D,0,,,Y,,Y,,C,02,1,1,0,0,0,0,0,0,2,"- ","- ",39.845340728759766,-121.61080932617188,BUTTE,UNINCORPORATED,-121.61067962646484,39.845294952392578
92401185,2024,2024-05-29,9240,2024-05-28,"645 ",019055,,2,1,9,0400,0,3,5,,2,010,"COX LANE","LONE TREE RD",2640.00,W,N,A,-,N,,,,,,,,,,N,2,0,1,1,A,-,08,22107,,N,F,I,A,A,H,-,A,D,0,,,,,Y,,A,01,1,0,0,0,0,0,0,0,0,"- ","- ",39.382759094238281,-121.58612823486328,BUTTE,UNINCORPORATED,-121.57652282714844,39.386508941650391
92410110,2024,2024-06-10,9240,2024-06-03,"820 ",017532,,1,1,9,0400,0,1,3,,2,022,SR-162,MIDWAY,375.00,E,N,A,-,Y,BUT,,162," "," ",6.715,H,,R,Y,2,0,2,2,A,-,03,22350,,N,C,C,A,A,H,-,A,D,0,,,,,Y,,D,22,1,1,0,0,0,0,0,0,0,"- ","- ",39.464771270751953,-121.74458312988281,BUTTE,UNINCORPORATED,-121.74458312988281,39.464763641357422
92410710,2024,2024-06-10,9240,2024-06-04,1000,018967,,2,1,9,0400,0,1,3,,2,031,"SR-70 N/B","MONTGOMERY ST",1220.00,N,N,A,-,Y,BUT,,70," "," ",14.871,H,,R,Y,1,2,1,2,A,-,03,22350,,M,C,C,A,A,H,-,A,D,0,,,,,Y,,D,22,0,0,1,0,0,0,0,0,0,"- ","- ",39.511699676513672,-121.57240295410156,BUTTE,UNINCORPORATED,-121.57244873046875,39.511707305908203
92412037,2024,2024-06-11,9241,2024-06-11,1007,018106,,2,1,5,0402,0,2,4,,2,070,SKYWAY,"LOVELOCK RD",4810.00,E,N,A,-,N,,,,,,,,,,N,2,0,1,1,A,-,08,22107,,N,F,A,A,A,H,-,A,D,0,,,Y,,Y,,C,02,1,0,0,0,0,0,0,0,1,"- ","- ",39.897579193115234,-121.56670379638672,BUTTE,CHICO,-121.56607055664062,39.897357940673828
92415150,2024,2024-06-14,9241,2024-06-13,1015,018181,,4,1,9,0400,0,2,4,,2,094,"PENTZ ROAD","LAGO VISTA WAY",180.00,S,N,A,-,N,,,,,,,,,,Y,2,0,1,1,A,-,01,23152,A,N,E,8,A,A,H,-,A,D,0,,,,,Y,Y,D,22,1,0,0,0,0,0,0,0,0,"- ","- ",39.719768524169922,-121.57869720458984,BUTTE,UNINCORPORATED,-121.57865142822266,39.7198486328125
92424917,2024,2024-06-27,9240,2024-06-24,1957,019842,,1,2,9,0400,0,1,3,,1,011,"SR70 N/B","YUBA COUNTY LINE",1200.00,N,N,A,-,Y,BUT,,70," "," ",0.223,H,,R,Y,2,0,2,1,C,-,18,,,N,E,H,A,A,H,-,A,D,0,,,,,Y,,-,"- ",1,0,1,0,0,0,0,0,0,"- ","- ",39.310050964355469,-121.59554290771484,BUTTE,UNINCORPORATED,-121.59550476074219,39.310050964355469
9253341,2021,2021-04-20,0402,2021-03-11,1220,P03283,,4,5,5,0402,0,0,0,,0,,"EAST AV","PILLSBURY RD",499.00,W,N,A,-,N,,,,,,,,,,Y,2,0,2,2,A,-,01,23152,A,N,D,C,A,A,H,-,A,D,0,,,,,Y,Y,A,01,1,0,1,0,0,0,0,0,0,"- ","- ",,,BUTTE,CHICO,-121.85084533691406,39.761310577392578
9255682,2021,2021-05-11,0402,2021-04-16,2104,35,,5,5,5,0402,0,0,0,,0,003,"PARK AV","E 15TH ST",0.00,,Y,A,-,N,,,,,,,,,,Y,2,0,1,2,A,-,09,21801,,F,D,C,A,A,H,-,C,D,0,,,Y,,Y,,C,06,1,0,0,0,0,0,0,0,0,"- ","- ",,,BUTTE,CHICO,-121.82820129394531,39.722023010253906
9256283,2021,2023-06-20,0404,2021-05-24,0810,686,W,1,5,3,0404,0,0,0,,0,00W,"OPHIR RD","BAGGETT PALERMO RD",0.00,,Y,A,-,N,,,,,,,,,,Y,1,1,0,1,A,-,08,22107,,N,F,A,A,A,H,-,A,A,0,,,,,Y,Y,A,01,0,0,0,0,0,0,0,0,0,"- ","- ",39.465129852294922,-121.56131744384766,BUTTE,OROVILLE,-121.56127166748047,39.465145111083984
9256322,2021,2021-07-06,0404,2021-02-22,1406,650,TH,1,5,3,0404,0,0,0,,0,0TH,"LARKIN RD","AIRPORT PKWY",1052.00,E,N,A,-,N,,,,,,,,,,Y,1,3,4,2,A,-,07,21658,A,N,A,C,A,A,H,-,A,D,0,,,,,Y,,A,01,1,3,0,0,0,0,0,0,0,"- ","- ",39.485149383544922,-121.61338806152344,BUTTE,OROVILLE,-121.61482238769531,39.485073089599609
92602269,2024,2024-07-25,9241,2024-07-03,1615,020379,,3,2,9,0400,0,1,3,,2,081,"SR-99 N/B","NEAL RD",0.00,,Y,A,-,Y,BUT,,99," "," ",26.024,H,,R,Y,1,1,2,3,A,-,03,22350,,N,C,C,A,A,H,-,A,A,0,,,,,Y,,A,01,2,0,0,0,0,0,0,0,0,"- ","- ",39.665611267089844,-121.74360656738281,BUTTE,UNINCORPORATED,-121.74355316162109,39.665657043457031
9264106,2021,2021-06-17,0402,2021-05-04,1212,P03283,,2,5,5,0402,0,0,0,,0,,"MAIN ST","W 8TH ST",0.00,,Y,A,-,Y,BUT,3,32,-,R,9.558,I,5,W,Y,2,0,1,2,A,-,01,23152,A,N,D,C,A,A,H,-,A,A,0,,,,,Y,Y,D,22,1,0,0,0,0,0,0,0,0,"- ","- ",,,BUTTE,CHICO,-121.83584594726562,39.726112365722656
9281093,2021,2021-07-29,0402,2021-06-21,1544,P03283,,1,5,5,0402,0,0,0,,0,,"BRUCE RD","SIERRA SUNRISE TER",0.00,,Y,A,-,N,,,,,,,,,,Y,2,0,2,2,A,-,09,21802,A,N,D,C,A,A,H,-,A,A,0,,,,,Y,,A,07,1,0,1,0,0,0,0,0,0,"- ","- ",,,BUTTE,CHICO,-121.79245758056641,39.743629455566406
9287397,2021,2021-07-22,0402,2021-06-09,1320,1240,,3,5,5,0402,0,0,0,,0,002,"RT 32","IVY ST",6.00,E,N,A,-,Y,BUT,3,32,-,R,9.133,I,5,E,N,2,0,1,2,A,-,10,21950,A,N,G,B,B,A,H,-,A,A,0,Y,,,,Y,,-,"- ",1,0,0,0,1,0,0,0,0,"- ","- ",,,BUTTE,CHICO,-121.84053039550781,39.721847534179688
9294613,2021,2021-08-23,0403,2021-07-03,2302,P74,,6,5,2,0403,0,0,0,,0,,"WEST BIGGS GRIDLEY RD","HERON LANDING WY",0.00,,Y,A,-,N,,,,,,,,,,Y,2,0,5,2,A,-,03,22350,,N,A,C,A,A,H,-,C,D,0,,,,,Y,,A,01,3,2,0,0,0,0,0,0,0,"- ","- ",39.37213134765625,-121.70667266845703,BUTTE,GRIDLEY,-121.70668029785156,39.372184753417969
9301152,2021,2021-08-18,0402,2021-07-08,1407,1240,,4,5,5,0402,0,0,0,,0,003,"RT 32","CHESTNUT ST",0.00,,Y,A,-,Y,BUT,3,32,-,R,9.263,I,5,E,Y,2,0,2,2,A,-,12,22450,A,N,D,C,A,A,H,-,A,A,0,,,,,Y,,A,01,1,1,0,0,0,0,0,0,0,"- ","- ",,,BUTTE,CHICO,-121.83877563476562,39.723003387451172
9301686,2021,2023-06-20,0404,2021-06-21,0239,646,W,1,5,3,0404,0,0,0,,0,00W,"BAGGETT MARYSVILLE RD","GEORGIA PACIFIC WY",679.00,S,N,A,-,N,,,,,,,,,,Y,1,1,1,1,A,-,08,22107,,N,E,I,A,A,H,-,D,D,0,,,,,Y,Y,D,22,1,0,0,0,0,0,0,0,0,"- ","- ",39.473098754882812,-121.55802154541016,BUTTE,OROVILLE,-121.55811309814453,39.473114013671875
9301742,2021,2023-06-20,0404,2021-09-05,2040,723,W,7,5,3,0404,0,0,0,,0,00W,"OROVILLE DAM BL EAST","LINCOLN BL",0.00,,Y,A,-,N,,,162,,,,,,,N,1,1,2,2,A,-,03,22350,,N,D,C,A,A,H,-,C,A,0,,,Y,,Y,,C,02,1,0,1,0,0,0,0,1,0,"- ","- ",39.504600524902344,-121.55113983154297,BUTTE,OROVILLE,-121.55103302001953,39.504287719726562
9301787,2021,2023-06-17,0402,2021-08-08,2240,6613272,,7,5,5,0402,0,0,0,,0,004,"NOTRE DAME BL","CARSON ST",135.00,S,N,A,-,N,,,,,,,,,,Y,1,1,0,2,A,-,03,22350,,N,D,E,A,A,H,-,C,D,0,,,Y,,Y,,C,02,0,0,0,0,0,0,0,1,0,"- ","- ",,,BUTTE,CHICO,-121.79562377929688,39.724773406982422
9316460,2021,2021-09-20,0405,2021-08-06,2340,TUC01,11S,5,5,4,0405,0,0,0,,0,,"ROE RD","FOSTER RD",0.00,,Y,A,-,N,,,,,,,,,,Y,2,0,1,1,A,-,01,23152,A,N,E,I,A,A,H,-,D,A,0,,,,,Y,Y,-,,1,0,0,0,0,0,0,0,0,"- ","- ",39.741069793701172,-121.62682342529297,BUTTE,PARADISE,-121.62676239013672,39.741085052490234
9319898,2021,2021-09-21,0405,2021-08-19,1323,MAY01,2N,4,5,4,0405,0,0,0,,0,00N,SKYWAY,"LISA LN",114.00,N,N,A,-,N,,,,,,,,,,N,2,0,1,2,A,-,05,21651,A,N,D,J,A,A,H,-,A,D,0,,,Y,,Y,,D,22,1,0,0,0,0,0,0,0,1,"- ","- ",39.774940490722656,-121.6102294921875,BUTTE,PARADISE,-121.61070251464844,39.773727416992188
9320021,2021,2021-11-01,0402,2021-10-07,1409,46,CPD,4,5,5,0402,0,0,0,,0,004,SKYWAY,"RT 99",0.00,,Y,A,-,Y,BUT,3,99,-,R,30.358,R,4,N,Y,1,1,1,3,A,-,12,21453,A,F,D,C,A,A,H,-,A,A,0,,,,,Y,,A,01,0,0,1,0,0,0,0,0,0,"- ",NF,,,BUTTE,CHICO,-121.79776000976562,39.711978912353516
9320663,2022,2022-05-20,0402,2022-03-20,1857,3283,0402,7,5,5,0402,0,0,0,,0,004,"RT 32","FOREST AV",157.00,W,N,A,-,Y,BUT,3,32,-,-,10.980,H,-,E,Y,1,1,1,1,A,-,08,22107,,N,E,I,A,-,-,-,C,D,0,,,,,Y,,D,22,1,0,0,0,0,0,0,0,0,"- ","- ",,,BUTTE,CHICO,-121.80551910400391,39.739246368408203
9322177,2021,2021-09-16,0403,2021-08-14,2224,P209,G,6,5,2,0403,0,0,0,,0,,"RT 99","CHERRY ST",307.00,S,N,A,-,Y,BUT,3,99,-,R,3.910,H,-,S,Y,2,0,3,2,A,-,01,23153,,N,D,C,A,A,H,-,C,D,0,,,,,Y,Y,A,01,1,2,0,0,0,0,0,0,0,"- ","- ",39.359600067138672,-121.68858337402344,BUTTE,GRIDLEY,-121.68789672851562,39.360107421875
9347819,2021,2021-10-26,0404,2021-09-25,2232,703,,6,5,3,0404,0,0,0,,0,0CO,"OROVILLE DAM BL W","14TH ST",83.00,W,N,A,-,N,,,,,,,,,,Y,2,0,2,2,A,-,09,21801,A,N,A,C,A,A,H,-,C,D,0,,,Y,,Y,,A,01,1,1,0,0,0,0,0,0,2,"- ","- ",39.498050689697266,-121.59600830078125,BUTTE,OROVILLE,-121.59634399414062,39.498058319091797
93521472,2024,2024-08-05,9241,2024-08-01,2225,023513,,4,3,9,0400,0,3,5,,2,007,SKYWAY,"DOGTOWN RD",0.00,,Y,A,-,N,,,,,,,,,,Y,2,0,1,1,A,-,01,23152,A,N,E,8,A,A,H,-,D,D,0,,,,,Y,Y,A,01,1,0,0,0,0,0,0,0,0,"- ","- ",39.830699920654297,-121.59600067138672,BUTTE,UNINCORPORATED,-121.59609222412109,39.830768585205078
9359604,2021,2022-02-09,0402,2021-10-12,0834,P03283,,2,5,5,0402,0,0,0,,0,,"OROVILLE AV","W 9TH ST",128.00,N,N,A,-,Y,BUT,3,32,-,R,9.505,I,6,E,N,1,1,0,2,A,-,11,21954,A,N,G,B,D,A,H,-,A,A,0,Y,,,,Y,,N,60,0,0,0,1,0,0,0,0,0,"- ","- ",,,BUTTE,CHICO,-121.835693359375,39.725093841552734
9371410,2021,2022-02-11,0402,2021-12-06,1854,37,0402,1,5,5,0402,0,0,0,,0,004,"E 8TH ST","MAIN ST",0.00,,Y,B,-,Y,BUT,3,32,-,-,9.081,I,5,W,N,2,0,1,2,A,-,10,21950,A,N,G,B,B,A,H,-,C,A,0,Y,,,,Y,Y,A,01,1,0,0,0,1,0,0,0,0,"- ","- ",,,BUTTE,CHICO,-121.83567810058594,39.726219177246094
9382481,2021,2021-12-31,0404,2021-11-16,1733,714,E,2,5,3,0404,0,0,0,,0,00E,"OROVILLE DAM BL EAST","LINCOLN ST",0.00,,Y,A,-,N,,,162,,,,,,,N,2,0,1,3,A,-,05,21650,1,N,A,C,A,A,H,-,C,D,0,,Y,,,Y,Y,-,,1,0,0,0,0,0,1,0,0,"- ","- ",39.503200531005859,-121.55381774902344,BUTTE,OROVILLE,-121.55386352539062,39.503334045410156
9382627,2021,2022-03-10,0402,2021-10-30,0131,9314137,,6,5,5,0402,0,0,0,,0,002,"W 2ND ST","CHERRY ST",2.00,E,N,-,-,N,,,,,,,,,,N,2,0,1,2,A,-,10,21950,C,F,G,B,B,-,H,-,C,A,0,Y,,,,Y,,-,99,1,0,0,0,1,0,0,0,0,"- ","- ",,,BUTTE,CHICO,-121.84685516357422,39.725994110107422
9382677,2021,2022-02-03,0402,2021-11-28,1739,69,,7,5,5,0402,0,0,0,,0,,"WEST 1ST AV","MAGNOLIA AV",0.00,,Y,A,-,N,,,,,,,,,,Y,2,0,1,2,A,-,09,21804,,N,D,C,A,A,H,-,C,A,0,,,,,Y,,-,,1,0,0,0,0,0,0,0,0,"- ","- ",,,BUTTE,CHICO,-121.84732818603516,39.737106323242188
9391867,2021,2022-02-11,0403,2021-12-13,1836,P204,G,1,5,2,0403,0,0,0,,0,,"RT 99","OBERMEYER AV",629.00,S,N,C,-,Y,BUT,3,99,-,R,3.380,H,-,N,Y,1,1,0,2,A,-,11,21954,A,N,G,B,D,B,H,-,C,D,0,Y,,,,Y,,N,60,0,0,0,1,0,0,0,0,0,"- ","- ",39.352241516113281,-121.68788146972656,BUTTE,GRIDLEY,-121.68788909912109,39.352455139160156
93945157,2024,2024-08-08,9240,2024-05-14,2350,022956,,2,3,9,0400,0,3,5,,2,010,"MINERS RANCH RD","MOUNT IDA RD",145.00,N,N,A,-,N,,,,,,,,,,N,1,1,0,2,A,-,11,21956,A,N,G,B,E,A,H,-,D,D,0,Y,,,,Y,Y,N,60,0,0,0,1,0,0,0,0,0,"- ","- ",39.492408752441406,-121.45690155029297,BUTTE,UNINCORPORATED,-121.45694732666016,39.492355346679688
94018948,2024,2024-08-09,9241,2024-06-27,1855,022635,,4,2,9,0400,0,2,4,,2,071,SKYWAY,"POWELLTON RD",1376.00,N,N,A,-,N,,,,,,,,,,Y,1,1,1,2,A,-,05,21752,A,N,A,C,A,A,H,-,A,D,0,,,Y,,Y,,C,02,1,0,0,0,0,0,0,1,1,"- ","- ",39.924098968505859,-121.5325927734375,BUTTE,UNINCORPORATED,-121.60724639892578,39.879833221435547
9406138,2021,2022-02-16,0402,2021-12-20,1722,P00837,77,1,5,5,0402,0,0,0,,0,003,"MARTIN LUTHER KING PKWY","SILVER DOLLAR WY",18.00,S,N,B,-,N,,,,,,,,,,N,2,0,1,2,A,-,11,21954,A,N,G,B,D,A,H,-,C,D,0,Y,,,,Y,Y,N,60,1,0,0,0,1,0,0,0,0,"- ","- ",,,BUTTE,CHICO,-121.80803680419922,39.720798492431641
9411884,2021,2022-02-23,0402,2021-12-16,2350,P01767,9,4,5,5,0402,0,0,0,,0,002,"WEST 5TH ST","CHERRY ST",2.00,W,N,A,-,N,,,,,,,,,,Y,2,0,1,2,A,-,01,23153,A,F,D,B,B,A,H,-,C,A,0,Y,,,,Y,Y,A,01,1,0,0,0,1,0,0,0,0,"- ","- ",,,BUTTE,CHICO,-121.84447479248047,39.723896026611328
9423312,2022,2022-03-23,0405,2022-03-08,0027,ARC01,,2,5,4,0405,0,0,0,,0,,SKYWAY,LOVELOCK,4224.00,N,N,A,-,N,,,,,,,,,,Y,2,0,1,1,A,-,05,21650,,N,E,I,A,A,H,-,D,D,0,,,,,Y,Y,A,01,1,0,0,0,0,0,0,0,0,"- ","- ",39.891269683837891,-121.57768249511719,BUTTE,PARADISE,-121.58931732177734,39.889926910400391
9429697,2022,2022-04-14,0404,2022-03-12,0601,700,W,6,5,3,0404,0,0,0,,0,00W,"OROVILLE DAM BL EAST","RT 70",0.00,,Y,A,-,N,,,,,,,,,,Y,2,0,1,1,D,-,00,,,N,E,I,A,A,H,-,A,A,0,,,,,Y,,-,"- ",1,0,0,0,0,0,0,0,0,"- ","- ",39.515541076660156,-121.53742218017578,BUTTE,OROVILLE,-121.54955291748047,39.504779815673828
94355233,2024,2024-08-15,9241,2024-08-08,"550 ",018796,,4,3,9,0400,0,3,5,,2,008,MIDWAY,"STANFORD LN",496.00,N,N,A,-,N,,,,,,,,,,Y,2,0,2,2,A,-,03,22350,,N,D,C,A,A,H,-,D,D,0,,,,,Y,,A,01,1,1,0,0,0,0,0,0,0,"- ","- ",39.621639251708984,-121.79067993164062,BUTTE,UNINCORPORATED,-121.79058837890625,39.621559143066406
94359975,2024,2024-08-19,9241,2024-08-14,1620,020686,,3,2,9,0400,0,2,4,,2,097,"CENTERVILLE RD","NIMSHEW RUN LANE",4224.00,N,N,A,-,N,,,,,,,,,,Y,2,0,2,1,A,-,03,22350,,N,F,A,A,A,H,-,A,D,0,,,,,Y,Y,D,22,2,0,0,0,0,0,0,0,0,"- ","- ",39.806270599365234,-121.64122772216797,BUTTE,UNINCORPORATED,-121.64152526855469,39.81024169921875
9436054,2022,2022-05-04,0402,2022-04-12,2500,P03283,0402,2,5,5,0402,0,0,0,,0,006,"E 5TH AV","SPRUCE AV",83.00,W,N,A,-,N,,,,,,,,,,N,2,0,1,2,A,-,11,21956,A,F,G,B,E,A,H,-,C,D,0,Y,,,,Y,,N,60,1,0,0,0,1,0,0,0,0,"- ","- ",,,BUTTE,CHICO,-121.84420013427734,39.743968963623047
94382285,2024,2024-09-05,9240,2024-08-18,"25  ",017532,,7,3,9,0400,0,3,5,,2,020,"LARKIN RD.","AFTERBAY OUTLET CANAL BRIDGE ABUTMENT",100.00,S,N,A,-,N,,,,,,,,,,Y,1,1,0,1,A,-,08,22107,,M,E,I,A,A,H,-,D,D,0,,,,,Y,,D,22,0,0,0,0,0,0,0,0,0,"- ","- ",39.457550048828125,-121.63983917236328,BUTTE,UNINCORPORATED,-121.62673187255859,39.476005554199219
94383815,2024,2024-09-06,9240,2024-09-02,1836,019256,,1,2,9,0400,0,3,5,,2,030,"GRAND AVE","18TH ST.",0.00,,Y,A,-,N,,,,,,,,,,N,2,0,1,2,A,-,03,22350,,N,G,B,D,A,H,-,B,D,0,Y,,,,Y,,A,01,1,0,0,0,1,0,0,0,0,"- ","- ",39.510471343994141,-121.60485076904297,BUTTE,UNINCORPORATED,-121.60479736328125,39.510440826416016
94395080,2024,2024-09-16,9240,2024-09-08,1850,019256,,7,2,9,0400,0,3,5,,2,020,"RIO BONITO RD","MERI MARK RD.",1290.00,W,N,A,-,N,,,,,,,,,,Y,2,0,5,1,A,-,03,22350,,M,E,8,A,A,H,-,B,D,0,,,,,Y,,A,01,3,2,0,0,0,0,0,0,0,"- ","- ",39.427909851074219,-121.67878723144531,BUTTE,UNINCORPORATED,,
94395321,2024,2024-09-16,9241,2024-09-07,"130 ",023527,,6,3,5,0402,0,1,3,,2,100,"SR-99 S/B","EATON RD",3696.00,N,N,A,-,Y,BUT,,99," ",R,37.014,H,,L,Y,2,0,1,1,A,-,08,22107,,N,F,A,A,A,H,-,D,D,0,,,Y,,Y,,C,02,1,0,0,0,0,0,0,0,1,"- ","- ",39.781791687011719,-121.88272094726562,BUTTE,CHICO,-121.88264465332031,39.781845092773438
94444149,2024,2024-10-24,9240,2024-09-11,"612 ",022662,,3,1,9,0400,0,1,3,,1,021,SR-99,"CURLY LANE",26.00,S,N,A,-,Y,BUT,,99," "," ",5.410,H,,R,Y,1,1,3,2,A,-,09,21804,A,N,A,C,A,A,H,-,B,D,0,,,,,Y,,D,22,2,0,1,0,0,0,0,0,0,"- ","- ",39.381858825683594,-121.68797302246094,BUTTE,UNINCORPORATED,-121.68798065185547,39.381858825683594
94449090,2024,2024-10-29,9240,2024-10-22,1250,017532,,2,1,9,0400,0,3,5,,2,020,"PRYDE AVENUE","6TH ST",20.00,E,N,A,-,N,,,,,,,,,,Y,1,1,0,1,A,-,03,22350,,N,E,I,A,A,H,-,A,D,0,,,,,Y,,A,01,0,0,0,0,0,0,0,0,0,"- ","- ",39.393878936767578,-121.70465850830078,BUTTE,UNINCORPORATED,-121.70565795898438,39.394519805908203
94449116,2024,2024-10-29,9241,2024-10-14,1000,020379,,1,1,9,0400,0,1,3,,1,060,SR-32,"HUMBOLDT ROAD",2805.00,W,N,C,-,Y,BUT,,32," "," ",14.711,H,,R,Y,1,1,0,1,A,-,08,22107,,N,E,I,A,A,H,-,A,D,0,,,Y,,Y,Y,C,02,0,0,0,0,0,0,0,1,0,"- ","- ",39.755508422851562,-121.73835754394531,BUTTE,UNINCORPORATED,-121.73842620849609,39.755565643310547
94461672,2024,2024-11-07,9241,2024-11-03,1857,021659,,7,2,9,0400,0,2,4,,2,083,"RIVER ROAD","ORD FERRY ROAD",10560.00,N,N,A,-,N,,,,,,,,,,N,2,0,1,1,A,-,01,23152,A,N,E,I,A,A,H,-,D,D,0,,,,,Y,Y,A,01,1,0,0,0,0,0,0,0,0,"- ","- ",39.656108856201172,-121.94338226318359,BUTTE,UNINCORPORATED,-121.94377899169922,39.655712127685547
94463489,2024,2024-11-08,9240,2024-10-31,2230,022662,,4,3,9,0400,0,3,5,,2,040,"FORBESTOWN RD","LAKE WYANDOTTE DR",1056.00,W,N,B,-,N,,,,,,,,,,Y,2,0,1,1,A,-,01,23152,A,N,F,A,A,A,H,-,D,D,0,,,,,Y,Y,D,22,1,0,0,0,0,0,0,0,0,"- ","- ",39.500438690185547,-121.41323089599609,BUTTE,UNINCORPORATED,-121.411865234375,39.500644683837891
94469779,2024,2024-11-14,9240,2024-11-07,1300,022628,,4,1,9,0400,0,3,5,,2,010,"RAMIREZ ROAD","LOWER HONCUT ROAD",2640.00,S,N,A,-,N,,,,,,,,,,Y,2,0,1,1,A,-,08,22107,,N,F,A,A,A,H,-,A,D,0,,,Y,,Y,,C,02,1,0,0,0,0,0,0,0,1,"- ","- ",39.317901611328125,-121.50897216796875,BUTTE,UNINCORPORATED,,
9448066,2022,2022-06-15,0402,2022-05-08,1435,P00837,3,7,5,5,0402,0,0,0,,0,005,"EAST LASSEN AV","DELAWARE DR",9.00,W,N,B,-,N,,,,,,,,,,N,2,0,1,2,A,-,00,21754,A,N,B,C,A,A,H,-,A,D,0,,,Y,,Y,,C,02,1,0,0,0,0,0,0,0,1,"- ","- ",,,BUTTE,CHICO,-121.83344268798828,39.775070190429688