CASE_ID,ACCIDENT_YEAR,PROC_DATE,JURIS,COLLISION_DATE,COLLISION_TIME,OFFICER_ID,REPORTING_DISTRICT,DAY_OF_WEEK,CHP_SHIFT,POPULATION,CNTY_CITY_LOC,SPECIAL_COND,BEAT_TYPE,CHP_BEAT_TYPE,CITY_DIVISION_LAPD,CHP_BEAT_CLASS,BEAT_NUMBER,PRIMARY_RD,SECONDARY_RD,DISTANCE,DIRECTION,INTERSECTION,WEATHER_1,WEATHER_2,STATE_HWY_IND,CALTRANS_COUNTY,CALTRANS_DISTRICT,STATE_ROUTE,ROUTE_SUFFIX,POSTMILE_PREFIX,POSTMILE,LOCATION_TYPE,RAMP_INTERSECTION,SIDE_OF_HWY,TOW_AWAY,COLLISION_SEVERITY,NUMBER_KILLED,NUMBER_INJURED,PARTY_COUNT,PRIMARY_COLL_FACTOR,PCF_CODE_OF_VIOL,PCF_VIOL_CATEGORY,PCF_VIOLATION,PCF_VIOL_SUBSECTION,HIT_AND_RUN,TYPE_OF_COLLISION,MVIW,PED_ACTION,ROAD_SURFACE,ROAD_COND_1,ROAD_COND_2,LIGHTING,CONTROL_DEVICE,CHP_ROAD_TYPE,PEDESTRIAN_ACCIDENT,BICYCLE_ACCIDENT,MOTORCYCLE_ACCIDENT,TRUCK_ACCIDENT,NOT_PRIVATE_PROPERTY,ALCOHOL_INVOLVED,STWD_VEHTYPE_AT_FAULT,CHP_VEHTYPE_AT_FAULT,COUNT_SEVERE_INJ,COUNT_VISIBLE_INJ,COUNT_COMPLAINT_PAIN,COUNT_PED_KILLED,COUNT_PED_INJURED,COUNT_BICYCLIST_KILLED,COUNT_BICYCLIST_INJURED,COUNT_MC_KILLED,COUNT_MC_INJURED,PRIMARY_RAMP,SECONDARY_RAMP,LATITUDE,LONGITUDE,COUNTY,CITY,POINT_X,POINT_Y
94484373,2024,2024-11-26,9241,2024-09-29,"240 ",023513,,7,3,9,0400,0,3,5,,2,006,"WILSON LANDING RD","CARMEN LN",2700.00,E,N,A,-,N,,,,,,,,,,Y,1,1,1,1,A,-,01,23152,A,N,E,I,A,A,H,-,D,D,0,,,,,Y,Y,A,01,0,1,0,0,0,0,0,0,0,"- ","- ",39.796951293945312,-121.93775177001953,BUTTE,UNINCORPORATED,-121.93783569335938,39.796798706054688
94493675,2024,2024-12-05,9241,2024-11-06,"910 ",014929,,3,1,9,0400,0,3,5,,2,009,"HONEY RUN RD","CENTERVILLE RD",585.00,N,N,A,-,N,,,,,,,,,,Y,1,1,0,1,A,-,03,22350,,N,E,I,A,A,H,-,A,D,0,,,Y,,Y,,C,02,0,0,0,0,0,0,0,1,0,"- ","- ",39.729488372802734,-121.70191192626953,BUTTE,UNINCORPORATED,-121.70207214355469,39.729404449462891
94505118,2024,2024-12-16,9241,2024-12-08,1745,023527,,7,2,9,0400,0,3,5,,2,007,"S. PARK DR.","EUREKA DR.",0.00,,Y,A,-,N,,,,,,,,,,N,2,0,1,1,A,-,08,22107,,N,F,A,A,A,H,-,D,D,0,,,Y,,Y,,C,02,1,0,0,0,0,0,0,0,1,"- ","- ",39.807170867919922,-121.59580993652344,BUTTE,UNINCORPORATED,-121.59568786621094,39.807144165039062
94512510,2024,2024-12-23,9240,2024-12-19,1627,022628,,4,2,9,0400,0,3,5,,2,010,"ORO BANGOR HWY","SWEDES FLAT RD",1584.00,N,N,B,-,N,,,,,,,,,,Y,2,0,1,1,A,-,08,22107,,N,E,8,A,A,H,-,B,D,0,,,,,Y,,D,22,1,0,0,0,0,0,0,0,0,"- ","- ",39.447158813476562,-121.43753814697266,BUTTE,UNINCORPORATED,,
9452234,2022,2022-07-06,0404,2022-05-12,1611,746,W,4,5,3,0404,0,0,0,,0,00W,"FEATHER RIVER BL","FEATHER RIVER BL 2815",0.00,,Y,A,-,N,,,,,,,,,,Y,2,0,4,4,A,-,09,21804,A,N,B,C,A,A,H,-,A,D,0,,,,,Y,,-,,1,3,0,0,0,0,0,0,0,"- ","- ",39.487171173095703,-121.57427978515625,BUTTE,OROVILLE,,
94526273,2024,2025-01-06,9240,2024-10-04,2118,023692,,5,2,9,0400,0,1,3,,1,011,"SR-70 E/B","OAKWOOD LANE",592.00,S,N,A,-,Y,BUT,,70," "," ",8.438,H,,R,Y,1,1,1,3,A,-,01,23152,A,N,G,1,E,A,H,-,C,D,0,Y,,,,Y,Y,A,01,0,1,0,1,0,0,0,0,0,"- ","- ",39.425548553466797,-121.60520172119141,BUTTE,UNINCORPORATED,-121.60505676269531,39.425552368164062
94564502,2025,2025-02-04,9240,2025-01-29,"730 ",018841,,3,1,9,0400,0,3,5,,2,010,"OPHIR RD.","POWERHOUSE HILL RD.",0.00,,Y,A,-,N,,,,,,,,,,Y,2,0,1,2,A,-,09,21802,A,N,A,C,A,A,H,-,A,A,0,,,,,Y,,D,22,1,0,0,0,0,0,0,0,0,"- ","- ",39.464008331298828,-121.57694244384766,BUTTE,UNINCORPORATED,-121.57688903808594,39.464038848876953
94564578,2025,2025-02-04,9240,2025-02-02,1650,019842,,7,2,9,0400,0,3,5,,2,040,"ROYAL OAKS DR","JACK HILL DR",445.00,N,N,B,-,N,,,,,,,,,,N,2,0,1,1,A,-,03,22350,,N,H,A,A,B,H,-,A,D,0,,,,,Y,Y,M,93,1,0,0,0,0,0,0,0,0,"- ","- ",39.530891418457031,-121.46176147460938,BUTTE,UNINCORPORATED,-121.46351623535156,39.532436370849609
94569347,2025,2025-02-06,9241,2025-01-24,2240,024171,,5,3,9,0400,0,2,4,,2,085,"AGUAS FRIAS ROAD","NELSON ROAD",1990.00,N,N,A,-,N,,,,,,,,,,Y,2,0,2,2,A,-,01,23152,A,N,A,C,A,A,H,-,D,D,0,,,,,Y,Y,D,22,1,0,1,0,0,0,0,0,0,"- ","- ",39.558528900146484,-121.85682678222656,BUTTE,UNINCORPORATED,-121.85676574707031,39.557113647460938
94644829,2025,2025-04-10,9241,2025-04-01,"740 ",018540,,2,1,9,0400,0,1,3,,2,093,SR-191,"TWO CREEK RD",15.00,S,N,B,-,Y,BUT,,191," "," ",4.431,H,,R,Y,2,0,1,2,A,-,03,22350,,N,C,C,A,A,H,-,A,D,0,,,,Y,Y,,A,01,1,0,0,0,0,0,0,0,0,"- ","- ",39.659820556640625,-121.62996673583984,BUTTE,UNINCORPORATED,-121.62992858886719,39.659809112548828
94648999,2025,2025-04-14,9241,2025-02-15,2245,023513,,6,3,9,0400,0,1,3,,2,091,"SR-99 S/B","SHIPPEE ROAD",3900.00,N,N,A,-,Y,BUT,,99," "," ",20.443,H,,L,Y,1,2,0,1,A,-,08,22107,,N,E,I,A,A,H,-,D,D,0,,,,,Y,,D,22,0,0,0,0,0,0,0,0,0,"- ","- ",39.599681854248047,-121.69022369384766,BUTTE,UNINCORPORATED,-121.68997955322266,39.599693298339844
9465035,2022,2022-12-08,0402,2022-10-14,0645,813893,,5,5,5,0402,0,0,0,,0,002,"MAIN ST","OROVILLE AV",0.00,,Y,A,-,N,,,,,,,,,,Y,2,0,1,2,A,-,09,21801,,N,D,C,A,A,H,-,B,A,0,,,Y,,Y,,A,01,1,0,0,0,0,0,0,0,1,"- ","- ",39.724979400634766,-121.83368682861328,BUTTE,CHICO,-121.83359527587891,39.7249755859375
9465090,2022,2023-01-31,0402,2022-11-07,0042,55,,1,5,5,0402,0,0,0,,0,002,"W 6TH ST","SALEM ST",0.00,,N,C,-,N,,,,,,,,,,Y,2,0,1,3,A,-,01,23152,A,N,B,E,A,B,H,-,C,D,0,,,,,Y,Y,A,01,1,0,0,0,0,0,0,0,0,"- ","- ",39.726051330566406,-121.83946990966797,BUTTE,CHICO,-121.839111328125,39.726322174072266
9465091,2022,2023-01-13,0402,2022-11-13,0909,P01767,,7,5,5,0402,0,0,0,,0,,ESPLANADE,"WEST 1ST AV",19.00,S,N,A,-,N,,,,,,,,,,N,2,0,1,2,A,-,10,21950,,N,D,B,B,A,H,-,A,A,0,Y,,,,Y,,A,01,1,0,0,0,1,0,0,0,0,"- ","- ",,,BUTTE,CHICO,-121.84574890136719,39.737712860107422
9465216,2022,2023-01-23,0402,2022-10-30,2306,72,0402,7,5,5,0402,0,0,0,,0,003,"E 18TH ST","66 FT E. OF E. 19TH STREET",0.00,,N,A,-,N,,,,,,,,,,Y,2,0,2,4,A,-,03,22350,A,F,G,B,E,A,H,-,D,A,0,Y,,,,Y,Y,A,01,1,1,0,0,2,0,0,0,0,"- ","- ",,,BUTTE,CHICO,-117.30242156982422,33.315155029296875
94675096,2025,2025-05-05,9241,2025-04-23,1530,024171,,3,2,9,0400,0,1,3,,1,060,SR-32,"GIANELLA RD",610.00,W,N,A,-,Y,BUT,,32," "," ",0.179,H,,R,Y,2,0,2,2,A,-,05,21460,,N,A,C,A,A,H,-,A,D,0,,,,,Y,,-,"- ",1,0,1,0,0,0,0,0,0,"- ","- ",39.752288818359375,-121.99372863769531,BUTTE,UNINCORPORATED,-121.99372100830078,39.752277374267578
94683461,2025,2025-05-12,9241,2025-05-01,1800,023513,,4,2,9,0400,0,3,5,,2,008,"COLM AVE","LEMM RD",50.00,E,N,A,-,N,,,,,,,,,,Y,2,0,2,1,A,-,01,23153,,F,E,I,A,A,H,-,A,D,0,,,,,Y,Y,A,07,1,1,0,0,0,0,0,0,0,"- ","- ",39.620800018310547,-121.82700347900391,BUTTE,UNINCORPORATED,-121.82704925537109,39.620841979980469
94730698,2025,2025-06-18,9241,2025-06-15,1130,020379,,7,1,9,0400,0,1,3,,1,060,"SR-32 E/B","TOLL GATE WAY",0.00,,Y,A,-,Y,BUT,,32," ",R,22.926,H,,R,N,2,0,1,2,A,-,08,22107,,N,B,C,A,A,H,-,A,D,0,,,Y,,Y,,A,01,1,0,0,0,0,0,0,0,1,"- ","- ",39.863460540771484,-121.691650390625,BUTTE,UNINCORPORATED,-121.69164276123047,39.863456726074219
94741087,2025,2025-06-26,9240,2025-06-24,1650,019842,,2,2,9,0400,0,3,5,,2,030,"OREGON GULCH ROAD","CHEROKEE ROAD",1625.00,S,N,A,-,N,,,,,,,,,,N,2,0,1,1,A,-,01,23152,A,M,F,I,A,A,H,-,A,D,0,,,,,Y,Y,D,22,1,0,0,0,0,0,0,0,0,"- ","- ",39.552040100097656,-121.53775787353516,BUTTE,UNINCORPORATED,-121.54058074951172,39.5513916015625
94748275,2025,2025-07-07,9241,2025-06-19,1845,024171,,4,2,9,0400,0,2,4,,2,070,"14383 WYCLIFF WAY","AMHERST WAY",156.00,S,N,A,-,N,,,,,,,,,,N,2,0,1,2,A,-,09,21804,A,N,D,C,A,A,H,-,A,D,0,,,Y,,Y,,D,22,1,0,0,0,0,0,0,0,1,"- ","- ",39.832740783691406,-121.60224914550781,BUTTE,UNINCORPORATED,-121.60221862792969,39.83270263671875
94752008,2025,2025-07-07,9241,2025-06-28,"105 ",023527,,6,3,9,0400,0,1,3,,1,061,SR-99,"GRAND PRAIRIE RD",1742.00,S,N,A,-,Y,BUT,,99," "," ",42.069,H,,R,Y,2,0,2,2,A,-,05,21650,,N,A,C,A,A,H,-,D,D,0,,,,Y,Y,Y,D,22,1,0,1,0,0,0,0,0,0,"- ","- ",39.836509704589844,-121.93698120117188,BUTTE,UNINCORPORATED,-121.93695831298828,39.836521148681641
94770403,2025,2025-07-21,9240,2025-05-17,2210,023692,,6,3,9,0400,0,3,5,,2,010,"FOOTHILL BLVD","DUNSTONE DR",488.00,N,N,A,-,N,,,,,,,,,,Y,1,1,0,1,A,-,08,22107,,N,F,A,A,A,H,-,D,D,0,,,Y,,Y,,C,02,0,0,0,0,0,0,0,1,0,"- ","- ",39.457878112792969,-121.46907043457031,BUTTE,UNINCORPORATED,-121.4658203125,39.458885192871094
9483323,2022,2022-08-23,0402,2022-07-22,0657,35-00363,0402,5,5,5,0402,0,0,0,,0,006,"CHAMBERLAIN RUN","WINDHAM WY",0.00,,Y,A,-,N,,,,,,,,,,N,2,0,1,2,A,-,10,21950,A,N,G,B,B,A,H,-,A,D,0,Y,,,,Y,,D,22,1,0,0,0,1,0,0,0,0,"- ","- ",,,BUTTE,CHICO,-121.89105224609375,39.77056884765625
9487330,2022,2022-10-21,0404,2022-08-27,1030,738,E,6,5,3,0404,0,0,0,,0,00E,"OROVILLE QUINCY HWY","FOOTHILL BL",0.00,,Y,A,-,N,,,,,,,,,,Y,2,0,1,2,A,-,09,21801,,N,D,C,A,A,H,-,A,D,0,,,Y,,Y,,D,23,1,0,0,0,0,0,0,0,1,"- ","- ",39.509151458740234,-121.53678894042969,BUTTE,OROVILLE,-121.53643798828125,39.508777618408203
9495373,2022,2022-10-11,0402,2022-09-06,0003,P03283,BCCH,2,5,5,0402,0,0,0,,0,005,"COHASSET RD","PILLSBURY RD",59.00,N,N,A,-,N,,,,,,,,,,N,2,0,1,2,A,-,11,21950,B,N,G,B,D,A,H,-,C,A,0,Y,,,,Y,,N,60,1,0,0,0,1,0,0,0,0,"- ","- ",,,BUTTE,CHICO,-121.84381103515625,39.757987976074219
9513664,2023,2024-03-02,0404,2023-11-14,1530,738,,2,5,3,0404,0,0,0,,0,00W,"TABLE MOUNTAIN BL","RIVERVIEW TERRACE DR",0.00,,Y,A,-,N,,,,,,,,,,Y,2,0,2,2,A,-,12,22450,,F,D,D,A,A,H,-,A,A,0,,,,,Y,,A,01,1,1,0,0,0,0,0,0,0,"- ","- ",39.519039154052734,-121.55039215087891,BUTTE,OROVILLE,-121.55367279052734,39.520637512207031
9513674,2023,2024-02-07,0404,2023-10-24,1406,738,W,2,5,3,0404,0,0,0,,0,00W,"SOUTH 5TH AVE","MITCHELL AV",0.00,,Y,A,-,N,,,,,,,,,,Y,2,0,1,2,A,-,22,23123,,N,C,C,A,A,H,-,A,A,0,,,Y,,Y,,-,"- ",1,0,0,0,0,0,0,0,1,"- ","- ",39.504058837890625,-121.56517791748047,BUTTE,OROVILLE,-121.56462097167969,39.50469970703125
9517951,2022,2022-12-14,0402,2022-10-06,1501,0501,BUTTE,4,5,5,0402,0,0,0,,0,006,ESPLANADE,"WHITE AV",189.00,N,N,A,-,N,,,,,,,,,,Y,2,0,1,2,A,-,03,22350,,N,D,C,A,A,H,-,A,D,0,,,Y,,Y,,C,02,1,0,0,0,0,0,0,0,1,"- ","- ",,,BUTTE,CHICO,-121.86030578613281,39.755657196044922
9520091,2022,2023-02-09,0405,2022-10-03,1708,EID01,2N,1,5,4,0405,0,0,0,,0,00N,SKYWAY,PENTZ,434.00,S,N,A,-,N,,,,,,,,,,Y,1,1,0,2,A,-,05,21460,,N,A,C,A,A,H,-,A,D,0,,,Y,,Y,,C,02,0,0,0,0,0,0,0,1,0,"- ","- ",39.796840667724609,-121.58580780029297,BUTTE,PARADISE,-121.58233642578125,39.800048828125
9520093,2022,2023-02-08,0404,2022-10-22,0114,693,TH,6,5,3,0404,0,0,0,,0,0TH,"LARKIN RD","OROVILLE DAM BL W",0.00,,Y,A,-,N,,,,,,,,,,N,1,1,1,1,A,-,08,22107,,N,F,A,A,A,H,-,D,A,0,,,Y,,Y,,C,02,1,0,0,0,0,0,0,1,1,"- ","- ",39.498058319091797,-121.60917663574219,BUTTE,OROVILLE,-121.60913848876953,39.498065948486328
9520224,2022,2023-01-12,0404,2022-11-25,1729,645,E,5,5,3,0404,0,0,0,,0,00E,"ORO DAM BL","LINCOLN BL",0.00,,Y,A,-,N,,,,,,,,,,N,1,1,0,2,A,-,11,21955,,N,G,B,D,A,H,-,C,A,0,Y,,,,Y,,A,01,0,0,0,1,0,0,0,0,0,"- ","- ",,,BUTTE,OROVILLE,,
9521449,2022,2022-11-10,0404,2022-09-19,1133,740,W,1,5,3,0404,0,0,0,,0,00W,"LINCOLN ST","BIRD ST",0.00,,Y,C,-,N,,,,,,,,,,Y,2,0,1,2,A,-,08,22100,,N,D,C,A,B,H,-,A,D,0,,,Y,,Y,,C,02,1,0,0,0,0,0,0,0,0,"- ","- ",39.512779235839844,-121.55729675292969,BUTTE,OROVILLE,-121.55720520019531,39.512428283691406
9524875,2022,2022-12-12,0405,2022-10-23,1231,VAN03,6N,7,5,4,0405,0,0,0,,0,00N,SKYWAY,"THELMA CT",103.00,N,N,A,-,N,,,,,,,,,,N,2,0,3,2,A,-,08,22107,,N,B,C,A,A,H,-,A,D,0,,,,,Y,,A,07,1,2,0,0,0,0,0,0,0,"- ","- ",39.769489288330078,-121.61186218261719,BUTTE,PARADISE,-121.61264038085938,39.769214630126953
9544811,2022,2023-02-08,0402,2022-12-31,2030,P02539,,6,5,5,0402,0,0,0,,0,006,ESPLANADE,"W EAST AV",0.00,,Y,C,-,N,,,,,,,,,,N,2,0,1,2,A,-,07,21658,,N,C,C,A,B,H,-,C,A,0,,,,,Y,Y,A,01,1,0,0,0,0,0,0,0,0,"- ","- ",,,BUTTE,CHICO,-121.86139678955078,39.756717681884766
9546103,2022,2023-02-10,0403,2022-12-06,0637,D33,,2,5,2,0403,0,0,0,,0,,"HAZEL ST","RT 99",0.00,,Y,A,-,Y,BUT,3,99,-,-,4.310,I,5,S,N,2,0,1,2,A,-,10,21950,A,F,G,B,B,A,H,-,C,A,0,Y,,,,Y,,-,99,1,0,0,0,1,0,0,0,0,"- ","- ",39.364910125732422,-121.68791198730469,BUTTE,GRIDLEY,-121.68792724609375,39.365993499755859
9546783,2023,2023-03-01,0402,2023-01-09,2309,59,,1,5,5,0402,0,0,0,,0,,"MAIN ST","W 8TH ST",131.00,S,N,B,-,N,,,,,,,,,,Y,2,0,1,1,A,-,01,23153,A,N,A,I,A,B,H,-,C,A,0,,,Y,,Y,Y,C,02,1,0,0,0,0,0,0,0,1,"- ","- ",,,BUTTE,CHICO,-121.83535003662109,39.725936889648438
9568646,2023,2023-05-17,0405,2023-04-28,1711,STR01,10S,5,5,4,0405,0,0,0,,0,00S,SKYWAY,"PINE HAVEN DR",156.00,S,N,A,-,N,,,,,,,,,,Y,2,0,1,1,A,-,08,22107,,N,F,A,A,A,H,-,A,A,0,,,Y,,Y,,C,02,1,0,0,0,0,0,0,0,1,"- ","- ",39.746479034423828,-121.64417266845703,BUTTE,PARADISE,-121.64373779296875,39.746364593505859
9579481,2023,2023-06-08,0405,2023-05-03,"944 ",YUC01,2N,3,5,4,0405,0,0,0,,0,00N,SKYWAY,"WAGSTAFF RD",80.00,S,N,A,-,N,,,,,,,,,,Y,2,0,2,2,A,-,03,22350,,N,C,C,A,A,H,-,A,D,0,,,Y,,Y,,C,02,2,0,0,0,0,0,0,0,2,"- ","- ",39.777420043945312,-121.60720062255859,BUTTE,PARADISE,-121.6064453125,39.777488708496094
9579522,2023,2023-05-20,0405,2023-05-06,1006,TUC01,2N,6,5,4,0405,0,0,0,,0,00N,SKYWAY,"COLDREN RD",306.00,N,N,C,-,N,,,,,,,,,,Y,2,0,1,1,A,-,05,21650,,N,E,J,A,B,H,-,A,D,0,,,,,Y,,A,07,1,0,0,0,0,0,0,0,0,"- ","- ",39.791011810302734,-121.59208679199219,BUTTE,PARADISE,-121.59100341796875,39.790821075439453
9579571,2023,2023-05-15,0404,2023-01-28,1011,692,W,6,5,3,0404,0,0,0,,0,00W,"MITCHELL AV","WASHINGTON AV",0.00,,Y,A,-,N,,,,,,,,,,N,2,0,1,2,A,-,09,21801,,N,B,C,A,A,H,-,A,A,0,,,Y,,Y,,A,01,1,0,0,0,0,0,0,0,1,"- ","- ",39.508430480957031,-121.54715728759766,BUTTE,OROVILLE,-121.54714965820312,39.508407592773438
9593394,2023,2023-07-19,0405,2023-06-17,2259,TUC01,2N,6,5,4,0405,0,0,0,,0,00N,SKYWAY,"COLDREN RD",126.00,N,N,A,-,N,,,,,,,,,,Y,2,0,4,1,A,-,05,21650,,N,E,J,A,A,H,-,D,D,0,,,,,Y,,D,22,2,2,0,0,0,0,0,0,0,"- ","- ",39.791011810302734,-121.59208679199219,BUTTE,PARADISE,-121.59131622314453,39.790390014648438
9597487,2023,2023-07-18,0404,2023-03-02,"532 ",744,W,4,5,3,0404,0,0,0,,0,00W,"OROVILLE DAM BL EAST","VEATCH ST",0.00,,Y,A,-,N,,,,,,,,,,N,2,0,1,2,A,-,00,21955,A,N,G,B,D,A,H,-,C,D,0,Y,,,,Y,,-,,1,0,0,0,1,0,0,0,0,"- ","- ",39.500019073486328,-121.56346130371094,BUTTE,OROVILLE,-121.56031036376953,39.501388549804688
9609184,2023,2023-08-30,0405,2023-08-08,"558 ",PIC01,2N,2,5,4,0405,0,0,0,,0,00N,SKYWAY,"YESHUA WY",558.00,N,N,A,-,N,,,,,,,,,,N,2,0,1,2,A,-,05,21650,,N,A,G,A,A,H,-,B,D,0,,Y,,,Y,,-,"- ",1,0,0,0,0,0,1,0,0,"- ","- ",39.797119140625,-121.58561706542969,BUTTE,PARADISE,-121.58795928955078,39.793006896972656
9615330,2023,2023-10-20,0404,2023-08-15,1843,740,SS,2,5,3,0404,0,0,0,,0,0SS,"WYANDOTTE AV","EL NOBLE",0.00,,Y,A,-,N,,,,,,,,,,Y,2,0,1,2,A,-,12,22450,,N,C,C,A,A,H,-,A,D,0,,,Y,,Y,,C,02,1,0,0,0,0,0,0,0,1,"- ","- ",39.500408172607422,-121.54519653320312,BUTTE,OROVILLE,-121.54515075683594,39.500389099121094
9633545,2023,2023-11-07,0404,2023-08-22,1327,759,,2,5,3,0404,0,0,0,,0,00W,"LINCOLN BL","OROVILLE DAM BL",0.00,,Y,A,-,N,,,,,,,,,,N,2,0,1,2,A,-,00,21650,G,N,G,B,A,A,H,-,A,D,0,,Y,,,Y,,L,04,1,0,0,0,0,0,1,0,0,"- ","- ",39.491420745849609,-121.55120849609375,BUTTE,OROVILLE,-121.55224609375,39.503879547119141
9649824,2023,2023-12-30,0404,2023-07-27,"222 ",744,TH,4,5,3,0404,0,0,0,,0,0TH,"3RD ST","GRAND AV",0.00,,Y,A,-,N,,,,,,,,,,N,2,0,2,2,A,-,00,21955,A,N,G,B,E,A,H,-,C,D,0,Y,,,,Y,,N,60,2,0,0,0,1,0,0,0,0,"- ","- ",39.520919799804688,-121.57183074951172,BUTTE,OROVILLE,-121.57192230224609,39.519863128662109
9658935,2023,2024-02-21,0404,2023-12-29,1231,748,E,5,5,3,0404,0,0,0,,0,00E,"WYANOTTE AV","MYER ST",0.00,,Y,A,-,N,,,,,,,,,,Y,2,0,8,2,A,-,07,21658,A,N,A,C,A,A,H,-,A,D,0,,,,,Y,,A,01,1,2,5,0,0,0,0,0,0,"- ","- ",39.500591278076172,-121.54740142822266,BUTTE,OROVILLE,-121.54837799072266,39.500350952148438
9671889,2023,2024-02-26,0404,2023-12-15,1908,743,TH,5,5,3,0404,0,0,0,,0,0TH,"TABLE MOUNTAIN BL","MONO AV",0.00,,Y,A,-,N,,,,,,,,,,N,2,0,1,2,A,-,11,21954,A,N,G,B,E,A,H,-,C,A,0,Y,,,,Y,,N,60,1,0,0,0,1,0,0,0,0,"- ","- ",39.526500701904297,-121.56276702880859,BUTTE,OROVILLE,-121.56166076660156,39.526084899902344
9724885,2024,2024-08-28,0405,2024-07-01,"932 ",VAN03,10S,1,5,4,0405,0,0,0,,0,00S,SKYWAY,"PRINCETON WY",0.00,,Y,A,-,N,,,,,,,,,,Y,2,0,2,2,A,-,09,21804,,N,D,C,A,A,H,-,A,D,0,,,,,Y,,A,01,2,0,0,0,0,0,0,0,0,"- ","- ",39.746150970458984,-121.64469146728516,BUTTE,PARADISE,-121.64387512207031,39.746402740478516
9727018,2024,2024-12-11,0403,2024-11-21,1725,P204,GRIDL,4,5,2,0403,0,0,0,,0,,"SYCAMORE CREEK DR","KENTUCKY ST",59.00,W,N,C,-,N,,,,,,,,,,N,2,0,1,2,A,-,11,21955,,N,G,B,D,B,H,-,C,D,0,Y,,,,Y,,N,60,1,0,0,0,1,0,0,0,0,"- ","- ",39.363590240478516,-121.69647216796875,BUTTE,GRIDLEY,-121.69671630859375,39.363521575927734
9736645,2024,2024-09-26,0404,2024-08-20,1536,758,W,2,5,3,0404,0,0,0,,0,00W,"S 5TH AV","GEORGIA PACIFIC WY",2050.00,N,N,A,-,N,,,,,,,,,,N,2,0,2,2,A,-,09,21804,A,N,H,C,A,A,H,-,A,D,0,,,Y,,Y,,D,22,1,1,0,0,0,0,0,0,2,"- ","- ",39.480430603027344,-121.56098175048828,BUTTE,OROVILLE,-121.56346130371094,39.482078552246094
9745732,2024,2024-10-25,0404,2024-09-11,2013,748,W,3,5,3,0404,0,0,0,,0,00W,"FEATHER RIVER BL","OROVILLE DAM BL EAST",1530.00,N,N,A,-,N,,,,,,,,,,Y,2,0,2,3,A,-,00,21955,A,N,G,B,D,A,H,-,D,D,0,Y,,,,Y,,N,60,2,0,0,0,2,0,0,0,0,"- ","- ",39.501949310302734,-121.57089996337891,BUTTE,OROVILLE,-121.57098388671875,39.502185821533203
9758482,2024,2024-12-19,0404,2024-11-13,"438 ",770,W,3,5,3,0404,0,0,0,,0,00W,"FEATHER RIVER BL","ORO DAM BL EAST",375.00,N,N,A,-,N,,,,,,,,,,N,2,0,1,2,A,-,11,21954,A,N,G,B,E,A,H,-,C,D,0,Y,,,,Y,,N,60,1,0,0,0,1,0,0,0,0,"- ","- ",39.499248504638672,-121.57173919677734,BUTTE,OROVILLE,,
9794877,2025,2025-04-09,0403,2025-02-27,1437,P225,G,4,5,2,0403,0,0,0,,0,,"SPRUCE ST","OHIO ST",0.00,,Y,A,-,N,,,,,,,,,,N,2,0,1,2,A,-,10,21950,A,N,G,B,B,A,H,-,A,D,0,Y,,,,Y,,A,01,1,0,0,0,1,0,0,0,0,"- ","- ",39.365440368652344,-121.69835662841797,BUTTE,GRIDLEY,-121.69837188720703,39.365470886230469
9811019,2025,2025-06-26,0404,2025-06-01,2114,743,,7,5,3,0404,0,0,0,,0,00W,"OROVILLE DAM BL W","HARLAN AV",0.00,,Y,A,-,N,,,,,,,,,,Y,2,0,1,2,A,-,11,21955,,N,G,B,D,A,H,-,D,D,0,Y,,,,Y,,N,60,1,0,0,0,1,0,0,0,0,"- ","- ",39.498058319091797,-121.60143280029297,BUTTE,OROVILLE,-121.60146331787109,39.498058319091797
9828449,2025,2025-07-10,0404,2025-06-01,1051,772,W,7,5,3,0404,0,0,0,,0,00W,"HUNTOON ST","BIRD ST",0.00,,Y,A,-,N,,,,,,,,,,Y,2,0,1,2,A,-,09,21804,,N,D,C,A,A,H,-,A,A,0,,,,Y,Y,,F,26,1,0,0,0,0,0,0,0,0,"- ","- ",39.512821197509766,-121.55613708496094,BUTTE,OROVILLE,-121.55615234375,39.512790679931641
9828521,2025,2025-07-29,0404,2025-05-05,1636,748,W,1,5,3,0404,0,0,0,,0,00W,"OROVILLE DAM BL EAST","5TH AV",682.00,E,N,A,-,N,,,,,,,,,,N,2,0,1,2,A,-,08,22107,,N,H,G,A,A,H,-,A,D,0,,Y,,,Y,,L,04,1,0,0,0,0,0,1,0,0,"- ","- ",39.494571685791016,-121.54776763916016,BUTTE,OROVILLE,-121.56291198730469,39.500518798828125
5912200,2014,2014-03-11,9241,2014-01-19,1020,13887,,7,1,9,0400,0,2,4,,2,063,"COHASSET RD","MUD CREEK RD",11616.00,N,N,A,-,N,,,,,,,,,,Y,1,1,0,1,A,-,08,22107,,N,E,I,A,A,G,-,A,D,0,,,Y,,Y,,C,06,0,0,0,0,0,0,0,1,0,"- ","- ",39.97325,-121.70444000000001,BUTTE,UNINCORPORATED,-121.70437376,39.972527790000001