CASE_ID,ACCIDENT_YEAR,PROC_DATE,JURIS,COLLISION_DATE,COLLISION_TIME,OFFICER_ID,REPORTING_DISTRICT,DAY_OF_WEEK,CHP_SHIFT,POPULATION,CNTY_CITY_LOC,SPECIAL_COND,BEAT_TYPE,CHP_BEAT_TYPE,CITY_DIVISION_LAPD,CHP_BEAT_CLASS,BEAT_NUMBER,PRIMARY_RD,SECONDARY_RD,DISTANCE,DIRECTION,INTERSECTION,WEATHER_1,WEATHER_2,STATE_HWY_IND,CALTRANS_COUNTY,CALTRANS_DISTRICT,STATE_ROUTE,ROUTE_SUFFIX,POSTMILE_PREFIX,POSTMILE,LOCATION_TYPE,RAMP_INTERSECTION,SIDE_OF_HWY,TOW_AWAY,COLLISION_SEVERITY,NUMBER_KILLED,NUMBER_INJURED,PARTY_COUNT,PRIMARY_COLL_FACTOR,PCF_CODE_OF_VIOL,PCF_VIOL_CATEGORY,PCF_VIOLATION,PCF_VIOL_SUBSECTION,HIT_AND_RUN,TYPE_OF_COLLISION,MVIW,PED_ACTION,ROAD_SURFACE,ROAD_COND_1,ROAD_COND_2,LIGHTING,CONTROL_DEVICE,CHP_ROAD_TYPE,PEDESTRIAN_ACCIDENT,BICYCLE_ACCIDENT,MOTORCYCLE_ACCIDENT,TRUCK_ACCIDENT,NOT_PRIVATE_PROPERTY,ALCOHOL_INVOLVED,STWD_VEHTYPE_AT_FAULT,CHP_VEHTYPE_AT_FAULT,COUNT_SEVERE_INJ,COUNT_VISIBLE_INJ,COUNT_COMPLAINT_PAIN,COUNT_PED_KILLED,COUNT_PED_INJURED,COUNT_BICYCLIST_KILLED,COUNT_BICYCLIST_INJURED,COUNT_MC_KILLED,COUNT_MC_INJURED,PRIMARY_RAMP,SECONDARY_RAMP,LATITUDE,LONGITUDE,COUNTY,CITY,POINT_X,POINT_Y
6290060,2014,2014-03-07,9241,2014-02-02,0045,19043,,7,3,9,0400,0,1,3,,2,081,"RT 99","DURHAM-PENTZ RD",1142.00,N,N,A,-,Y,BUT,3,99,-,-,24.080,H,-,N,Y,1,2,3,1,A,-,01,23152,A,N,F,A,A,A,H,-,D,D,0,,,,,Y,Y,A,07,2,1,0,0,0,0,0,0,0,"- ","- ",39.645240000000001,-121.71988,BUTTE,UNINCORPORATED,-121.71871691,39.644627309999997
6290124,2014,2014-03-13,0402,2014-01-01,0311,3510,,3,5,5,0402,0,0,0,,0,005,"VALLOMBROSA AV","LILA LN",142.00,E,N,A,-,N,,,,,,,,,,Y,1,1,0,1,-,-,"- ",,,N,E,I,A,A,H,-,C,D,0,,,,,Y,Y,-,"- ",0,0,0,0,0,0,0,0,0,"- ","- ",,,BUTTE,CHICO,-121.80157235999999,39.752654450000001
6290314,2014,2015-12-21,9240,2014-02-26,2500,18396,,3,4,9,0400,0,3,5,,2,010,"SWEDES FLAT RD","STONEY OAKS BL",2640.00,W,N,A,-,N,,,,,,,,,,Y,1,1,0,1,A,-,08,22107,,N,F,I,A,A,H,-,D,A,0,,,,,Y,Y,D,22,0,0,0,0,0,0,0,0,0,"- ","- ",39.445799999999998,-121.384,BUTTE,UNINCORPORATED,-121.38855341,39.446564309999999
6290460,2014,2015-12-21,9240,2014-03-14,1851,18389,,5,2,9,0400,0,3,5,,2,030,"CHEROKEE RD","RT 70",747.00,S,N,A,-,N,,,,,,,,,,Y,1,1,0,2,A,-,03,22350,,N,A,C,A,A,H,-,A,D,0,,,Y,,Y,,C,02,0,0,0,0,0,0,0,1,0,"- ","- ",39.650750000000002,-121.55101999999999,BUTTE,UNINCORPORATED,-121.55061653,39.651237989999998
6291399,2014,2014-10-29,9240,2014-09-01,2125,018967,,1,2,9,0400,0,1,3,,1,011,"RT 70","GOLD RUN CT",137.00,S,N,A,-,Y,BUT,3,70,-,-,8.770,H,-,W,N,1,1,1,2,A,-,08,22107,,N,D,G,A,A,H,-,D,D,0,,Y,,,Y,Y,L,04,0,1,0,0,0,1,0,0,0,"- ","- ",39.430280000000003,-121.60521,BUTTE,UNINCORPORATED,-121.60515984,39.430399219999998
6291451,2014,2014-10-22,9240,2014-08-25,0050,18796,,1,3,9,0400,0,3,5,,2,020,"W LIBERTY RD","FARRIS RD",1353.00,E,N,A,-,N,,,,,,,,,,Y,1,1,0,1,A,-,03,22350,,N,E,I,A,A,H,-,D,D,0,,,,,Y,Y,D,22,0,0,0,0,0,0,0,0,0,"- ","- ",39.34807,-121.77432,BUTTE,UNINCORPORATED,-121.77676466,39.348017839999997
6291937,2014,2015-02-06,9241,2014-12-19,1126,015529,,5,1,9,0400,0,2,4,,2,090,SKYWAY,"MEDIA WY",2371.00,W,N,B,-,N,,,,,,,,,,Y,1,1,1,2,A,-,08,22107,,N,A,C,A,B,H,-,A,D,0,,,,,Y,,D,22,1,0,0,0,0,0,0,0,0,"- ","- ",39.727260000000001,-121.68727,BUTTE,UNINCORPORATED,-121.68683057,39.727446069999999
6292169,2015,2017-04-25,9285,2015-03-11,1835,17393,,3,2,9,0400,0,2,4,,2,082,"LA PORTE RD","UPHAM RD",172.00,E,N,A,-,N,,,,,,,,,,Y,1,1,0,1,A,-,08,22107,,N,E,I,A,B,H,-,A,D,0,,,,,Y,,A,01,0,0,0,0,0,0,0,0,0,"- ","- ",39.420299999999997,-121.36511,BUTTE,UNINCORPORATED,-121.36543795999999,39.420064699999998
6292265,2015,2015-06-11,0402,2015-04-25,1030,56,,6,5,5,0402,0,0,0,,0,005,"EAST LASSEN AV","E LASSEN AV 1101",0.00,,-,A,-,N,,,,,,,,,,Y,1,2,1,3,A,-,05,21650,,N,G,B,F,A,H,-,A,D,0,Y,,,,Y,,A,01,0,1,0,2,0,0,0,0,0,"- ","- ",,,BUTTE,CHICO,-121.84660792,39.772386400000002
6292469,2015,2015-08-12,9241,2015-05-09,0030,17170,,6,3,9,0400,0,2,4,,2,090,SKYWAY,"SKYWAY CROSSROAD RD",1584.00,W,N,A,-,N,,,,,,,,,,Y,1,1,1,1,A,-,01,23152,A,N,E,I,A,A,H,-,C,D,0,,,,,Y,Y,A,01,1,0,0,0,0,0,0,0,0,"- ","- ",39.741300000000003,-121.66153,BUTTE,UNINCORPORATED,-121.660849,39.741230000000002
6319116,2014,2014-06-03,9240,2014-01-02,0140,18841,,4,3,9,0400,0,3,5,,2,040,"ORO BANGOR HWY","COLE LN",1060.00,E,N,A,-,N,,,,,,,,,,Y,2,0,1,1,A,-,01,23152,A,N,F,A,A,A,H,-,D,D,0,,,,,Y,Y,D,22,1,0,0,0,0,0,0,0,0,"- ","- ",39.457949999999997,-121.44736,BUTTE,UNINCORPORATED,-121.44481838,39.457102229999997
6407044,2014,2014-07-01,9241,2014-02-04,1600,16513,,2,2,9,0400,0,3,5,,2,008,"JONES AV","JUGUM RANCH RD",82.00,S,N,B,-,N,,,,,,,,,,N,2,0,1,1,D,-,00,,,N,E,I,A,A,H,-,A,D,0,,,,,Y,,-,"- ",1,0,0,0,0,0,0,0,0,"- ","- ",39.656190000000002,-121.79738,BUTTE,UNINCORPORATED,-121.79724455,39.656959899999997
6421179,2014,2015-11-14,9241,2014-03-14,1350,016597,,5,1,5,0402,0,1,3,,2,080,"RT 99","ESTATES DR",220.00,N,N,A,-,Y,BUT,3,99,-,-,28.400,H,-,S,Y,2,0,1,1,A,-,08,22107,,N,F,A,A,A,H,-,A,A,0,,,,,Y,,A,07,1,0,0,0,0,0,0,0,0,"- ","- ",39.690919999999998,-121.7744,BUTTE,CHICO,-121.77407753999999,39.690516600000002
6432455,2014,2014-06-25,9241,2014-03-16,1328,16630,,7,1,9,0400,0,2,4,,2,083,"RIVER RD","SACRAMENTO AV",4752.00,S,N,A,-,N,,,,,,,,,,Y,2,0,1,1,A,-,03,22350,,N,F,A,A,A,H,-,A,D,0,,,Y,,Y,,C,02,1,0,0,0,0,0,0,0,1,"- ","- ",39.714930000000003,-121.94559,BUTTE,UNINCORPORATED,-121.9456407,39.716054919999998
6433792,2014,2014-08-22,0402,2014-04-09,2240,3170,,3,5,5,0402,0,0,0,,0,002,"W 5TH ST","OAK ST",0.00,,Y,A,-,N,,,,,,,,,,Y,2,0,1,2,A,-,01,23153,A,N,G,B,B,A,H,-,C,D,0,Y,,,,Y,Y,-,,1,0,0,0,1,0,0,0,0,"- ","- ",,,BUTTE,CHICO,-121.84825999,39.721369889999998
6456678,2014,2014-07-10,9240,2014-04-09,1510,17532,,3,2,9,0400,0,3,5,,2,030,"ORO DAM BL EAST","ORO POWERHOUSE RD",2150.00,W,N,A,-,N,,,,,,,,,,Y,2,0,2,1,A,-,08,22107,,N,E,I,A,A,H,-,A,D,0,,,,,Y,,A,01,1,1,0,0,0,0,0,0,0,"- ","- ",39.532989999999998,-121.50242,BUTTE,UNINCORPORATED,-121.50237322,39.533024750000003
6456682,2014,2014-07-10,9240,2014-04-09,2326,18967,,3,3,9,0400,0,3,5,,2,010,"LINCOLN BL","GROVE ST",33.00,S,N,A,-,N,,,,,,,,,,Y,2,0,3,1,A,-,03,22350,,N,E,I,A,A,H,-,C,D,0,,,,,Y,,A,01,2,1,0,0,0,0,0,0,0,"- ","- ",39.488419999999998,-121.55125,BUTTE,UNINCORPORATED,-121.55129339,39.4884603
6459208,2014,2014-07-11,9241,2014-04-26,2330,017319,,6,3,9,0400,0,3,5,,2,008,"JONES AV","BLOSSOM LN",1584.00,S,N,A,-,N,,,,,,,,,,Y,2,0,1,1,A,-,08,22107,,N,E,I,A,A,H,-,D,D,0,,,,,Y,,A,01,1,0,0,0,0,0,0,0,0,"- ","- ",39.660119999999999,-121.79698,BUTTE,UNINCORPORATED,-121.79703311999999,39.659960980000001
6470559,2014,2014-07-22,9240,2014-04-26,0200,18833,,6,3,9,0400,0,3,5,,2,040,"CANYON DR","OROVILLE DAM RD",0.00,,N,B,-,N,,,,,,,,,,Y,2,0,2,1,A,-,01,23152,A,N,E,I,A,A,H,-,C,A,0,,,,,Y,Y,D,22,1,1,0,0,0,0,0,0,0,"- ","- ",39.532060000000001,-121.47777000000001,BUTTE,UNINCORPORATED,-121.47768988999999,39.532029970000004
6478415,2014,2016-03-25,9241,2014-05-14,0215,016513,,3,3,5,0402,0,1,3,,2,100,"RT 99",SKYWAY,2640.00,N,N,A,-,Y,BUT,3,99,-,R,31.100,H,-,S,Y,2,0,1,3,A,-,01,23152,A,N,B,E,E,A,H,-,D,D,5,Y,,,,Y,Y,A,01,1,0,0,0,1,0,0,0,0,"- ","- ",39.791939999999997,-121.80462,BUTTE,CHICO,-121.80560383,39.72103568
6479259,2014,2014-07-30,9240,2014-05-08,1215,13276,,4,1,9,0400,0,3,5,,2,010,"ORO BANGOR HWY","JAN DAR RD",28.00,N,N,B,-,N,,,,,,,,,,Y,2,0,2,2,A,-,05,21460,A,N,A,C,A,A,H,-,A,D,0,,,,,Y,,A,07,1,0,1,0,0,0,0,0,0,"- ","- ",39.429789999999997,-121.43012,BUTTE,UNINCORPORATED,-121.42997502999999,39.429667289999998
6486166,2014,2014-07-25,0402,2014-05-13,1735,3170,,2,5,5,0402,0,0,0,,0,005,"PILLSBURY RD","CVS DRIVEWAY",96.00,S,N,A,-,N,,,,,,,,,,N,2,0,1,2,A,-,11,21950,B,N,G,B,C,A,H,-,A,B,0,Y,,,,Y,,N,60,1,0,0,0,1,0,0,0,0,"- ","- ",,,BUTTE,CHICO,-121.84941351000001,39.759343970000003
6494150,2014,2014-08-04,9240,2014-05-20,2010,018841,,2,2,9,0400,0,3,5,,2,030,"DARK CANYON RD","BIG BEND RD",10771.00,S,N,A,-,N,,,,,,,,,,Y,2,0,1,1,A,-,08,22107,,N,F,A,A,A,H,-,B,D,0,,,,,Y,Y,D,22,1,0,0,0,0,0,0,0,0,"- ","- ",39.69594,-121.48593,BUTTE,UNINCORPORATED,-121.48603396,39.697000690000003
6503838,2014,2014-07-21,0402,2014-04-04,1538,4085/23,0402,5,5,5,0402,0,0,0,,0,001,"W SACRAMENTO AV","GATEWAY LN",0.00,,Y,A,-,N,,,,,,,,,,Y,2,0,1,2,A,-,09,21801,A,N,D,C,A,A,H,-,A,D,0,,,,,Y,,-,,1,0,0,0,0,0,0,0,0,"- ","- ",,,BUTTE,CHICO,-121.86820996,39.73101999
6504232,2014,2014-07-25,0402,2014-05-30,1645,381565,0402,5,5,5,0402,0,0,0,,0,006,ESPLANADE,"MISSION RANCH BL",0.00,,Y,A,-,N,,,,,,,,,,Y,2,0,1,2,A,-,09,21801,A,N,D,C,A,A,H,-,A,D,0,,,,,Y,,A,01,1,0,0,0,0,0,0,0,0,"- ","- ",,,BUTTE,CHICO,-121.85857987999999,39.753959889999997
6507345,2014,2016-03-25,9241,2014-06-07,1318,019060,,6,1,9,0400,0,1,3,,2,091,"RT 99","COTTONWOOD RD",0.00,,Y,A,-,Y,BUT,3,99,-,-,17.180,I,5,S,Y,2,0,3,3,A,-,08,22107,,N,B,C,A,A,H,-,A,D,0,,,,,Y,,A,01,1,0,2,0,0,0,0,0,0,"- ","- ",39.551940000000002,-121.68881,BUTTE,UNINCORPORATED,-121.68873333000001,39.552365139999999
6510491,2014,2016-03-26,9241,2014-06-03,1810,15794,,2,2,9,0400,0,1,3,,1,060,"RT 32","SCHOTT RD",0.00,,Y,A,-,Y,BUT,3,32,-,-,25.079,I,5,W,Y,2,0,3,2,A,-,09,21802,A,N,D,C,A,A,H,-,A,A,0,,,,,Y,,A,01,2,0,1,0,0,0,0,0,0,"- ","- ",39.88693,-121.66673,BUTTE,UNINCORPORATED,-121.66668697,39.886871300000003
6572524,2014,2014-08-27,9240,2014-07-15,1400,15532,,2,2,9,0400,0,3,5,,2,030,"COLINA WY","FERNWOOD AV",27.00,S,N,B,-,N,,,,,,,,,,N,2,0,1,1,A,-,03,22350,,N,E,I,A,A,H,-,A,A,0,,,Y,,Y,,C,02,1,0,0,0,0,0,0,0,1,"- ","- ",,,BUTTE,UNINCORPORATED,-121.53061141000001,39.529555870000003
6576847,2014,2014-08-14,0405,2014-07-02,0529,WR101,12S,3,5,4,0405,0,0,0,,0,00S,"S LIBBY RD","PEACEFUL OAKS LN",11.00,N,N,A,-,N,,,,,,,,,,Y,2,0,1,1,A,-,01,23152,,M,F,J,A,A,H,-,B,D,0,,,,,Y,Y,-,,1,0,0,0,0,0,0,0,0,"- ","- ",,,BUTTE,PARADISE,-121.59377920999999,39.742330199999998
6587690,2014,2016-04-25,9241,2014-08-06,1230,015794,,3,1,9,0400,0,1,3,,1,060,"RT 32","SANTOS RANCH RD",4752.00,W,N,A,-,Y,BUT,3,32,-,R,17.060,H,-,W,Y,2,0,4,2,A,-,05,21460,A,N,A,C,A,A,H,-,A,D,0,,,,,Y,,D,22,2,1,1,0,0,0,0,0,0,"- ","- ",39.786709999999999,-121.72454,BUTTE,UNINCORPORATED,-121.72464256000001,39.786652650000001
6591209,2014,2014-08-18,9240,2014-07-19,2050,018833,,6,2,9,0400,0,3,5,,2,030,"6TH ST","GRAND AV",375.00,S,N,A,-,N,,,,,,,,,,Y,2,0,1,1,A,-,01,23152,A,N,E,I,A,A,H,-,B,D,0,,,Y,,Y,Y,C,02,1,0,0,0,0,0,0,0,1,"- ","- ",39.51652,-121.57838,BUTTE,UNINCORPORATED,-121.57839,39.516510279999999
6598670,2014,2014-09-08,0402,2014-08-19,1833,52,0402,2,5,5,0402,0,0,0,,0,004,"BRUCE RD","EAST 20TH ST",0.00,,Y,A,-,N,,,,,,,,,,Y,2,0,1,1,A,-,03,22350,,N,E,I,A,A,H,-,A,A,0,,,,,Y,,-,,1,0,0,0,0,0,0,0,0,"- ","- ",,,BUTTE,CHICO,-121.78745992,39.726249989999999
6601593,2014,2014-09-10,0405,2014-08-09,2009,WIL02,2N,6,5,4,0405,0,0,0,,0,00N,SKYWAY,"PGE POLE 8837",54.00,E,N,A,-,N,,,,,,,,,,Y,2,0,1,1,A,-,01,23152,,N,H,A,A,A,H,-,B,D,0,,,Y,,Y,Y,C,03,1,0,0,0,0,0,0,0,1,"- ","- ",,,BUTTE,PARADISE,,
6606090,2014,2014-09-18,9241,2014-05-02,1945,17562,,5,2,9,0400,0,3,5,,2,006,"DOE MILL RD","CROWN POINT RD",1584.00,N,N,A,-,N,,,,,,,,,,Y,1,1,1,1,A,-,01,23152,A,N,F,A,A,A,H,-,B,D,0,,,,,Y,Y,D,22,1,0,0,0,0,0,0,0,0,"- ","- ",39.8399,-121.66825,BUTTE,UNINCORPORATED,-121.66827289,39.839959800000003
6606092,2014,2015-01-05,9240,2014-05-08,2115,17532,,4,2,9,0400,0,1,3,,1,011,"RT 70","OPHIR RD",7920.00,S,N,B,C,Y,BUT,3,70,-,-,10.050,H,-,W,Y,1,1,1,2,A,-,01,23152,A,N,B,C,A,B,H,-,D,D,0,,,,,Y,Y,D,22,0,1,0,0,0,0,0,0,0,"- ","- ",39.455919999999999,-121.59605999999999,BUTTE,UNINCORPORATED,-121.59520101,39.44671864
6614526,2014,2015-01-13,9240,2014-09-07,0915,018578,,7,1,9,0400,0,3,5,,2,010,"UPPER PALERMO RD","CITRUS AV",400.00,S,N,A,-,N,,,,,,,,,,N,2,0,1,2,A,-,11,21954,A,N,G,B,D,A,H,-,A,D,0,Y,,,,Y,,N,60,1,0,0,0,1,0,0,0,0,"- ","- ",39.453249999999997,-121.53506,BUTTE,UNINCORPORATED,-121.53485845,39.453213429999998
6664993,2014,2016-07-05,9241,2014-10-08,0415,16381,,3,3,9,0400,0,1,3,,1,061,"RT 99","MERIDIAN RD",182.00,S,N,A,-,Y,BUT,3,99,-,-,40.810,H,-,N,Y,2,0,1,2,C,-,18,,,N,E,H,A,A,H,-,D,D,0,,,,,Y,,-,"- ",1,0,0,0,0,0,0,0,0,"- ","- ",39.820549999999997,-121.92332,BUTTE,UNINCORPORATED,-121.92378969000001,39.821086579999999
6686517,2014,2016-07-05,9241,2014-10-23,0637,016932,,4,1,9,0400,0,1,3,,1,061,"RT 99","CANA HWY",3960.00,N,N,B,-,Y,BUT,3,99,-,-,43.140,H,-,N,Y,2,0,2,4,A,-,05,21650,,N,B,C,A,A,H,-,D,D,0,,,,,Y,,D,22,1,1,0,0,0,0,0,0,0,"- ","- ",39.849240000000002,-121.94858000000001,BUTTE,UNINCORPORATED,-121.94838358,39.849167440000002
6689875,2014,2014-11-12,0405,2014-09-27,1951,BER01,2N,6,5,4,0405,0,0,0,,0,00N,SKYWAY,"THOMASSON LN",0.00,N,N,B,-,N,,,,,,,,,,Y,2,0,1,2,A,-,11,21956,A,N,G,B,D,A,G,-,D,D,0,Y,,,,Y,Y,N,60,1,0,0,0,1,0,0,0,0,"- ","- ",,,BUTTE,PARADISE,-121.60950989,39.775169990000002
6698135,2014,2015-01-08,0402,2014-11-09,1930,56,,7,5,5,0402,0,0,0,,0,004,"SPRINGFIELD DR","DEVONSHIRE DR",59.00,W,N,A,-,N,,,,,,,,,,N,2,0,1,1,A,-,01,21200,5,N,H,A,A,A,H,-,C,D,0,,Y,,,Y,Y,L,04,1,0,0,0,0,0,1,0,0,"- ","- ",,,BUTTE,CHICO,-121.79825891,39.729785079999999
6712392,2014,2015-01-07,9240,2014-11-08,1005,013161,,6,1,9,0400,0,3,5,,2,010,"RACHEL DR","HERITAGE RD",0.00,,Y,A,-,N,,,,,,,,,,Y,2,0,2,2,A,-,12,22450,A,F,A,C,A,A,H,-,A,A,0,,,,,Y,,A,01,1,0,1,0,0,0,0,0,0,"- ","- ",,,BUTTE,UNINCORPORATED,-121.46435995,39.507759909999997
6718201,2014,2016-01-14,9240,2014-12-18,1749,18796,,4,2,9,0400,0,3,5,,2,010,"LINCOLN BL","KUSEL RD",3696.00,S,N,A,-,N,,,,,,,,,,Y,1,1,0,1,A,-,01,23152,E,N,E,I,A,A,H,-,D,D,0,,,Y,,Y,,C,02,0,0,0,0,0,0,0,1,0,"- ","- ",33.44999,-121.55172,BUTTE,UNINCORPORATED,-121.55145723,39.450409759999999
6718388,2015,2015-03-16,9241,2015-01-12,1425,13661,,1,2,9,0400,0,2,4,,2,090,SKYWAY,"SKYWAY CROSSROAD",2112.00,W,N,A,-,N,,,,,,,,,,Y,1,1,2,2,A,-,01,23152,A,N,A,C,A,A,H,-,A,D,0,,,,,Y,Y,A,01,2,0,0,0,0,0,0,0,0,"- ","- ",39.741120000000002,-121.66352999999999,BUTTE,UNINCORPORATED,-121.80143,39.716009999999997
6721612,2014,2015-01-13,9241,2014-11-19,1020,16932,,3,1,9,0400,0,3,5,,2,008,"FIMPLE RD","DURHAM DAYTON HWY",3538.00,N,N,C,-,N,,,,,,,,,,Y,2,0,1,1,A,-,08,22107,,N,E,I,A,B,H,-,A,D,0,,,,,Y,,A,01,1,0,0,0,0,0,0,0,0,"- ","- ",,,BUTTE,UNINCORPORATED,-121.82419672,39.662525189999997
6748291,2014,2016-07-05,9240,2014-12-14,2242,18841,,7,3,9,0400,0,1,3,,2,041,"RT 162","ARBOL AV",1584.00,E,N,A,-,Y,BUT,3,162,-,-,19.580,H,-,E,Y,2,0,2,2,A,-,01,23152,A,N,A,C,A,A,H,-,D,D,0,,,,,Y,Y,A,01,1,1,0,0,0,0,0,0,0,"- ","- ",39.503979999999999,-121.51112000000001,BUTTE,UNINCORPORATED,-121.5121602,39.504261419999999
6781633,2015,2016-09-22,9240,2015-01-06,1730,018876,,2,2,9,0400,0,1,3,,1,021,"RT 99","NELSON AV",24.00,N,N,A,-,Y,BUT,3,99,-,-,15.180,H,-,S,Y,2,0,3,2,A,-,08,22107,,N,A,C,A,A,H,-,D,D,0,,,,,Y,,D,22,2,0,1,0,0,0,0,0,0,"- ","- ",39.523260000000001,-121.68868999999999,BUTTE,UNINCORPORATED,-121.68878340000001,39.523374150000002
6785500,2015,2015-02-20,9240,2015-01-09,0900,013161,,5,1,9,0400,0,3,5,,2,020,"AFTON RD","WICKMAN RD",75.00,E,N,B,-,N,,,,,,,,,,Y,2,0,1,1,A,-,01,23152,A,N,E,I,A,A,H,-,A,D,0,,,,,Y,Y,A,01,1,0,0,0,0,0,0,0,0,"- ","- ",,,BUTTE,UNINCORPORATED,-121.78212336999999,39.42090366
6792817,2015,2015-03-02,0402,2015-01-13,1543,1240,,2,5,5,0402,0,0,0,,0,004,"NOTRE DAME BL","FOREST AV",333.00,S,N,A,-,N,,,,,,,,,,Y,2,0,1,2,A,-,09,21802,A,N,D,C,A,A,H,-,A,A,0,,,,,Y,,-,,1,0,0,0,0,0,0,0,0,"- ","- ",,,BUTTE,CHICO,-121.79532064999999,39.717165719999997
6800887,2015,2016-09-06,9240,2015-02-01,1250,013161,,7,1,9,0400,0,1,3,,2,041,"RT 162","FOREMAN CREEK BR",2157.00,W,N,B,-,Y,BUT,3,162,-,-,29.530,H,-,E,Y,2,0,2,2,A,-,05,21460,,N,A,C,A,A,H,-,A,D,0,,,,,Y,,A,01,2,0,0,0,0,0,0,0,0,"- ","- ",39.579740000000001,-121.4285,BUTTE,UNINCORPORATED,-121.42838424999999,39.57998456
6804733,2015,2016-09-06,9241,2015-01-26,0102,016609,,1,3,5,0402,0,1,3,,2,100,"RT 99","EATON RD",30.00,S,N,A,-,Y,BUT,3,99,-,R,36.290,H,-,N,Y,2,0,1,1,A,-,08,22107,,N,E,I,A,A,H,-,E,D,5,,,,,Y,,A,08,1,0,0,0,0,0,0,0,0,"- ","- ",39.774520000000003,-121.87309,BUTTE,CHICO,-121.87305385000001,39.774387349999998
6804737,2015,2015-03-04,9241,2015-01-27,1715,015794,,2,2,9,0400,0,3,5,,2,007,"ELMWOOD DR","HOLMWOOD DR",250.00,E,N,A,-,N,,,,,,,,,,N,2,0,1,1,A,-,08,22107,,N,E,I,A,A,H,-,B,D,0,,,Y,,Y,Y,C,02,1,0,0,0,0,0,0,0,1,"- ","- ",39.502859999999998,-121.35229,BUTTE,UNINCORPORATED,-121.58978954,39.841274380000002
6821537,2015,2016-09-06,9240,2015-02-17,1305,017566,,2,1,9,0400,0,1,3,,2,041,"RT 162","SIMMONS RD",480.00,E,N,A,-,Y,BUT,3,162,-,-,28.310,H,-,E,Y,2,0,1,1,C,-,18,,,N,H,A,A,A,H,-,A,D,0,,,Y,,Y,,-,"- ",1,0,0,0,0,0,0,0,1,"- ","- ",39.565280000000001,-121.43371999999999,BUTTE,UNINCORPORATED,-121.43398629000001,39.565280170000001
6854512,2015,2015-07-10,9240,2015-04-06,2059,18796,,1,2,9,0400,0,3,5,,2,010,"LONE TREE RD","COX LN",1535.00,S,N,A,-,N,,,,,,,,,,Y,1,1,1,1,A,-,03,22350,,N,E,J,A,A,H,-,D,D,0,,,,,Y,,A,01,0,1,0,0,0,0,0,0,0,"- ","- ",39.378749999999997,-121.57651,BUTTE,UNINCORPORATED,-121.57642106,39.382295640000002
6854598,2015,2015-05-19,9240,2015-02-06,2048,18389,,5,2,9,0400,0,1,3,,2,032,"RT 70","PINKSTON CANYON RD",625.00,W,N,B,C,Y,BUT,3,70,-,-,33.910,H,-,W,Y,1,2,1,2,A,-,01,23152,A,N,A,C,A,B,H,-,D,D,0,,,,,Y,Y,A,01,0,1,0,0,0,0,0,0,0,"- ","- ",39.725119999999997,-121.50454999999999,BUTTE,UNINCORPORATED,-121.50481671,39.725051039999997
6854722,2015,2015-07-11,9240,2015-05-21,0118,18980,,4,3,9,0400,0,3,5,,2,010,"FOOTHILL BL","ORO BANGOR HWY",2640.00,S,N,A,-,N,,,,,,,,,,Y,1,1,1,1,A,-,01,23152,A,N,E,I,A,A,H,-,D,D,0,,,,,Y,Y,A,01,0,1,0,0,0,0,0,0,0,"- ","- ",39.625300000000003,-121.45976,BUTTE,UNINCORPORATED,-121.46120667,39.460887800000002
6888563,2015,2016-11-02,9241,2015-04-13,0746,015529,,1,1,9,0400,0,1,3,,1,061,"RT 99","MERIDIAN RD",4224.00,N,N,A,-,Y,BUT,3,99,-,-,41.680,H,-,N,Y,2,0,1,3,A,-,09,21804,A,N,D,C,A,A,H,-,A,D,0,,,,,Y,,D,22,1,0,0,0,0,0,0,0,0,"- ","- ",39.831859999999999,-121.9327,BUTTE,UNINCORPORATED,-121.93271125,39.83178324
6901200,2015,2015-05-01,9285,2015-03-22,0100,017393,,7,3,9,0400,0,3,5,,1,008,"FORBESTOWN RD","WEISS HILL RD",1584.00,W,N,A,-,N,,,,,,,,,,Y,2,0,1,1,A,-,03,22350,,N,E,I,A,A,H,-,D,D,0,,,Y,,Y,,C,02,1,0,0,0,0,0,0,0,1,"- ","- ",39.506320000000002,-121.31267,BUTTE,UNINCORPORATED,-121.31294454,39.505692349999997
6930349,2015,2015-06-03,0405,2015-04-25,1615,VRO01,5S,6,5,4,0405,0,0,0,,0,00S,SKYWAY,"WILDWOOD LN",156.00,N,N,A,-,N,,,,,,,,,,Y,2,0,1,3,A,-,01,23153,A,N,C,C,A,A,H,-,A,D,0,,,,,Y,Y,A,01,1,0,0,0,0,0,0,0,0,"- ","- ",39.758380000000002,-121.62562,BUTTE,PARADISE,-121.62481608,39.758180889999998
6963017,2015,2015-07-10,0402,2015-05-29,1323,4342710,,5,5,5,0402,0,0,0,,0,001,ESPLANADE,"W 9TH AV",0.00,,Y,A,-,N,,,,,,,,,,Y,2,0,2,2,A,-,01,23152,A,N,D,C,A,A,H,-,A,A,0,,,,,Y,Y,D,22,1,0,1,0,0,0,0,0,0,"- ","- ",,,BUTTE,CHICO,-121.85187997,39.746209909999997
6967679,2015,2015-07-06,9240,2015-06-12,1640,018833,,5,2,9,0400,0,3,5,,2,010,"ORO BANGOR HWY","SWEDES FLAT RD",1056.00,N,N,A,-,N,,,,,,,,,,Y,2,0,1,1,A,-,03,22350,,N,F,A,A,A,H,-,A,D,0,,,,,Y,,D,22,1,0,0,0,0,0,0,0,0,"- ","- ",39.44641,-121.43698000000001,BUTTE,UNINCORPORATED,-121.43494785,39.445582729999998