CASE_ID,ACCIDENT_YEAR,PROC_DATE,JURIS,COLLISION_DATE,COLLISION_TIME,OFFICER_ID,REPORTING_DISTRICT,DAY_OF_WEEK,CHP_SHIFT,POPULATION,CNTY_CITY_LOC,SPECIAL_COND,BEAT_TYPE,CHP_BEAT_TYPE,CITY_DIVISION_LAPD,CHP_BEAT_CLASS,BEAT_NUMBER,PRIMARY_RD,SECONDARY_RD,DISTANCE,DIRECTION,INTERSECTION,WEATHER_1,WEATHER_2,STATE_HWY_IND,CALTRANS_COUNTY,CALTRANS_DISTRICT,STATE_ROUTE,ROUTE_SUFFIX,POSTMILE_PREFIX,POSTMILE,LOCATION_TYPE,RAMP_INTERSECTION,SIDE_OF_HWY,TOW_AWAY,COLLISION_SEVERITY,NUMBER_KILLED,NUMBER_INJURED,PARTY_COUNT,PRIMARY_COLL_FACTOR,PCF_CODE_OF_VIOL,PCF_VIOL_CATEGORY,PCF_VIOLATION,PCF_VIOL_SUBSECTION,HIT_AND_RUN,TYPE_OF_COLLISION,MVIW,PED_ACTION,ROAD_SURFACE,ROAD_COND_1,ROAD_COND_2,LIGHTING,CONTROL_DEVICE,CHP_ROAD_TYPE,PEDESTRIAN_ACCIDENT,BICYCLE_ACCIDENT,MOTORCYCLE_ACCIDENT,TRUCK_ACCIDENT,NOT_PRIVATE_PROPERTY,ALCOHOL_INVOLVED,STWD_VEHTYPE_AT_FAULT,CHP_VEHTYPE_AT_FAULT,COUNT_SEVERE_INJ,COUNT_VISIBLE_INJ,COUNT_COMPLAINT_PAIN,COUNT_PED_KILLED,COUNT_PED_INJURED,COUNT_BICYCLIST_KILLED,COUNT_BICYCLIST_INJURED,COUNT_MC_KILLED,COUNT_MC_INJURED,PRIMARY_RAMP,SECONDARY_RAMP,LATITUDE,LONGITUDE,COUNTY,CITY,POINT_X,POINT_Y
6972277,2015,2015-07-07,9240,2015-06-11,2155,018980,,4,2,9,0400,0,3,5,,2,020,"LARKIN RD","WALNUT AV",2112.00,N,N,A,-,N,,,,,,,,,,Y,2,0,1,1,A,-,01,23152,A,N,E,I,A,A,H,-,D,D,0,,,,,Y,Y,D,22,1,0,0,0,0,0,0,0,0,"- ","- ",39.428269999999998,-121.64346,BUTTE,UNINCORPORATED,-121.64386018,39.428301060000003
7006290,2015,2015-11-13,0402,2015-10-01,0140,101,,4,5,5,0402,0,0,0,,0,003,"E 20TH ST","FRANKLIN ST",0.00,E,N,B,-,N,,,,,,,,,,Y,1,1,1,1,A,-,01,23153,A,N,E,I,A,A,H,-,C,D,0,,,,,Y,Y,A,01,1,0,0,0,0,0,0,0,0,"- ","- ",39.724620000000002,-121.81690999999999,BUTTE,CHICO,-121.81778985,39.724179939999999
7045830,2015,2015-09-19,0402,2015-08-25,1622,55,0402,2,5,5,0402,0,0,0,,0,006,"ESPLANADE AV","MEMORIAL WY",0.00,,Y,A,-,N,,,,,,,,,,N,2,0,1,2,A,-,12,21453,A,F,G,B,B,A,H,-,A,A,0,Y,,,,Y,,N,60,1,0,0,0,1,0,0,0,0,"- ","- ",,,BUTTE,CHICO,-121.84246988,39.733249890000003
7062714,2015,2017-01-23,0402,2015-09-29,1821,69,,2,5,5,0402,0,0,0,,0,002,"WALNUT ST","WEST 3RD ST",0.00,,Y,A,-,Y,BUT,3,32,-,R,8.496,I,5,W,N,2,0,1,2,A,-,09,21800,A,N,H,G,A,A,H,-,A,A,0,,Y,,,Y,,-,,1,0,0,0,0,0,1,0,0,"- ","- ",,,BUTTE,CHICO,-121.84886837000001,39.723397140000003
7098099,2015,2017-01-31,0403,2015-10-07,0715,P52,,3,5,2,0403,0,0,0,,0,002,"RT 99",SHELDON,519.00,N,N,A,-,Y,BUT,3,99,-,R,3.350,H,-,S,Y,2,0,1,2,A,-,08,22107,,N,D,C,A,A,H,-,A,A,0,,,Y,,Y,,E,22,1,0,0,0,0,0,0,0,1,"- ","- ",39.352080000000001,-121.68796,BUTTE,GRIDLEY,-121.68788738000001,39.352014680000003
7099519,2015,2015-10-24,0402,2015-10-16,2215,0722,0402,5,5,5,0402,0,0,0,,0,001,"WEST 1ST AV","WARNER ST",0.00,,Y,A,-,N,,,,,,,,,,N,2,0,1,2,A,-,05,21650,1,N,D,G,A,A,H,-,C,D,0,,Y,,,Y,Y,L,04,1,0,0,0,0,0,1,0,0,"- ","- ",39.444589999999998,-121.51178,BUTTE,CHICO,-121.85311996,39.734629980000001
7123028,2015,2015-11-24,0405,2015-10-31,2024,SM101,75,6,5,4,0405,0,0,0,,0,00S,"SAWMILL RD","SAWPECK WY",85.00,N,N,A,-,N,,,,,,,,,,N,2,0,1,2,A,-,11,21954,A,N,G,B,D,A,H,-,D,D,0,Y,,,,Y,,N,60,1,0,0,0,1,0,0,0,0,"- ","- ",39.764029999999998,-121.58871000000001,BUTTE,PARADISE,-121.58898222000001,39.763893320000001
7127840,2015,2015-12-03,0405,2015-10-21,1438,WIL02,6N,3,5,4,0405,0,0,0,,0,00N,SKYWAY,"WILDWOOD LN",230.00,N,N,A,-,N,,,,,,,,,,Y,2,0,1,2,A,-,06,21755,A,N,D,C,A,-,H,-,A,D,0,,,Y,,Y,,C,02,1,0,0,0,0,0,0,0,1,"- ","- ",,,BUTTE,PARADISE,-121.62469563000001,39.758361569999998
7147579,2015,2016-01-19,0404,2015-03-07,0957,585,E,6,5,3,0404,0,0,0,,0,00E,"ORANGE AV","ACACIA AV",0.00,,Y,A,-,N,,,,,,,,,,Y,2,0,2,2,A,-,09,21800,,N,D,C,A,A,H,-,A,D,0,,,,,Y,,A,01,1,1,0,0,0,0,0,0,0,"- ","- ",39.509419999999999,-121.55466,BUTTE,OROVILLE,-121.53439988,39.51790991
7176854,2016,2016-02-08,0402,2016-01-25,0634,35,0402,1,5,5,0402,0,0,0,,0,001,"W SACRAMENTO AV","VICTORIAN PARK DR",20.00,E,N,A,-,N,,,,,,,,,,N,2,0,1,2,A,-,00,21954,C,N,G,B,E,B,H,-,B,D,0,Y,,,,Y,Y,N,60,1,0,0,0,1,0,0,0,0,"- ","- ",,,BUTTE,CHICO,-121.86537887,39.731050000000003
7186012,2015,2016-02-24,0404,2015-08-03,1512,598,W,1,5,3,0404,0,0,0,,0,00W,"FEATHER RIVER BL","FIR ALLEY",0.00,,Y,A,-,N,,,,,,,,,,N,2,0,1,4,A,-,09,21804,A,N,H,G,A,A,H,-,A,D,0,,Y,,,Y,,L,04,1,0,0,0,0,0,1,0,0,"- ","- ",,,BUTTE,OROVILLE,-121.56987368999999,39.508775649999997
7190202,2016,2018-09-26,0402,2016-06-10,2111,3297,0402,5,5,5,0402,0,0,0,,0,,ESPLANADE,"LINDO CHANNEL",0.00,,Y,A,-,N,,,,,,,,,,Y,1,1,0,3,A,-,11,21956,A,N,G,B,D,A,H,-,B,D,0,Y,,,,Y,Y,N,60,0,0,0,1,0,0,0,0,0,"- ","- ",,,BUTTE,CHICO,,
7190595,2016,2018-09-27,0402,2016-11-06,0114,1767,,7,5,5,0402,0,0,0,,0,001,"CITRUS AV","WEST 2ND AV",239.00,N,N,B,-,N,,,,,,,,,,Y,1,1,0,2,D,-,00,,,F,G,B,E,A,A,E,D,D,0,Y,,,,Y,Y,-,"- ",0,0,0,1,0,0,0,0,0,"- ","- ",,,BUTTE,CHICO,-121.85198305999999,39.737961900000002
7199803,2015,2016-08-23,0405,2015-11-25,2359,,,3,5,4,0405,0,0,0,,0,,"PEARSON RD","BLACK OLIVE DR",95.00,E,N,A,-,N,,,,,,,,,,Y,1,1,1,1,A,-,01,23152,A,N,E,I,A,A,H,-,C,D,0,,,,,Y,Y,A,07,0,1,0,0,0,0,0,0,0,"- ","- ",39.752470000000002,-121.62445,BUTTE,PARADISE,-121.62418301,39.752260999999997
8016725,2016,2016-04-19,0402,2016-04-02,1456,2643,,6,5,5,0402,0,0,0,,0,002,"WEST 2ND ST","IVY ST",0.00,,Y,A,-,N,,,,,,,,,,Y,2,0,1,2,A,-,09,21802,A,N,H,J,A,A,H,-,A,A,0,,,Y,,Y,Y,D,22,1,0,0,0,0,0,0,0,1,"- ","- ",,,BUTTE,CHICO,-121.84594995,39.726559899999998
8022878,2016,2017-02-10,0403,2016-03-28,1710,P74,4,1,5,2,0403,0,0,0,,0,004,"RT 99","1291 RT 99",0.00,,Y,A,-,Y,BUT,3,99,-,R,3.350,H,-,S,Y,2,0,2,2,A,-,03,22350,,N,D,C,A,A,H,-,A,D,0,,,,Y,Y,Y,A,07,2,0,0,0,0,0,0,0,0,"- ","- ",,,BUTTE,GRIDLEY,-121.68788738000001,39.352014680000003
8032406,2016,2016-05-10,0404,2016-01-27,1022,635,W,3,5,3,0404,0,0,0,,0,00W,"WASHINGTON AV","MITCHELL AV",110.00,S,N,-,-,N,,,,,,,,,,Y,2,0,1,1,A,-,05,21650,,N,E,I,A,-,-,-,-,D,0,,,,,Y,,D,22,1,0,0,0,0,0,0,0,0,"- ","- ",,,BUTTE,OROVILLE,-121.54711168,39.508110469999998
8104052,2016,2016-08-26,0402,2016-08-13,0320,88/3973,0402,6,5,5,0402,0,0,0,,0,005,"EAST AV","EAST AV 1168",0.00,,N,A,-,N,,,,,,,,,,Y,2,0,1,2,A,-,03,22350,,F,C,C,A,A,H,-,C,D,0,,,,,Y,,A,01,1,0,0,0,0,0,0,0,0,"- ","- ",,,BUTTE,CHICO,-121.83282137,39.761001729999997
8117066,2016,2017-02-24,0403,2016-08-12,1726,P502,4,5,5,2,0403,0,0,0,,0,,"RT 99","CHERRY ST",0.00,,N,A,-,Y,BUT,3,99,-,R,3.880,H,-,S,Y,2,0,1,2,A,-,09,21801,A,N,D,C,A,A,H,-,A,D,0,,,Y,,Y,,A,01,1,0,0,0,0,0,0,0,1,"- ","- ",,,BUTTE,GRIDLEY,-121.68789808,39.359675729999999
8121144,2016,2016-09-23,0402,2016-09-02,1110,56,,5,5,5,0402,0,0,0,,0,002,"SALEM ST","W 4TH ST",72.00,S,N,A,-,N,,,,,,,,,,N,2,0,1,2,A,-,09,21801,A,N,D,C,A,A,H,-,A,D,0,,,Y,,Y,,A,01,1,0,0,0,0,0,0,0,1,"- ","- ",,,BUTTE,CHICO,-121.84049862000001,39.727563109999998
8129131,2016,2016-09-26,0402,2016-09-15,0147,28,CHICO,4,5,5,0402,0,0,0,,0,002,"ORANGE ST","W 5TH ST",11.00,N,N,A,-,N,,,,,,,,,,Y,2,0,1,2,A,-,12,22450,A,F,G,B,B,A,H,-,C,A,0,Y,,,,Y,Y,A,07,1,0,0,0,1,0,0,0,0,"- ","- ",,,BUTTE,CHICO,-121.84551456,39.723313509999997
8134351,2016,2016-10-04,0405,2016-09-01,1555,RAM02,2N,4,5,4,0405,0,0,0,,0,00N,SKYWAY,"ROCKY LN",29.00,N,N,A,-,N,,,,,,,,,,Y,2,0,1,2,A,-,09,21801,A,N,A,C,A,A,H,-,A,D,0,,,,,Y,,A,01,1,0,0,0,0,0,0,0,0,"- ","- ",39.783969999999997,-121.59908,BUTTE,PARADISE,-121.59830244,39.784902539999997
8162841,2016,2016-11-18,0402,2016-10-26,1208,3827,,3,5,5,0402,0,0,0,,0,006,ESPLANADE,"WHITE AV",0.00,,Y,A,-,N,,,,,,,,,,Y,2,0,1,2,A,-,09,21801,A,N,D,C,A,A,H,-,A,A,0,,,,,Y,,D,22,1,0,0,0,0,0,0,0,0,"- ","- ",,,BUTTE,CHICO,-121.85988992999999,39.75524995
8166936,2016,2018-09-24,0403,2016-12-29,1737,P502,4,4,5,2,0403,0,0,0,,0,004,"RT 99","OBERMEYER AV",18480.00,S,N,A,-,Y,BUT,3,99,-,R,3.510,H,-,S,N,1,1,0,2,D,-,00,,,F,G,B,E,A,H,-,D,D,0,Y,,,,Y,Y,-,"- ",0,0,0,1,0,0,0,0,0,"- ","- ",,,BUTTE,GRIDLEY,-121.68790611999999,39.354360669999998
8167049,2018,2018-03-08,0405,2018-01-12,1908,CHA01,6N,5,5,4,0405,0,0,0,,0,00N,"ELLIOTT RD","ALMOND ST",37.00,W,N,A,-,N,,,,,,,,,,Y,1,1,0,3,A,-,05,21202,,N,H,G,A,A,H,-,D,D,0,,Y,,,Y,,L,04,0,0,0,0,0,1,0,0,0,"- ","- ",39.759490966796875,-121.62188720703125,BUTTE,PARADISE,-121.62192535400391,39.759510040283203
8167205,2017,2018-06-28,0404,2017-01-28,0218,556,TH,6,5,3,0404,0,0,0,,0,0TH,"OLIVE HWY","KAMPONG CT",455.00,W,N,A,-,Y,,,,,,,,,,N,1,1,0,2,A,-,17,21658,,F,C,G,-,A,H,-,D,A,0,Y,,,,Y,,-,,0,0,0,1,0,0,0,0,0,"- ","- ",,,BUTTE,OROVILLE,,
8167521,2017,2019-04-09,0402,2017-09-24,1800,P03375,,7,5,5,0402,0,0,0,,0,006,"HOLLY AV","MISSION RANCH BL",15.00,N,N,A,-,N,,,,,,,,,,Y,1,1,0,1,A,-,03,22350,,N,E,I,A,A,H,-,A,D,0,,,Y,,Y,Y,C,02,0,0,0,0,0,0,0,1,0,"- ","- ",,,BUTTE,CHICO,-121.86712076000001,39.750312690000001
8172520,2016,2017-02-27,0404,2016-08-03,1713,593,E,3,5,3,0404,0,0,0,,0,00E,"ORO DAM BL","MYERS ST",370.00,W,N,A,-,Y,BUT,3,162,-,-,17.230,H,-,W,Y,2,0,1,2,A,-,09,21801,,N,A,C,A,A,H,-,A,D,0,,,Y,,Y,,A,01,1,0,0,0,0,0,0,0,1,"- ","- ",39.509360000000001,-121.55453,BUTTE,OROVILLE,-121.5507899,39.504364070000001
8177864,2016,2016-12-12,0402,2016-11-24,1037,3880,CHICO,4,5,5,0402,0,0,0,,0,002,"DAYTON RD","POMONA AV",93.00,E,N,A,-,N,,,,,,,,,,N,2,0,1,2,A,-,05,21650,,N,-,B,E,A,H,-,A,D,0,Y,,,,Y,Y,A,01,1,0,0,0,1,0,0,0,0,"- ","- ",,,BUTTE,CHICO,-121.84317756,39.716057309999997
8189193,2016,2016-12-15,0405,2016-11-29,1731,PIC01,6N,2,5,4,0405,0,0,0,,0,00N,SKYWAY,"WILDWOOD LN",241.00,N,N,A,-,N,,,,,,,,,,Y,2,0,4,2,A,-,09,21801,A,N,D,C,A,A,H,-,C,D,0,,,,,Y,,A,07,1,1,2,0,0,0,0,0,0,"- ","- ",39.758189999999999,-121.62418,BUTTE,PARADISE,-121.62467773,39.758388420000003
82159955,2023,2023-08-31,0402,2023-08-03,1325,33S20,,4,5,5,0402,0,0,0,,0,001,"MANGROVE AVE","3RD AVE",0.00,,Y,A,-,N,,,,,,,,,,Y,2,0,1,2,A,-,09,21801,A,N,D,C,A,A,H,-,A,A,0,,,Y,,Y,,A,01,1,0,0,0,0,0,0,0,1,"- ","- ",39.743259429931641,-121.83931732177734,BUTTE,CHICO,-121.83934020996094,39.743335723876953
82160504,2023,2023-09-01,0402,2023-08-22,2021,3332,,2,5,5,0402,0,0,0,,0,002,"FOREST AVE","250 FEET SOUTH OF WILDFLOWER COURT",0.00,,N,A,-,N,,,,,,,,,,N,2,0,1,2,A,-,00,21955,A,N,G,B,D,A,H,-,D,D,0,Y,,,,Y,,N,60,1,0,0,0,1,0,0,0,0,"- ","- ",39.734851837158203,-121.80216979980469,BUTTE,CHICO,-121.80329132080078,39.736232757568359
82173161,2023,2023-09-19,0402,2023-09-14,1542,3384,0402,4,5,5,0402,0,0,0,,0,002,"W 9TH ST","BROADWAY ST",0.00,,Y,A,-,Y,,,,,,,,,,Y,2,0,1,3,A,-,07,21658,A,N,C,C,A,A,H,-,A,A,0,,,Y,,Y,,C,02,1,0,0,0,0,0,0,0,1,"- ","- ",,,BUTTE,CHICO,-121.83583068847656,39.724929809570312
82204426,2023,2023-10-20,0402,2023-10-15,1401,3347,,7,5,5,0402,0,0,0,,0,001,"MANGROVE AVE","9TH AVE",258.00,S,N,A,-,N,,,,,,,,,,Y,2,0,1,2,A,-,09,21804,A,N,D,C,A,A,H,-,A,A,0,,,Y,,Y,,A,07,1,0,0,0,0,0,0,0,1,"- ","- ",39.749668121337891,-121.84391784667969,BUTTE,CHICO,-121.84344482421875,39.749031066894531
82221095,2023,2023-10-30,0402,2023-10-06,1652,3379,,5,5,5,0402,0,0,0,,0,001,"RIO LINDO AVE",ESPLANADE,55.00,E,N,A,-,N,,,,,,,,,,Y,1,1,0,2,A,-,05,21650,,N,E,I,A,A,H,-,A,A,0,,,,,Y,,A,01,0,0,0,0,0,0,0,0,0,"- ","- ",39.752590179443359,-121.85732269287109,BUTTE,CHICO,-121.85713195800781,39.752681732177734
82233005,2023,2023-11-13,0402,2023-10-27,2122,3350,,5,5,5,0402,0,0,0,,0,003,"EAST AVE","MARIPOSA AVE",208.00,E,N,A,-,N,,,,,,,,,,Y,2,0,1,2,A,-,01,23152,F,N,C,C,A,A,H,-,C,D,0,,,,,Y,Y,A,01,1,0,0,0,0,0,0,0,0,"- ","- ",39.761161804199219,-121.82386016845703,BUTTE,CHICO,-121.82386016845703,39.761089324951172
82289958,2023,2024-01-19,0402,2023-11-20,1742,3359,,1,5,5,0402,0,0,0,,0,002,"NORD AVE","STEWART AVE",809.00,N,N,A,-,Y,BUT,,32," "," ",8.168,H,,R,N,2,0,2,2,A,-,05,21650,,N,A,G,A,A,H,-,C,D,0,,Y,Y,,Y,Y,O,05,1,1,0,0,0,0,1,0,1,"- ","- ",39.726879119873047,-121.85304260253906,BUTTE,CHICO,-121.85286712646484,39.727012634277344
82328367,2024,2024-03-04,0402,2024-02-23,2045,3393,,5,5,5,0402,0,0,0,,0,,ESPLANADE,"W. SACRAMENTO AVE.",0.00,,Y,A,-,N,,,,,,,,,,N,2,0,1,2,A,-,10,21950,A,N,G,B,B,A,H,-,C,A,0,Y,,,,Y,Y,A,01,1,0,0,0,1,0,0,0,0,"- ","- ",,,BUTTE,CHICO,-121.84500885009766,39.736728668212891
82339864,2024,2024-03-18,0402,2024-02-26,"616 ",3396,,1,5,5,0402,0,0,0,,0,002,"20TH ST","PAVIS CT",0.00,,Y,A,-,N,,,,,,,,,,Y,2,0,1,1,D,-,00,,,N,E,I,A,A,H,-,A,A,0,,,Y,,Y,,-,"- ",1,0,0,0,0,0,0,0,1,"- ","- ",39.720539093017578,-121.82231903076172,BUTTE,CHICO,-121.82228088378906,39.720565795898438
82387579,2024,2024-05-13,0402,2024-05-07,"832 ",3372,,2,5,5,0402,0,0,0,,0,001,"NORD AVE","W SACRAMENTO AVE",125.00,N,N,A,-,N,,,,,,,,,,Y,2,0,1,2,A,-,09,21804,A,N,D,C,A,A,H,-,A,A,0,,,Y,,Y,,A,01,1,0,0,0,0,0,0,0,1,"- ","- ",39.739730834960938,-121.87825775146484,BUTTE,CHICO,-121.86055755615234,39.731552124023438
82406291,2024,2024-06-05,0402,2024-05-07,"814 ",3361,,2,5,5,0402,0,0,0,,0,004,"FOREST AVE","E 20TH ST",0.00,,Y,A,-,N,,,,,,,,,,Y,2,0,1,3,A,-,08,22107,,N,C,C,A,A,H,-,A,A,0,,,,,Y,,A,01,1,0,0,0,0,0,0,0,0,"- ","- ",,,BUTTE,CHICO,-121.80149078369141,39.727279663085938
8296207,2017,2017-02-07,0402,2017-01-27,2117,3297,,5,5,5,0402,0,0,0,,0,002,"W 2ND ST","HAZEL ST",0.00,,Y,A,-,N,,,,,,,,,,Y,2,0,1,2,D,-,00,,,N,G,B,B,A,H,-,C,D,0,Y,,,,Y,Y,-,"- ",1,0,0,0,1,0,0,0,0,"- ","- ",,,BUTTE,CHICO,-121.84501994,39.727149949999998
8302007,2017,2017-02-14,0405,2017-01-18,0924,VAN02,3N,3,5,4,0405,0,0,0,,0,00N,"CLARK RD","CYPRESS LN",29.00,S,N,C,-,N,,,,,,,,,,N,2,0,1,1,A,-,03,22350,,N,E,I,A,B,G,-,A,D,0,,,,,Y,,A,01,1,0,0,0,0,0,0,0,0,"- ","- ",39.784219999999998,-121.58668,BUTTE,PARADISE,-121.58667809000001,39.784151610000002
8317579,2017,2017-03-06,0402,2017-02-07,1432,434,,2,5,5,0402,0,0,0,,0,001,"WEST 1ST AV","ARCADIAN AV",0.00,,Y,B,-,N,,,,,,,,,,Y,2,0,1,3,A,-,09,21802,A,N,D,C,A,A,H,-,A,A,0,,,Y,,Y,,A,01,1,0,0,0,0,0,0,0,1,"- ","- ",,,BUTTE,CHICO,-121.84882994,39.736439900000001
8327480,2017,2018-03-02,0402,2017-03-10,2057,84,,5,5,5,0402,0,0,0,,0,002,"WALNUT ST","W 5TH ST",0.00,,Y,A,-,Y,BUT,3,32,-,R,8.621,I,5,E,Y,2,0,1,2,A,-,00,21453,1,N,G,B,B,A,H,-,C,A,0,Y,,,,Y,Y,N,60,1,0,0,0,1,0,0,0,0,"- ","- ",,,BUTTE,CHICO,-121.84729537,39.722043149999998
8328530,2017,2017-03-27,0402,2017-03-11,1508,34,CPO,6,5,5,0402,0,0,0,,0,001,"W SACRAMENTO AV","N CEDAR ST",30.00,W,N,A,-,N,,,,,,,,,,N,2,0,1,2,A,-,10,21950,A,N,G,B,D,A,H,-,A,D,0,Y,,,,Y,,N,60,1,0,0,0,1,0,0,0,0,"- ","- ",,,BUTTE,CHICO,-121.85651329,39.731810019999998
8333400,2016,2018-02-12,0404,2016-12-13,0750,555,W,2,5,3,0404,0,0,0,,0,00W,"RT 162","OROVILLE DAM RD",148.00,W,N,A,-,Y,BUT,3,162,-,-,17.580,H,-,E,Y,2,0,1,2,A,-,09,21801,A,N,A,C,A,-,H,-,A,D,0,,,Y,,Y,,A,01,1,0,0,0,0,0,0,0,1,"- ","- ",39.523000000000003,-121.55584,BUTTE,OROVILLE,-121.54531047,39.506500199999998
8362188,2016,2017-05-18,0402,2016-02-07,1345,,,7,5,5,0402,0,0,0,,0,,"W EAST AV","ALMA AV",0.00,,Y,A,-,N,,,,,,,,,,Y,2,0,1,2,A,-,12,22450,A,N,D,C,A,A,H,-,A,D,0,,,Y,,Y,,C,02,1,0,0,0,0,0,0,0,1,"- ","- ",39.748750000000001,-121.87479999999999,BUTTE,CHICO,-121.87490999000001,39.748669919999998
8386635,2017,2018-03-27,0404,2017-04-22,2030,645,,6,5,3,0404,0,0,0,,0,00U,"RT 162","CHARDONNAY WY",0.00,,Y,A,-,Y,BUT,3,162,-,-,13.220,H,-,E,N,2,0,1,2,B,-,22,,,N,H,G,A,A,H,-,D,D,0,,Y,,,Y,,-,"- ",1,0,0,0,0,0,1,0,0,"- ","- ",,,BUTTE,OROVILLE,-121.62399343,39.498079820000001
8399101,2017,2017-07-18,0404,2017-05-12,0510,598,E,5,5,3,0404,0,0,0,,0,00E,"OROVILLE DAM BL EAST","HIGHLANDS BL",352.00,E,N,A,-,N,,,,,,,,,,Y,2,0,1,1,A,-,00,23123,5,N,A,J,A,A,H,-,C,D,0,,,,,Y,,D,22,1,0,0,0,0,0,0,0,0,"- ","- ",39.51802,-121.53192,BUTTE,OROVILLE,-121.53069547,39.517819199999998
8418769,2017,2017-07-31,0405,2017-06-21,1839,WIL02,2N,3,5,4,0405,0,0,0,,0,00N,SKYWAY,"WAGSTAFF RD",133.00,S,N,A,-,N,,,,,,,,,,N,2,0,1,2,A,-,01,21200,5,N,B,G,A,A,H,-,A,D,0,,Y,,,Y,Y,L,04,1,0,0,0,0,0,1,0,0,"- ","- ",39.777630000000002,-121.60629,BUTTE,PARADISE,-121.60656228000001,39.777372759999999
84353343,2024,2024-08-14,0402,2024-08-01,1752,3386,,4,5,5,0402,0,0,0,,0,002,ESPLANADE,"FRANCES WILLARD AVE (N)",0.00,,Y,A,-,N,,,,,,,,,,N,2,0,1,2,A,-,05,21650,1,N,D,C,A,A,H,-,A,D,0,,,Y,,Y,,C,03,1,0,0,0,0,0,0,0,1,"- ","- ",39.734718322753906,-121.84336853027344,BUTTE,CHICO,-121.84336853027344,39.734695434570312
84358919,2024,2024-12-04,0402,2024-08-05,1456,3343,,1,5,5,0402,0,0,0,,0,001,"MANGROVE AVE","3RD AVE",48.00,N,N,A,-,N,,,,,,,,,,Y,2,0,1,2,A,-,07,21658,A,N,G,B,F,A,H,-,A,A,0,Y,,,,Y,,A,01,1,0,0,0,1,0,0,0,0,"- ","- ",39.743350982666016,-121.8397216796875,BUTTE,CHICO,-121.83941650390625,39.743446350097656
8437334,2017,2017-09-27,0404,2017-09-05,0719,647,,2,5,3,0404,0,0,0,,0,,"FEATHER RIVER BL","ORO DAM BL",0.00,,Y,A,-,N,,,,,,,,,,Y,2,0,1,2,A,-,08,22102,,N,D,C,A,A,H,-,A,D,0,,,Y,,Y,,A,01,1,0,0,0,0,0,0,0,1,"- ","- ",39.509219999999999,-121.56981999999999,BUTTE,OROVILLE,-121.57194972000001,39.498042929999997
84378308,2024,2024-09-02,0402,2024-07-24,1241,3345,,3,5,5,0402,0,0,0,,0,002,"PARK AVE","12TH ST",0.00,,Y,A,-,N,,,,,,,,,,Y,1,1,0,3,A,-,12,21453,A,N,G,B,B,A,H,-,A,A,0,Y,,,,Y,,-,"- ",0,0,0,1,0,0,0,0,0,"- ","- ",39.723670959472656,-121.83116912841797,BUTTE,CHICO,-121.83118438720703,39.723686218261719
84385668,2024,2024-09-09,0402,2024-08-22,1948,3393,,4,5,5,0402,0,0,0,,0,004,"CHICO CANYON RD","CHICORY RD (N)",1048.00,E,N,A,-,N,,,,,,,,,,N,2,0,1,1,C,-,18,,,N,D,H,A,A,H,-,A,D,0,,Y,,,Y,,-,"- ",1,0,0,0,0,0,1,0,0,"- ","- ",39.760791778564453,-121.78780364990234,BUTTE,CHICO,-121.78719329833984,39.761669158935547
84403624,2024,2024-09-23,0402,2024-09-13,2330,3389,,5,5,5,0402,0,0,0,,0,002,"5TH ST","IVY ST",8.00,S,N,A,-,N,,,,,,,,,,N,2,0,1,2,A,-,11,21950,B,N,G,B,B,A,H,-,C,A,0,Y,,,,Y,Y,N,60,1,0,0,0,1,0,0,0,0,"- ","- ",39.724491119384766,-121.8436279296875,BUTTE,CHICO,-121.84364318847656,39.724506378173828
84428626,2024,2024-10-14,0402,2024-10-05,"220 ",3322,,6,5,5,0402,0,0,0,,0,003,"COHASSET RD","EAST AVE",240.00,S,N,A,-,N,,,,,,,,,,N,2,0,1,2,A,-,11,21954,A,N,G,B,E,A,H,-,C,A,0,Y,,,Y,Y,Y,N,60,1,0,0,0,1,0,0,0,0,"- ","- ",39.760860443115234,-121.84346008300781,BUTTE,CHICO,-121.84345245361328,39.760231018066406
84428627,2024,2024-10-14,0402,2024-10-09,1736,3366,,3,5,5,0402,0,0,0,,0,001,"COHASSET RD","MANGROVE AVE",118.00,W,N,A,-,N,,,,,,,,,,N,1,1,1,2,A,-,03,22350,,N,D,C,A,A,H,-,A,D,0,,,,,Y,,A,01,0,1,0,0,0,0,0,0,0,"- ","- ",,,BUTTE,CHICO,-121.84569549560547,39.752201080322266
84481085,2024,2024-12-09,0402,2024-11-16,1916,3366,,6,5,5,0402,0,0,0,,0,002,"12TH ST","PARK AVE",0.00,,Y,A,-,N,,,,,,,,,,N,2,0,6,2,A,-,12,21453,A,N,D,C,A,A,H,-,C,A,0,,,,,Y,,A,01,2,1,3,0,0,0,0,0,0,"- ","- ",39.723720550537109,-121.83155059814453,BUTTE,CHICO,-121.83118438720703,39.723686218261719
84487488,2024,2024-11-29,0402,2024-11-28,1948,33100,,4,5,5,0402,0,0,0,,0,002,"W 8TH ST","BROADWAY ST",5.00,W,N,B,-,N,,,,,,,,,,N,2,0,1,2,A,-,10,21950,A,F,G,B,B,A,H,-,C,A,0,Y,,,,Y,,A,01,1,0,0,0,1,0,0,0,0,"- ","- ",39.725490570068359,-121.83673095703125,BUTTE,CHICO,-121.83659362792969,39.725582122802734
8449231,2017,2017-09-22,0405,2017-08-31,1654,PR101,6N,4,5,4,0405,0,0,0,,0,00N,"BILLE RD",SKYWAY,49.00,E,N,A,-,N,,,,,,,,,,N,2,0,1,1,A,-,03,22350,,N,E,I,A,A,H,-,A,D,0,,Y,,,Y,,L,04,1,0,0,0,0,0,1,0,0,"- ","- ",39.769889999999997,-121.61192,BUTTE,PARADISE,-121.61217565,39.770351290000001