CASE_ID,ACCIDENT_YEAR,PROC_DATE,JURIS,COLLISION_DATE,COLLISION_TIME,OFFICER_ID,REPORTING_DISTRICT,DAY_OF_WEEK,CHP_SHIFT,POPULATION,CNTY_CITY_LOC,SPECIAL_COND,BEAT_TYPE,CHP_BEAT_TYPE,CITY_DIVISION_LAPD,CHP_BEAT_CLASS,BEAT_NUMBER,PRIMARY_RD,SECONDARY_RD,DISTANCE,DIRECTION,INTERSECTION,WEATHER_1,WEATHER_2,STATE_HWY_IND,CALTRANS_COUNTY,CALTRANS_DISTRICT,STATE_ROUTE,ROUTE_SUFFIX,POSTMILE_PREFIX,POSTMILE,LOCATION_TYPE,RAMP_INTERSECTION,SIDE_OF_HWY,TOW_AWAY,COLLISION_SEVERITY,NUMBER_KILLED,NUMBER_INJURED,PARTY_COUNT,PRIMARY_COLL_FACTOR,PCF_CODE_OF_VIOL,PCF_VIOL_CATEGORY,PCF_VIOLATION,PCF_VIOL_SUBSECTION,HIT_AND_RUN,TYPE_OF_COLLISION,MVIW,PED_ACTION,ROAD_SURFACE,ROAD_COND_1,ROAD_COND_2,LIGHTING,CONTROL_DEVICE,CHP_ROAD_TYPE,PEDESTRIAN_ACCIDENT,BICYCLE_ACCIDENT,MOTORCYCLE_ACCIDENT,TRUCK_ACCIDENT,NOT_PRIVATE_PROPERTY,ALCOHOL_INVOLVED,STWD_VEHTYPE_AT_FAULT,CHP_VEHTYPE_AT_FAULT,COUNT_SEVERE_INJ,COUNT_VISIBLE_INJ,COUNT_COMPLAINT_PAIN,COUNT_PED_KILLED,COUNT_PED_INJURED,COUNT_BICYCLIST_KILLED,COUNT_BICYCLIST_INJURED,COUNT_MC_KILLED,COUNT_MC_INJURED,PRIMARY_RAMP,SECONDARY_RAMP,LATITUDE,LONGITUDE,COUNTY,CITY,POINT_X,POINT_Y
84546823,2025,2025-02-03,0402,2025-01-13,1434,3379,,1,5,5,0402,0,0,0,,0,002,"NORD AVE","SACRAMENTO AVE (W)",0.00,,Y,A,-,Y,BUT,,32," "," ",7.712,H,,L,N,2,0,4,5,A,-,10,21950,A,N,G,B,B,A,H,-,A,A,0,Y,,,,Y,,D,22,1,3,0,0,4,0,0,0,0,"- ","- ",39.731349945068359,-121.86006927490234,BUTTE,CHICO,-121.86008453369141,39.731338500976562
84577570,2025,2025-02-14,0402,2025-01-09,"207 ",3379,,4,5,5,0402,0,0,0,,0,001,ESPLANADE,"MISSION RANCH BLVD",88.00,N,N,A,-,N,,,,,,,,,,Y,1,1,0,2,A,-,11,21954,A,N,G,B,E,A,H,-,C,D,0,Y,,,,Y,,N,60,0,0,0,1,0,0,0,0,0,"- ","- ",39.754001617431641,-121.85865783691406,BUTTE,CHICO,-121.85877227783203,39.754150390625
84629909,2025,2025-04-07,0402,2025-03-01,2326,3345,,6,5,5,0402,0,0,0,,0,,"197 EAST AVE",ESPLANADE,441.00,E,N,A,-,N,,,,,,,,,,N,1,1,0,2,A,-,11,21955,,N,G,B,D,A,H,-,C,D,0,Y,,,,Y,,-,"- ",0,0,0,1,0,0,0,0,0,"- ","- ",,,BUTTE,CHICO,-121.86016082763672,39.757465362548828
8463938,2017,2017-10-13,0405,2017-09-29,1047,AK101,7S,5,5,4,0405,0,0,0,,0,00S,"ELLIOTT RD","CLARK RD",0.00,,Y,A,-,N,,,,,,,,,,Y,2,0,2,2,A,-,12,21453,A,N,D,C,A,A,H,-,A,A,0,,,,,Y,,A,07,2,0,0,0,0,0,0,0,0,"- ","- ",39.759500000000003,-121.60662000000001,BUTTE,PARADISE,-121.60662988999999,39.759489950000003
8465400,2017,2019-04-10,0404,2017-10-25,0527,573,,3,5,3,0404,0,0,0,,0,00W,"OROVILLE DAM BL W","14TH ST",0.00,,Y,-,-,Y,BUT,3,162,-,-,14.730,H,-,E,Y,1,1,0,2,A,-,11,21954,A,N,G,B,E,A,H,-,D,D,0,Y,,,,Y,Y,N,60,0,0,0,1,0,0,0,0,0,"- ","- ",39.498049999999999,-121.59601000000001,BUTTE,OROVILLE,-121.59592736,39.498049700000003
8465523,2017,2018-12-18,0402,2017-11-09,0208,P03170,,4,5,5,0402,0,0,0,,0,006,"W EAST AV",ESPLANADE,0.00,,N,C,-,N,,,,,,,,,,N,1,1,0,2,D,-,00,,,F,G,B,-,B,H,-,C,A,0,Y,,,,Y,,-,"- ",0,0,0,1,0,0,0,0,0,"- ","- ",,,BUTTE,CHICO,-121.86139996,39.756719959999998
8465996,2019,2019-08-12,0402,2019-06-24,1342,2920,,1,5,5,0402,0,0,0,,0,004,"RT 32","YOSEMITE DR",0.00,,Y,A,-,Y,BUT,3,32,-,-,12.390,I,5,E,Y,1,1,2,2,A,-,09,21802,A,N,D,C,A,A,H,-,A,A,0,,,,,Y,,-,,0,1,1,0,0,0,0,0,0,"- ","- ",,,BUTTE,CHICO,-121.78031158447266,39.744926452636719
84681264,2025,2025-06-16,0402,2025-04-24,1734,33S20,,4,5,5,0402,0,0,0,,0,002,"IVY ST","3RD ST",0.00,,Y,A,-,N,,,,,,,,,,Y,2,0,1,2,A,-,03,22350,,N,D,C,A,A,H,-,A,A,0,,,Y,,Y,,C,02,1,0,0,0,0,0,0,0,1,"- ","- ",39.725849151611328,-121.84513092041016,BUTTE,CHICO,-121.84510803222656,39.725883483886719
84713955,2025,2025-06-05,0402,2025-05-27,1002,3332,,2,5,5,0402,0,0,0,,0,,"EAST AVE","PILLSBURY ROAD",0.00,,Y,A,-,N,,,,,,,,,,N,2,0,1,1,A,-,03,22350,,N,E,I,A,A,H,-,A,A,0,,,Y,,Y,Y,C,02,1,0,0,0,0,0,0,0,1,"- ","- ",39.760940551757812,-121.84927368164062,BUTTE,CHICO,-121.84914398193359,39.760921478271484
84734746,2025,2025-06-23,0402,2025-06-12,1546,3379,,4,5,5,0402,0,0,0,,0,001,"LASSEN AVE","JOSHUA TREE RD",0.00,,Y,A,-,N,,,,,,,,,,N,2,0,1,2,A,-,09,21802,A,N,D,C,A,A,H,-,A,A,0,,,Y,,Y,,D,22,1,0,0,0,0,0,0,0,1,"- ","- ",39.765460968017578,-121.85826873779297,BUTTE,CHICO,-121.85819244384766,39.765491485595703
84738552,2025,2025-06-25,0402,2025-06-22,2256,3397,,7,5,5,0402,0,0,0,,0,004,"MANGROVE AVE","1ST AVE",573.00,S,N,A,-,N,,,,,,,,,,N,2,0,1,2,A,-,07,21658,A,N,C,G,A,A,H,-,C,D,0,,Y,,,Y,,L,04,1,0,0,0,0,0,1,0,0,"- ","- ",39.741218566894531,-121.83780670166016,BUTTE,CHICO,-121.83695983886719,39.739780426025391
84750268,2025,2025-07-07,0402,2025-06-18,1515,3380,,3,5,5,0402,0,0,0,,0,,"NOTRE DAME BLVD","FOREST AVE",350.00,S,N,A,-,N,,,,,,,,,,N,2,0,3,3,A,-,09,21801,A,N,D,C,A,A,H,-,A,D,0,,,,,Y,,D,22,1,1,1,0,0,0,0,0,0,"- ","- ",39.71807861328125,-121.79532623291016,BUTTE,CHICO,-121.79531860351562,39.717117309570312
8481780,2017,2018-07-09,0402,2017-10-13,2147,P01763,,5,5,5,0402,0,0,0,,0,002,"WALNUT ST","W 7TH ST",0.00,,Y,A,-,Y,BUT,3,32,-,R,8.747,I,5,E,Y,2,0,2,2,A,-,08,22107,,N,D,C,A,A,H,-,C,D,0,,,Y,,Y,,A,01,1,1,0,0,0,0,0,0,1,"- ","- ",,,BUTTE,CHICO,-121.8457306,39.720604829999999
8491732,2017,2017-12-05,0402,2017-11-05,2047,P00442,,7,5,5,0402,0,0,0,,0,002,"NORD AV","W SACRAMENTO AV",0.00,,Y,A,-,N,,,,,,,,,,N,2,0,1,2,B,-,22,,,N,G,B,B,A,H,-,C,A,0,Y,,,,Y,,N,60,1,0,0,0,1,0,0,0,0,"- ","- ",39.435299999999998,-121.5136,BUTTE,CHICO,-121.86011553,39.7313416
8518492,2017,2017-12-19,0405,2017-10-25,1245,VAN02,10S,3,5,4,0405,0,0,0,,0,00S,SKYWAY,"PEARSON RD",40.00,S,N,A,-,N,,,,,,,,,,N,2,0,1,3,A,-,01,23152,F,N,C,C,A,A,H,-,A,A,0,,,,,Y,,A,07,1,0,0,0,0,0,0,0,0,"- ","- ",39.753880000000002,-121.62908,BUTTE,PARADISE,-121.62879074999999,39.753729559999996
8519332,2017,2018-06-06,0404,2017-12-04,1559,670,E,1,5,3,0404,0,0,0,,0,00E,"OLIVE HWY","LOWER WYANDOTTE AV",0.00,,Y,A,-,Y,BUT,3,162,-,-,18.090,H,-,W,Y,2,0,1,2,A,-,09,21804,A,N,B,C,A,A,H,-,C,D,0,,,Y,,Y,Y,C,02,1,0,0,0,0,0,0,0,0,"- ","- ",39.50103,-121.53618,BUTTE,OROVILLE,-121.53757352,39.501952019999997
8535952,2017,2018-01-13,0405,2017-06-27,0000,BER01,5S,2,5,4,0405,0,0,0,,0,00S,SKYWAY,"HONEY RUN RD",0.00,,Y,A,-,N,,,,,,,,,,Y,2,0,1,3,A,-,03,22350,,N,D,C,A,A,H,-,A,A,0,,,,,Y,Y,-,,1,0,0,0,0,0,0,0,0,"- ","- ",39.755240000000001,-121.62779999999999,BUTTE,PARADISE,-121.62757997,39.754919960000002
8548175,2018,2018-02-09,0405,2018-01-15,1715,VAN02,11S,1,5,4,0405,0,0,0,,0,00S,"CLARK RD","EWALD CT",402.00,S,N,A,-,N,,,191,,,,,,,N,2,0,2,1,A,-,05,21650,,N,E,J,A,A,H,-,B,D,0,,,,,Y,,A,01,2,0,0,0,0,0,0,0,0,"- ","- ",39.742839813232422,-121.60854339599609,BUTTE,PARADISE,-121.60765838623047,39.742847442626953
8555373,2018,2018-02-20,0402,2018-02-06,1615,P00722,,2,5,5,0402,0,0,0,,0,005,"EAST AV","PILLSBURY AV",0.00,,Y,A,-,N,,,,,,,,,,Y,2,0,1,2,A,-,01,23153,A,N,D,C,A,A,H,-,A,A,0,,,,,Y,Y,A,01,1,0,0,0,0,0,0,0,0,"- ","- ",,,BUTTE,CHICO,-121.84913635253906,39.760921478271484
8582796,2018,2018-04-12,0405,2018-02-15,1718,HON01,6S,4,5,4,0405,0,0,0,,0,00S,SKYWAY,"W RDWY EXTENSION",5.00,E,N,A,-,N,,,,,,,,,,Y,2,0,3,3,A,-,22,23123,,N,H,E,A,A,H,-,B,D,0,,,,,Y,,A,08,1,2,0,0,0,0,0,0,0,"- ","- ",39.758419036865234,-121.62493133544922,BUTTE,PARADISE,,
8585479,2018,2018-04-09,0402,2018-03-16,1750,P00317,,5,5,5,0402,0,0,0,,0,005,"EAST AV","CERES AV",0.00,E,N,C,-,N,,,,,,,,,,N,2,0,1,2,A,-,09,21804,A,N,B,G,A,B,H,-,A,D,0,,Y,,,Y,,L,04,1,0,0,0,0,0,1,0,0,"- ","- ",39.760898590087891,-121.83270263671875,BUTTE,CHICO,-121.83397674560547,39.760978698730469
8599475,2018,2018-05-31,0404,2018-03-08,1243,649,E,4,5,3,0404,0,0,0,,0,00E,"LINCOLN BL",WYANDOTTE,0.00,,Y,A,-,N,,,,,,,,,,Y,2,0,1,2,A,-,12,22450,A,N,D,C,A,A,H,-,A,D,0,,,,,Y,,A,07,1,0,0,0,0,0,0,0,0,"- ","- ",39.500331878662109,-121.55085754394531,BUTTE,OROVILLE,-121.55091857910156,39.500308990478516
8599483,2018,2018-04-25,0404,2018-03-23,1612,557,E,5,5,3,0404,0,0,0,,0,00E,"LINCOLN BL","B ST",0.00,,Y,A,-,N,,,,,,,,,,Y,2,0,2,2,A,-,09,21801,,N,D,C,A,A,G,-,A,B,0,,,,,Y,,A,01,2,0,0,0,0,0,0,0,0,"- ","- ",39.498710632324219,-121.55092620849609,BUTTE,OROVILLE,-121.55085754394531,39.498729705810547
8601264,2018,2018-08-20,0403,2018-04-24,0553,P74,4,2,5,2,0403,0,0,0,,0,004,"RT 99","MAGNOLIA ST",0.00,,Y,A,-,Y,BUT,3,99,-,R,4.040,H,-,N,Y,2,0,3,3,A,-,05,21650,A,N,A,C,A,A,H,-,A,D,0,,,,,Y,,A,07,2,1,0,0,0,0,0,0,0,"- ","- ",39.374538421630859,-121.6873779296875,BUTTE,GRIDLEY,-121.68790435791016,39.362007141113281
8605835,2018,2018-05-11,0402,2018-05-01,1915,P00602,,2,5,5,0402,0,0,0,,0,005,"COHASSET RD","MANZANITA AV",0.00,,Y,A,-,N,,,,,,,,,,N,2,0,1,2,A,-,06,21754,B,F,B,C,A,A,H,-,A,A,0,,,Y,,Y,,-,,1,0,0,0,0,0,0,0,1,"- ","- ",,,BUTTE,CHICO,-121.84385681152344,39.757831573486328
8615733,2018,2018-08-20,0402,2018-04-03,1354,20,,2,5,5,0402,0,0,0,,0,003,"RT 32","RT 99",0.00,,Y,A,-,Y,BUT,3,32,-,-,10.157,I,5,E,Y,2,0,3,2,A,-,12,21453,A,N,F,C,A,A,H,-,A,A,0,,,,,Y,,-,,1,0,2,0,0,0,0,0,0,"- ","- ",,,BUTTE,CHICO,-121.81923675537109,39.736003875732422
8618536,2018,2018-05-30,0404,2018-05-03,0000,622,W,4,5,3,0404,0,0,0,,0,00W,"OROVILLE DAM BL EAST","OROVILLE DAM BL",24.00,N,N,A,-,N,,,,,,,,,,Y,2,0,1,2,A,-,09,21804,A,N,D,C,A,A,H,-,A,D,0,,,Y,,Y,,A,01,1,0,0,0,0,0,0,0,1,"- ","- ",,,BUTTE,OROVILLE,-121.57353973388672,39.498031616210938
8625636,2018,2018-05-30,0402,2018-04-26,1322,P01240,35,4,5,5,0402,0,0,0,,0,006,"COHASSETT RD",PARMAC,261.00,W,N,A,-,N,,,,,,,,,,Y,2,0,1,2,A,-,03,22350,,N,D,C,A,A,H,-,A,A,0,,,Y,,Y,,C,02,1,0,0,0,0,0,0,0,1,"- ","- ",,,BUTTE,CHICO,-121.85214233398438,39.751808166503906
8630513,2018,2018-06-04,0405,2018-04-27,0859,WIL02,7S,5,5,4,0405,0,0,0,,0,00S,"CLARK RD","WOODCROFT LN",451.00,N,N,A,-,N,,,,,,,,,,Y,2,0,1,2,A,-,09,21801,A,N,A,C,A,A,H,-,A,D,0,,,,,Y,,A,01,1,0,0,0,0,0,0,0,0,"- ","- ",39.766441345214844,-121.60080718994141,BUTTE,PARADISE,-121.6009521484375,39.766815185546875
8634823,2018,2018-06-20,0402,2018-05-21,2035,P03820,2,1,5,5,0402,0,0,0,,0,006,"EAST LASSEN AV",ESPLANADE,0.00,,Y,A,-,N,,,,,,,,,,Y,2,0,3,2,A,-,00,2800,3,F,C,C,A,A,H,-,C,A,0,,,,Y,Y,,F,55,2,1,0,0,0,0,0,0,0,"- ","- ",,,BUTTE,CHICO,-121.86564636230469,39.761009216308594
8638705,2018,2018-06-20,0402,2018-06-02,0239,P01973,,6,5,5,0402,0,0,0,,0,006,"MANGROVE AV","PALMETTO AV",227.00,N,N,B,-,N,,,,,,,,,,Y,2,0,3,1,A,-,00,22153,A,N,E,I,A,A,H,-,C,D,0,,,,,Y,Y,A,01,3,0,0,0,0,0,0,0,0,"- ","- ",,,BUTTE,CHICO,-121.83613586425781,39.738430023193359
8679262,2018,2018-10-05,0405,2018-08-03,1614,GAT01,11S,5,5,4,0405,0,0,0,,0,00S,"SCOTTWOOD RD","BUSCHMANN RD",0.00,,Y,A,-,N,,,,,,,,,,Y,2,0,3,3,A,-,01,23152,A,F,D,C,A,A,H,-,A,A,0,,,,,Y,Y,A,01,1,2,0,0,0,0,0,0,0,"- ","- ",39.748561859130859,-121.62193298339844,BUTTE,PARADISE,-121.6219482421875,39.748538970947266
8679319,2018,2019-02-08,0405,2018-12-23,1407,SCH01,3N,7,5,4,0405,0,0,0,,0,,"WAGSTAFF RD","CLARK RD",0.00,,Y,C,-,N,,,,,,,,,,N,2,0,2,2,A,-,01,23153,A,N,D,C,A,B,H,-,A,A,0,,,,,Y,Y,A,01,2,0,0,0,0,0,0,0,0,"- ","- ",39.777721405029297,-121.59062957763672,BUTTE,PARADISE,-121.59056854248047,39.777721405029297
8679468,2018,2018-08-14,0402,2018-05-30,2339,P02920,,3,5,5,0402,0,0,0,,0,,"E 5TH AV","SHERMAN AV",0.00,,Y,A,-,N,,,,,,,,,,N,2,0,1,2,A,-,11,21954,A,N,G,B,E,A,H,-,C,A,0,Y,,,,Y,Y,N,60,1,0,0,0,1,0,0,0,0,"- ","- ",,,BUTTE,CHICO,-121.8372802734375,39.746940612792969
8679998,2018,2018-09-10,0405,2018-07-20,1909,VAN02,11S,5,5,4,0405,0,0,0,,0,00S,"BUSCHMANN RD","CLARK RD",80.00,W,N,A,-,N,,,,,,,,,,N,2,0,1,1,A,-,05,21650,,N,E,I,A,A,H,-,A,D,0,,,Y,,Y,,C,02,1,0,0,0,0,0,0,0,1,"- ","- ",39.75225830078125,-121.60774993896484,BUTTE,PARADISE,-121.60800170898438,39.748577117919922
8702668,2017,2018-10-25,0404,2017-12-01,2500,608,W,5,5,3,0404,0,0,0,,0,00W,"BAGGETT PALERMO RD","OPHIR RD",0.00,,Y,A,-,N,,,,,,,,,,Y,2,0,1,2,A,-,00,20001,A,F,A,C,A,A,H,-,D,D,0,,,,,Y,,A,01,1,0,0,0,0,0,0,0,0,"- ","- ",39.465699999999998,-121.56121,BUTTE,OROVILLE,-121.56126997,39.465139890000003
8706539,2018,2018-10-03,0404,2018-09-17,2003,675,W,1,5,3,0404,0,0,0,,0,00W,"OROVILLE DAM BL EAST","FEATHER RIVER BL",155.00,E,N,A,-,N,,,162,,,,,,,N,2,0,1,2,A,-,05,21650,1,N,D,G,A,A,H,-,C,D,0,,Y,,,Y,,L,04,1,0,0,0,0,0,1,0,0,"- ","- ",39.497879028320312,-121.57122802734375,BUTTE,OROVILLE,-121.57122802734375,39.498046875
8712372,2018,2018-10-19,0405,2018-09-19,1533,WAL02,6N,3,5,4,0405,0,0,0,,0,00N,SKYWAY,"SKY MEADOW WAY",0.00,,Y,A,-,N,,,,,,,,,,Y,2,0,1,2,A,-,09,21801,A,N,D,C,A,A,H,-,A,D,0,,,Y,,Y,,A,01,1,0,0,0,0,0,0,0,1,"- ","- ",39.763820648193359,-121.61920928955078,BUTTE,PARADISE,,
8712380,2018,2018-10-19,0405,2018-09-11,1420,WAL02,6N,2,5,4,0405,0,0,0,,0,00N,SKYWAY,BILLE,326.00,S,N,A,-,N,,,,,,,,,,N,2,0,1,2,A,-,03,22350,,N,C,C,A,A,H,-,A,D,0,,,Y,,Y,,C,02,1,0,0,0,0,0,0,0,1,"- ","- ",39.769489288330078,-121.61192321777344,BUTTE,PARADISE,-121.61257934570312,39.769474029541016
8727784,2018,2018-11-01,0405,2018-10-16,0845,SCH01,10S,2,5,4,0405,0,0,0,,0,00S,SKYWAY,"SKYWAY CROSSROAD",0.00,,Y,A,-,N,,,,,,,,,,Y,2,0,1,2,A,-,09,21802,A,N,D,C,A,A,H,-,A,D,0,,,,,Y,,D,72,1,0,0,0,0,0,0,0,0,"- ","- ",39.7440185546875,-121.6551513671875,BUTTE,PARADISE,-121.65535736083984,39.743980407714844
8733122,2018,2018-12-26,0402,2018-09-27,1132,P03510,,4,5,5,0402,0,0,0,,0,003,"PINE ST","8TH ST",16.00,E,N,A,-,Y,BUT,3,32,-,-,9.404,I,6,W,Y,2,0,3,5,A,-,07,21658,A,F,B,C,A,A,H,-,A,D,0,,,,,Y,,D,22,1,1,1,0,0,0,0,0,0,"- ","- ",,,BUTTE,CHICO,-121.83110046386719,39.729278564453125
8757282,2018,2018-12-13,0404,2018-10-29,1523,651,TH,1,5,3,0404,0,0,0,,0,0TH,"TABLE MOUNTAIN BL","GRAND AV",0.00,,Y,A,-,N,,,,,,,,,,Y,2,0,1,2,A,-,09,21804,,N,H,C,A,A,H,-,A,A,0,,,Y,,Y,,C,02,1,0,0,0,0,0,0,0,1,"- ","- ",39.521961212158203,-121.555419921875,BUTTE,OROVILLE,-121.55538940429688,39.521961212158203
8767191,2018,2019-01-08,0402,2018-12-05,0252,"30 0722",0402,3,5,5,0402,0,0,0,,0,004,"E 20TH ST","RT 99",0.00,,-,B,C,N,,,,,,,,,,Y,2,0,1,1,A,-,01,23152,A,N,E,I,A,B,H,-,C,D,0,,,,,Y,Y,A,01,1,0,0,0,0,0,0,0,0,"- ",NO,,,BUTTE,CHICO,-121.80934906005859,39.726001739501953
8775022,2018,2019-01-15,0404,2018-11-21,1255,649,W,3,5,3,0404,0,0,0,,0,00W,"OROVILLE DAM BL EAST","SPENCER AV",120.00,E,N,B,C,N,,,,,,,,,,N,2,0,1,2,A,-,03,22350,,N,A,C,A,B,H,-,A,D,0,,,,,Y,,A,01,1,0,0,0,0,0,0,0,0,"- ","- ",39.509361267089844,-121.55452728271484,BUTTE,OROVILLE,-121.54739379882812,39.505531311035156
8791036,2018,2019-02-02,0405,2018-12-19,0011,AK101,10S,3,5,4,0405,0,0,0,,0,00S,SKYWAY,"CROSSROADS RD",1016.00,N,N,A,-,N,,,,,,,,,,Y,2,0,1,1,A,-,03,22350,,N,E,I,A,B,H,-,D,D,0,,,,,Y,,A,01,1,0,0,0,0,0,0,0,0,"- ","- ",39.7440185546875,-121.6551513671875,BUTTE,PARADISE,-121.6551513671875,39.7440185546875
8794081,2018,2019-02-22,0404,2018-12-28,1940,647,W,5,5,3,0404,0,0,0,,0,00W,"OROVILLE DAM BL","OLIVE HWY",8.00,W,N,A,-,Y,BUT,3,162,-,-,17.530,H,-,W,N,2,0,1,1,A,-,08,22100,B,N,E,I,A,A,H,-,C,A,0,,,Y,,Y,,C,02,1,0,0,0,0,0,0,0,1,"- ","- ",39.506031036376953,-121.54747009277344,BUTTE,OROVILLE,-121.54598236083984,39.5064697265625
8806046,2019,2019-02-26,0404,2019-01-29,0000,622,W,2,5,3,0404,0,0,0,,0,00W,"OROVILLE DAM BL EAST","5TH AV",15.00,E,N,A,-,N,,,162,,,,,,,N,2,0,1,2,A,-,17,21200,A,N,H,G,A,A,H,-,A,D,0,,Y,,,Y,,L,04,1,0,0,0,0,0,1,0,0,"- ","- ",39.499759674072266,-121.56522369384766,BUTTE,OROVILLE,-121.56521606445312,39.499759674072266
8808343,2019,2019-06-25,0402,2019-04-13,1750,P03272,,6,5,5,0402,0,0,0,,0,005,"EAST AV","MARIGOLD AV",0.00,,Y,A,-,N,,,,,,,,,,Y,1,1,2,3,A,-,01,23152,F,N,D,C,A,A,H,-,A,A,0,,,,,Y,,A,01,2,0,0,0,0,0,0,0,0,"- ","- ",,,BUTTE,CHICO,-121.81520843505859,39.76116943359375
8810907,2019,2019-04-05,0402,2019-01-31,1730,25,,4,5,5,0402,0,0,0,,0,006,"MANGROVE AV","E 9TH AV",0.00,,Y,A,-,N,,,,,,,,,,Y,2,0,1,2,A,-,01,23152,A,N,A,C,A,A,H,-,A,A,0,,,Y,,Y,Y,C,02,1,0,0,0,0,0,0,0,1,"- ","- ",,,BUTTE,CHICO,-121.84388732910156,39.749649047851562
8821521,2019,2019-03-25,0402,2019-02-24,1818,P00503,25,7,5,5,0402,0,0,0,,0,002,"W 8TH ST","MAIN ST",6.00,W,N,C,-,N,,,,,,,,,,Y,2,0,1,2,A,-,10,21950,A,N,G,B,B,B,H,-,C,A,0,Y,,,,Y,Y,A,01,1,0,0,0,1,0,0,0,0,"- ","- ",,,BUTTE,CHICO,-121.83570098876953,39.726200103759766
8834576,2019,2019-04-15,0402,2019-03-15,1250,2920,,5,5,5,0402,0,0,0,,0,001,"E LINDO AV","E 9TH AV",93.00,N,N,A,-,N,,,,,,,,,,N,2,0,1,2,D,-,00,,,F,G,B,E,A,H,-,A,D,0,Y,,,,Y,,-,"- ",1,0,0,0,1,0,0,0,0,"- ","- ",,,BUTTE,CHICO,-121.84297180175781,39.750133514404297
8842683,2019,2019-05-22,0402,2019-03-29,2342,3172,,5,5,5,0402,0,0,0,,0,002,"NORD AV","W 1ST ST",0.00,N,N,A,-,Y,BUT,3,32,-,R,8.340,H,-,W,Y,2,0,1,2,A,-,11,21950,B,N,G,B,D,A,H,-,C,D,0,Y,,,,Y,Y,N,60,1,0,0,0,1,0,0,0,0,"- ","- ",,,BUTTE,CHICO,-121.85073852539062,39.725181579589844
8847201,2019,2019-05-15,0402,2019-04-21,1452,P00723,91,7,5,5,0402,0,0,0,,0,001,RAILROAD,"8TH AV",0.00,W,N,A,-,N,,,,,,,,,,N,2,0,1,2,B,-,22,,,N,B,J,F,A,H,-,A,A,0,Y,,,,Y,Y,N,60,1,0,0,0,1,0,0,0,0,"- ","- ",39.738399505615234,-121.86940002441406,BUTTE,CHICO,-121.86798858642578,39.73773193359375
8847209,2019,2019-05-15,0402,2019-04-19,2227,P00503,,5,5,5,0402,0,0,0,,0,,"W 3RD ST","HICKORY ST",420.00,W,N,A,-,N,,,,,,,,,,Y,2,0,1,3,A,-,03,22350,,N,C,E,A,A,G,-,C,D,0,,,Y,,Y,,C,02,1,0,0,0,0,0,0,0,1,"- ","- ",39.720798492431641,-121.85279846191406,BUTTE,CHICO,-121.85272216796875,39.720832824707031
8853753,2019,2019-05-20,0402,2019-04-02,2316,P00837,18,2,5,5,0402,0,0,0,,0,001,"W SACRAMENTO AV","NORD AV",51.00,E,N,B,C,N,,,,,,,,,,Y,2,0,1,4,A,-,01,23152,,M,D,E,A,B,F,-,C,D,0,,,,Y,Y,Y,D,22,1,0,0,0,0,0,0,0,0,"- ","- ",,,BUTTE,CHICO,-121.86032104492188,39.731060028076172
8864502,2019,2019-06-03,0404,2019-04-15,0503,686,W,1,5,3,0404,0,0,0,,0,00W,"OROVILLE DAM BL EAST","5TH AV",420.00,W,N,A,-,N,,,162,,,,,,,N,2,0,1,2,A,-,11,21950,B,N,G,B,D,A,H,-,C,A,0,Y,,,,Y,,N,60,1,0,0,0,1,0,0,0,0,"- ","- ",39.499759674072266,-121.56522369384766,BUTTE,OROVILLE,-121.56521606445312,39.499759674072266
8870080,2019,2019-08-28,0404,2019-04-22,2007,645,TH,1,5,3,0404,0,0,0,,0,0TH,"OROVILLE DAM BL","LARKIN RD",0.00,,Y,A,-,Y,BUT,3,162,-,-,14.030,I,5,E,N,2,0,1,2,A,-,17,24250,,N,D,C,A,A,H,-,B,D,0,,,,,Y,,A,01,1,0,0,0,0,0,0,0,0,"- ","- ",39.498058319091797,-121.60917663574219,BUTTE,OROVILLE,-121.60892486572266,39.498054504394531
8870521,2019,2019-06-06,0402,2019-05-15,1334,101,CPD,3,5,5,0402,0,0,0,,0,006,"MANGROVE AV","E 9TH ST",0.00,,Y,C,-,N,,,,,,,,,,Y,2,0,1,2,A,-,12,21453,A,N,A,C,A,B,H,-,A,A,0,,,,,Y,,-,,1,0,0,0,0,0,0,0,0,"- ","- ",,,BUTTE,CHICO,-121.84388732910156,39.749649047851562
8883247,2019,2019-07-08,0404,2019-05-22,2500,622,W,3,5,3,0404,0,0,0,,0,00W,"FEATHER RIVER BL","POMONA AV",214.00,N,N,B,-,N,,,,,,,,,,Y,2,0,2,1,A,-,08,22107,,N,B,E,A,B,H,-,A,D,0,,,,,Y,,-,,1,1,0,0,0,0,0,0,0,"- ","- ",39.505439758300781,-121.57016754150391,BUTTE,OROVILLE,-121.57018280029297,39.505741119384766
8890795,2019,2019-12-09,0404,2019-06-06,0040,631,W,4,5,3,0404,0,0,0,,0,00W,"OROVILLE DAM BL EAST","OLIVE HWY",0.00,,Y,A,-,Y,BUT,3,162,-,-,17.553,I,5,E,N,2,0,1,2,A,-,11,21954,A,N,A,B,B,A,H,-,C,A,0,Y,,,,Y,,N,60,1,0,0,0,1,0,0,0,0,"- ","- ",39.506740570068359,-121.54570007324219,BUTTE,OROVILLE,-121.54571533203125,39.506748199462891