CASE_ID,ACCIDENT_YEAR,PROC_DATE,JURIS,COLLISION_DATE,COLLISION_TIME,OFFICER_ID,REPORTING_DISTRICT,DAY_OF_WEEK,CHP_SHIFT,POPULATION,CNTY_CITY_LOC,SPECIAL_COND,BEAT_TYPE,CHP_BEAT_TYPE,CITY_DIVISION_LAPD,CHP_BEAT_CLASS,BEAT_NUMBER,PRIMARY_RD,SECONDARY_RD,DISTANCE,DIRECTION,INTERSECTION,WEATHER_1,WEATHER_2,STATE_HWY_IND,CALTRANS_COUNTY,CALTRANS_DISTRICT,STATE_ROUTE,ROUTE_SUFFIX,POSTMILE_PREFIX,POSTMILE,LOCATION_TYPE,RAMP_INTERSECTION,SIDE_OF_HWY,TOW_AWAY,COLLISION_SEVERITY,NUMBER_KILLED,NUMBER_INJURED,PARTY_COUNT,PRIMARY_COLL_FACTOR,PCF_CODE_OF_VIOL,PCF_VIOL_CATEGORY,PCF_VIOLATION,PCF_VIOL_SUBSECTION,HIT_AND_RUN,TYPE_OF_COLLISION,MVIW,PED_ACTION,ROAD_SURFACE,ROAD_COND_1,ROAD_COND_2,LIGHTING,CONTROL_DEVICE,CHP_ROAD_TYPE,PEDESTRIAN_ACCIDENT,BICYCLE_ACCIDENT,MOTORCYCLE_ACCIDENT,TRUCK_ACCIDENT,NOT_PRIVATE_PROPERTY,ALCOHOL_INVOLVED,STWD_VEHTYPE_AT_FAULT,CHP_VEHTYPE_AT_FAULT,COUNT_SEVERE_INJ,COUNT_VISIBLE_INJ,COUNT_COMPLAINT_PAIN,COUNT_PED_KILLED,COUNT_PED_INJURED,COUNT_BICYCLIST_KILLED,COUNT_BICYCLIST_INJURED,COUNT_MC_KILLED,COUNT_MC_INJURED,PRIMARY_RAMP,SECONDARY_RAMP,LATITUDE,LONGITUDE,COUNTY,CITY,POINT_X,POINT_Y
8910883,2019,2021-06-01,0404,2019-12-24,0248,650,E,2,5,3,0404,0,0,0,,0,00E,"RT 162","FOOTHILL BL",0.00,,Y,A,-,Y,BUT,3,162,-,-,18.310,H,-,W,Y,1,1,0,1,A,-,00,23103,,N,F,J,A,A,H,-,C,D,0,,,,,Y,Y,A,01,0,0,0,0,0,0,0,0,0,"- ","- ",39.501438140869141,-121.53144836425781,BUTTE,OROVILLE,-121.53391265869141,39.500751495361328
8911058,2020,2022-06-11,0402,2020-03-26,0116,P00837,,4,5,5,0402,0,0,0,,0,004,SKYWAY,"NOTRE DAME BL",18.00,E,N,A,-,N,,,,,,,,,,Y,1,1,0,1,A,-,03,22350,,N,E,I,A,A,B,-,C,A,0,,,,,Y,Y,A,01,0,0,0,0,0,0,0,0,0,"- ","- ",,,BUTTE,CHICO,-121.79523468017578,39.714912414550781
8911523,2020,2022-06-18,0404,2020-07-21,1832,693,,2,5,3,0404,0,0,0,,0,00U,"TABLE MOUNTAIN BL","RIVERVIEW TER",29.00,N,N,A,-,N,,,,,,,,,,Y,1,1,0,1,A,-,03,22350,,N,E,J,A,A,H,-,A,D,0,,,Y,,Y,,C,02,0,0,0,0,0,0,0,1,0,"- ","- ",,,BUTTE,OROVILLE,-121.55375671386719,39.520683288574219
8938946,2019,2019-12-06,0404,2019-08-02,0000,622,W,5,5,3,0404,0,0,0,,0,00W,"ORO DAM BL","VEATCH ST",598.00,E,N,A,-,N,,,162,,,,,,,Y,2,0,3,4,A,-,07,21658,A,N,A,C,A,A,H,-,A,D,0,,,,,Y,,A,07,1,1,1,0,0,0,0,0,0,"- ","- ",39.503570556640625,-121.55332946777344,BUTTE,OROVILLE,-121.55331420898438,39.503520965576172
8939146,2019,2021-05-24,0402,2019-10-26,0713,20,,6,5,5,0402,0,0,0,,0,001,"RT 32","MAIN ST",15.00,E,N,A,-,Y,BUT,3,32,-,-,9.081,I,5,E,N,1,1,0,2,A,-,11,21456,C,N,G,B,B,A,H,-,B,A,0,Y,,,,Y,,N,60,0,0,0,1,0,0,0,0,0,"- ","- ",,,BUTTE,CHICO,-121.83483123779297,39.725631713867188
8939411,2019,2021-05-24,0404,2019-10-25,1913,645,,5,5,3,0404,0,0,0,,0,,"OROVILLE DAM RD","12TH ST",0.00,,Y,A,-,N,,,,,,,,,,N,1,1,0,2,A,-,11,21954,A,N,G,B,D,A,H,-,D,D,0,Y,,,,Y,Y,N,60,0,0,0,1,0,0,0,0,0,"- ","- ",39.498039245605469,-121.59159088134766,BUTTE,OROVILLE,-121.59159088134766,39.498050689697266
8945996,2019,2019-10-01,0402,2019-09-12,1500,P04042,,4,5,5,0402,0,0,0,,0,002,"E 1ST ST","MAIN ST",20.00,E,N,A,-,N,,,,,,,,,,N,2,0,1,2,C,-,18,,,N,H,G,A,A,H,-,A,D,0,,Y,,,Y,Y,-,"- ",1,0,0,0,0,0,1,0,0,"- ","- ",,,BUTTE,CHICO,-121.84115600585938,39.731105804443359
8946000,2019,2019-10-01,0402,2019-09-17,1000,1240,,2,5,5,0402,0,0,0,,0,006,"EAST AV",ESPLANADE,263.00,E,N,A,-,N,,,,,,,,,,Y,2,0,1,3,A,-,09,21804,A,N,D,C,A,A,H,-,A,D,0,,,,,Y,,-,,1,0,0,0,0,0,0,0,0,"- ","- ",,,BUTTE,CHICO,-121.86066436767578,39.757164001464844
8949393,2019,2019-10-16,0405,2019-08-16,0705,WIL02,5S,5,5,4,0405,0,0,0,,0,00S,SKYWAY,"WILDWOOD LN",0.00,,Y,A,-,N,,,,,,,,,,N,2,0,1,2,A,-,11,21954,A,N,G,B,D,A,H,-,A,D,0,Y,,,,Y,,N,60,1,0,0,0,1,0,0,0,0,"- ","- ",39.757579803466797,-121.62513732910156,BUTTE,PARADISE,-121.62506866455078,39.757801055908203
8954532,2019,2019-10-14,0402,2019-09-22,0223,69,,7,5,5,0402,0,0,0,,0,002,"W 5TH ST","OAK ST",0.00,,Y,A,-,N,,,,,,,,,,Y,2,0,2,6,A,-,12,22450,A,F,D,C,A,A,H,-,C,A,0,,,,,Y,Y,A,07,1,1,0,0,0,0,0,0,0,"- ","- ",,,BUTTE,CHICO,-121.84825897216797,39.721370697021484
8959802,2019,2019-11-08,0402,2019-10-27,1159,P04042,55,7,5,5,0402,0,0,0,,0,001,ESPLANADE,"9TH AV",0.00,,Y,A,-,N,,,,,,,,,,N,2,0,2,2,A,-,12,21453,A,F,D,C,A,A,H,-,A,A,0,,,,,Y,Y,A,01,1,0,1,0,0,0,0,0,0,"- ","- ",,,BUTTE,CHICO,-121.85188293457031,39.746208190917969
8962983,2019,2019-10-28,0404,2019-09-20,2042,686,E,5,5,3,0404,0,0,0,,0,00E,"MYERS ST","CORTO ST",0.00,,Y,A,-,N,,,,,,,,,,Y,2,0,1,2,A,-,09,21801,,N,A,C,A,A,H,-,C,A,0,,,Y,,Y,,A,01,1,0,0,0,0,0,0,0,1,"- ","- ",39.500171661376953,-121.54836273193359,BUTTE,OROVILLE,-121.54843902587891,39.501209259033203
8984587,2018,2020-05-27,0403,2018-11-25,1830,P206,,7,5,2,0403,0,0,0,,0,,"RT 99","CHERRY ST",0.00,,Y,A,-,Y,BUT,3,99,-,R,3.970,H,-,S,N,2,0,1,2,A,-,00,21905,,F,A,G,B,A,H,-,C,D,0,Y,,,,Y,,-,99,1,0,0,0,1,0,0,0,0,"- ","- ",39.360908508300781,-121.68789672851562,BUTTE,GRIDLEY,-121.68789672851562,39.360969543457031
8987457,2019,2020-01-22,0402,2019-11-10,1733,56,,7,5,5,0402,0,0,0,,0,006,ESPLANADE,"WILLIAMSBURG LN",101.00,S,N,A,-,N,,,,,,,,,,Y,2,0,1,3,A,-,11,21954,A,N,D,B,D,A,H,-,C,A,0,Y,,,,Y,Y,N,60,1,0,0,0,1,0,0,0,0,"- ","- ",,,BUTTE,CHICO,-121.8563232421875,39.751598358154297
8995715,2019,2020-01-09,0402,2019-11-28,1404,P00578,,4,5,5,0402,0,0,0,,0,002,"W 5TH ST","MILLER AV",0.00,,N,A,-,N,,,,,,,,,,N,2,0,1,2,A,-,08,22107,,N,H,I,A,A,H,-,A,D,0,,,Y,,Y,,A,01,1,0,0,0,0,0,0,0,1,"- ","- ",39.718700408935547,-121.85214996337891,BUTTE,CHICO,-121.85218811035156,39.718719482421875
90017261,2015,2015-10-19,9241,2015-08-29,2200,019060,,6,3,9,0400,0,2,4,,2,071,SKYWAY,"GYPSUM ST",5280.00,N,N,A,-,N,,,,,,,,,,Y,2,0,3,1,C,-,18,,,N,E,I,A,A,H,-,D,D,0,,,,,Y,,-,"- ",3,0,0,0,0,0,0,0,0,"- ","- ",39.926699999999997,-121.53358,BUTTE,UNINCORPORATED,-121.53305638,39.925223680000002
90017278,2015,2015-10-19,9240,2015-08-29,2320,018980,,6,3,9,0400,0,3,5,,2,030,"CHEROKEE RD","OREGON GULCH RD",4752.00,N,N,A,-,N,,,,,,,,,,Y,2,0,1,1,A,-,01,23152,A,N,F,A,A,A,H,-,D,D,0,,,,,Y,Y,D,22,1,0,0,0,0,0,0,0,0,"- ","- ",39.560580000000002,-121.54779000000001,BUTTE,UNINCORPORATED,-121.54804135000001,39.560659999999999
90019953,2015,2015-10-19,9241,2015-09-10,0600,017114,,4,1,5,0402,0,1,3,,2,100,"SR-99 N/B FROM SKYWAY W/B","NOTRE DAME BLVD.",803.00,W,N,A,-,Y,,,99,,,,R,,N,Y,2,0,1,2,A,-,05,21650,,N,D,G,A,A,H,-,C,D,0,,Y,,,Y,,L,04,1,0,0,0,0,0,1,0,0,"- ","- ",39.715040000000002,-121.79821,BUTTE,CHICO,-121.79821,39.715040000000002
90032458,2015,2015-12-03,9240,2015-10-15,0715,013161,,4,1,9,0400,0,3,5,,2,030,"TABLE MTN BLVD","COTTONWOOD RD",1000.00,S,N,A,-,N,,,,,,,,,,Y,2,0,1,1,A,-,03,22350,,N,E,I,A,A,H,-,A,D,0,,,Y,,Y,,C,02,1,0,0,0,0,0,0,0,1,"- ","- ",39.55641,-121.59669,BUTTE,UNINCORPORATED,-121.59635597,39.555676499999997
90034541,2015,2015-10-20,9241,2015-10-14,1122,015529,,3,1,5,0402,0,1,3,,2,100,"SR-99 N/B","E. 20TH ST.",1690.00,N,N,A,-,Y,,,99,,,,,,N,Y,2,0,1,1,A,-,01,23152,E,N,E,I,A,A,H,-,A,D,0,,,,,Y,,A,01,1,0,0,0,0,0,0,0,0,"- ","- ",39.731349999999999,-121.81323,BUTTE,CHICO,-121.81317373,39.731396609999997
90038748,2015,2015-10-29,9241,2015-10-22,1820,018106,,4,2,9,0400,0,3,5,,2,006,"CANA HWY","HAMILTON NORD CANA HWY",2640.00,W,N,A,-,N,,,,,,,,,,Y,2,0,1,1,A,-,08,22107,,N,A,I,A,A,H,-,A,D,0,,,,,Y,,D,22,1,0,0,0,0,0,0,0,0,"- ","- ",39.840409999999999,-121.96762,BUTTE,UNINCORPORATED,-121.96629199,39.840459629999998
90045672,2015,2015-11-05,9241,2015-10-25,0315,019060,,7,3,9,0400,0,3,5,,2,006,"BAY AVE","DEAD END CT",280.00,S,N,A,-,N,,,,,,,,,,Y,2,0,1,1,A,-,01,23152,A,N,E,I,A,A,H,-,C,D,0,,,,,Y,Y,A,07,1,0,0,0,0,0,0,0,0,"- ","- ",39.761409999999998,-121.88106999999999,BUTTE,UNINCORPORATED,-121.88083972,39.761158330000001
90053591,2015,2015-11-18,9240,2015-11-09,1800,018389,,1,2,9,0400,0,1,3,,2,034,SR-149,"SHIPPEE RD",6.00,S,N,C,-,Y,,,149,,,,,,,Y,2,0,1,1,A,-,03,22350,,N,E,I,A,B,H,-,C,D,0,,,,,Y,,A,01,1,0,0,0,0,0,0,0,0,"- ","- ",39.601059999999997,-121.66236000000001,BUTTE,UNINCORPORATED,-121.66228975,39.601214120000002
90081583,2015,2015-12-23,9240,2015-12-16,1113,018796,,3,1,9,0400,0,1,3,,2,022,SR-162,"AGUAS FRIAS RD",100.00,W,N,A,-,Y,,,162,,,,,,,N,2,0,1,2,A,-,03,22350,,F,H,G,A,A,H,-,A,D,0,,Y,,,Y,,-,99,1,0,0,0,0,0,1,0,0,"- ","- ",39.464109999999998,-121.85805000000001,BUTTE,UNINCORPORATED,-121.85804982000001,39.464085969999999
90088395,2015,2016-01-05,9240,2015-12-25,2011,018967,,5,2,9,0400,0,1,3,,1,011,SR-70,"PALERMO RD",3168.00,N,N,A,-,Y,,,70,,,,,,,N,1,1,0,3,A,-,11,21954,A,N,G,B,E,A,H,-,D,D,0,Y,,,,Y,,N,60,0,0,0,1,0,0,0,0,0,"- ","- ",39.442149999999998,-121.59958,BUTTE,UNINCORPORATED,-121.59953999,39.442112250000001
90093707,2016,2016-02-18,9241,2016-01-08,0210,019043,,5,3,9,0400,0,2,4,,2,090,SKYWAY,"HONEY RUN RD",645.00,E,N,A,-,N,,,,,,,,,,Y,2,0,1,1,A,-,01,23152,A,N,E,I,A,A,H,-,D,D,0,,,,,Y,Y,A,07,1,0,0,0,0,0,0,0,0,"- ","- ",39.703980000000001,-121.77122,BUTTE,UNINCORPORATED,-121.77364727,39.709852679999997
90094878,2016,2016-01-13,9241,2016-01-09,1345,017170,,6,1,9,0400,0,3,5,,2,007,"SOUTH PARK DR","VENTURA DR",200.00,E,N,C,-,N,,,,,,,,,,Y,2,0,1,1,A,-,03,22350,,N,E,I,A,B,H,-,A,D,0,,,,,Y,,A,01,1,0,0,0,0,0,0,0,0,"- ","- ",39.80836,-121.59477,BUTTE,UNINCORPORATED,-121.59474665,39.80834669
90104448,2016,2016-01-28,9240,2016-01-13,2158,019710,,3,2,9,0400,0,3,5,,2,040,"HIDDEN SPRINGS ROAD","HORSESHOE TRL",62.00,N,N,B,-,N,,,,,,,,,,Y,2,0,2,1,A,-,01,23152,A,F,F,A,A,B,H,-,D,D,0,,,,,Y,Y,D,22,1,1,0,0,0,0,0,0,0,"- ","- ",39.625570000000003,-121.3836,BUTTE,UNINCORPORATED,-121.38355719,39.625465689999999
90112184,2016,2016-02-17,9240,2016-01-27,1747,018796,,3,2,9,0400,0,1,3,,1,011,SR-70,"LOWER HONCUT RD",4360.00,S,N,A,-,Y,,,70,,,,,,,Y,1,1,1,3,A,-,05,21650,,N,A,C,A,A,H,-,D,D,0,,,,,Y,,A,01,1,0,0,0,0,0,0,0,0,"- ","- ",39.307740000000003,-121.59545,BUTTE,UNINCORPORATED,-121.59539915000001,39.307742429999998
90116710,2016,2016-02-17,9241,2016-02-10,1205,017170,,3,1,9,0400,0,2,4,,1,087,"SEVEN MILE LN","GRAINLAND RD",1970.00,S,N,A,-,N,,,,,,,,,,Y,2,0,2,2,A,-,08,22107,,N,B,C,A,A,H,-,A,D,0,,,Y,,Y,,C,02,2,0,0,0,0,0,0,0,2,"- ","- ",39.613810000000001,-121.90964,BUTTE,UNINCORPORATED,-121.90950439,39.603880599999997
90124384,2016,2016-02-26,9240,2016-02-10,0340,019784,,3,3,9,0400,0,3,5,,2,010,"ORO BANGOR HWY","V-6 RD",469.00,N,N,A,-,N,,,,,,,,,,N,2,0,1,2,A,-,11,21956,,F,G,B,E,A,H,-,D,D,0,Y,,,,Y,,N,60,1,0,0,0,1,0,0,0,0,"- ","- ",39.489109999999997,-121.53700000000001,BUTTE,UNINCORPORATED,-121.53660893,39.488877619999997
9012775,2019,2020-06-15,0402,2019-12-03,1713,P03183,101,2,5,5,0402,0,0,0,,0,002,"WALNUT ST","W 3RD ST",0.00,,Y,D,G,Y,BUT,3,32,-,R,8.496,I,5,W,N,2,0,1,2,A,-,11,21453,D,F,G,B,B,B,H,-,C,A,0,Y,,,,Y,,N,60,1,0,0,0,1,0,0,0,0,"- ","- ",39.723491668701172,-121.84889984130859,BUTTE,CHICO,-121.84886932373047,39.723396301269531
90134191,2016,2016-03-10,9240,2016-03-08,1810,018841,,2,2,9,0400,0,3,5,,2,040,"BALD ROCK RD","BROMILLOW LN",250.00,E,N,A,-,N,,,,,,,,,,N,2,0,1,1,C,-,18,,,N,H,H,A,A,H,-,D,D,0,,,Y,,Y,,-,"- ",1,0,0,0,0,0,0,0,1,"- ","- ",39.633189999999999,-121.39928,BUTTE,UNINCORPORATED,-121.39892707,39.632741070000002
90141198,2016,2016-03-22,9241,2016-03-12,2340,019043,,6,3,9,0400,0,1,3,,1,061,SR-99,"CANA HWY",2640.00,N,N,B,C,Y,,,99,,,,,,,N,2,0,1,2,A,-,11,21954,A,N,G,B,E,B,H,-,D,D,0,Y,,,,Y,Y,N,60,1,0,0,0,1,0,0,0,0,"- ","- ",39.846290000000003,-121.9461,BUTTE,UNINCORPORATED,-121.94603857,39.846348069999998
90152842,2016,2016-04-07,9240,2016-04-05,0125,018841,,2,3,9,0400,0,1,3,,2,041,"SR-162 (OLIVE HWY)","CANYON DR",0.00,,Y,A,-,Y,,,162,,,,,,,Y,2,0,1,1,A,-,01,23152,A,N,E,I,A,A,H,-,D,D,0,,,,,Y,Y,A,07,1,0,0,0,0,0,0,0,0,"- ","- ",39.51164,-121.48506999999999,BUTTE,UNINCORPORATED,-121.48506595000001,39.511631510000001
90162577,2016,2016-04-21,9241,2016-04-09,0120,019060,,6,3,5,0402,0,1,A,,2,751,"FAIR STREET (SILVER DOLLAR RACETRACK)","E. PARK AVENUE",335.00,N,N,B,-,N,,,,,,,,,,N,2,0,2,1,A,-,01,23152,A,N,F,A,A,A,A,B,D,D,0,,,Y,,Y,Y,C,06,2,0,0,0,0,0,0,0,2,"- ","- ",39.715780000000002,-121.81010000000001,BUTTE,CHICO,-121.81340281999999,39.714966490000002
90164554,2016,2016-04-25,9240,2016-04-07,1355,013161,,4,1,9,0400,0,1,3,,2,041,SR-162,"FOREMAN CREEK RD",0.00,,Y,A,-,Y,,,162,,,,,,,Y,1,1,0,2,A,-,09,21801,A,N,D,C,A,A,H,-,A,D,0,,,Y,,Y,,A,07,0,0,0,0,0,0,0,1,0,"- ","- ",39.59413,-121.44486999999999,BUTTE,UNINCORPORATED,-121.44483786000001,39.594148310000001
90167756,2016,2016-04-28,9240,2016-04-21,1755,018876,,4,2,9,0400,0,1,3,,1,021,SR-99,"NIELSON AVE",360.00,S,N,A,-,Y,,,,,,,,,,N,2,0,1,2,A,-,08,22107,,N,H,G,A,A,H,-,A,D,0,,Y,,,Y,,L,04,1,0,0,0,0,0,1,0,0,"- ","- ",39.340559999999996,-121.68333,BUTTE,UNINCORPORATED,-121.68527589,39.340347889999997
90181397,2016,2016-05-17,9241,2016-05-11,1840,015794,,3,2,9,0400,0,2,4,,2,084,"CHICO RIVER RD","ROSE AVE",200.00,W,N,A,-,N,,,,,,,,,,N,2,0,4,4,A,-,08,22107,,N,F,A,A,A,H,-,A,D,0,,Y,,,Y,,L,04,2,2,0,0,0,0,4,0,0,"- ","- ",39.717210000000001,-121.86211,BUTTE,UNINCORPORATED,-121.86218144999999,39.717199690000001
90185539,2016,2016-05-23,9240,2016-05-17,1913,019435,,2,2,9,0400,0,1,3,,2,041,"ORO QUINCY HWY","US FOREST SERVICE ROAD 23N15",205.00,W,N,A,-,Y,,,,,,,,,,Y,2,0,2,1,A,-,01,23153,A,N,E,I,A,A,H,-,A,D,0,,,,,Y,Y,A,01,1,1,0,0,0,0,0,0,0,"- ","- ",39.765389999999996,-121.30710999999999,BUTTE,UNINCORPORATED,,
90191645,2016,2016-05-31,9240,2016-05-05,1610,018876,,4,2,9,0400,0,3,5,,2,010,"LOWER WYANDOTTE RD","DISTRICT CENTER DR",200.00,E,N,B,-,N,,,,,,,,,,Y,1,1,0,1,A,-,01,23152,E,N,E,I,A,A,H,-,A,D,0,,,,,Y,,D,22,0,0,0,0,0,0,0,0,0,"- ","- ",39.457810000000002,-121.48943,BUTTE,UNINCORPORATED,-121.48935813,39.457961869999998
90196092,2016,2016-07-18,9241,2016-05-20,2150,019060,,5,2,9,0400,0,3,5,,2,006,"MERIDIAN RD","KANSAS LN",49.00,E,N,B,C,N,,,,,,,,,,Y,1,1,0,1,A,-,01,23152,A,N,E,I,A,B,H,-,D,D,0,,,Y,,Y,Y,C,02,0,0,0,0,0,0,0,1,0,"- ","- ",39.823450000000001,-121.91974,BUTTE,UNINCORPORATED,-121.91949124999999,39.823318749999999
90212327,2016,2016-06-29,9241,2016-06-16,0620,017170,,4,1,9,0400,0,3,5,,2,006,"MERIDIAN RD","BELL RD.",0.00,,Y,A,-,N,,,,,,,,,,Y,2,0,2,2,A,-,21,22106,,N,D,C,A,A,H,-,A,A,0,,,,,Y,,A,01,1,0,1,0,0,0,0,0,0,"- ","- ",39.760669999999998,-121.91922,BUTTE,UNINCORPORATED,-121.91914998999999,39.760649899999997
90218400,2016,2016-07-07,9240,2016-07-03,1225,019055,,7,1,9,0400,0,1,3,,2,041,"SR-162 (ORO-QUINCY HIGHWAY)","FRENCH CREEK RD",4224.00,E,N,A,-,Y,,,,,,,,,,Y,2,0,1,1,A,-,08,22107,,N,E,J,A,A,H,-,A,D,0,,,Y,,Y,,C,02,1,0,0,0,0,0,0,0,1,"- ","- ",39.688160000000003,-121.34662,BUTTE,UNINCORPORATED,,
90242941,2016,2016-08-11,9240,2016-07-09,1327,017532,,6,1,9,0400,0,1,3,,1,011,SR-70,"MIDDLE HONCUT RD.",470.00,S,N,A,-,Y,,,70,,,,,,,Y,1,2,5,3,A,-,01,23152,E,N,A,C,A,A,H,-,A,D,0,,,,,Y,,A,01,0,1,4,0,0,0,0,0,0,"- ","- ",39.33381,-121.59782,BUTTE,UNINCORPORATED,-121.59791097,39.333796769999999
90260994,2016,2016-09-05,9240,2016-08-12,2030,019055,,5,2,9,0400,0,3,5,,2,030,"GRAND AVENUE","TEHAMA AVENUE",0.00,,Y,A,-,N,,,,,,,,,,Y,2,0,1,2,A,-,09,21804,A,F,D,C,A,A,H,-,C,D,0,,,,,Y,Y,A,01,1,0,0,0,0,0,0,0,0,"- ","- ",39.515389999999996,-121.58351999999999,BUTTE,UNINCORPORATED,-121.58352997,39.515379930000002
90264202,2016,2016-09-08,9241,2016-08-26,0935,017170,,5,1,5,0402,0,1,3,,2,100,"SR-32 TO SR-99 S/B","SR-32 E/B",528.00,S,N,A,-,Y,,,32,,,,R,,,Y,2,0,1,2,A,-,03,22350,,N,C,C,A,A,H,-,A,D,0,,,Y,,Y,,C,02,1,0,0,0,0,0,0,0,1,"- ","- ",39.734949999999998,-121.81787,BUTTE,CHICO,-121.81787,39.734949999999998
90279107,2016,2016-09-29,9240,2016-09-07,2126,018046,,3,2,9,0400,0,3,5,,2,010,"LINCOLN BLVD","OPHIR ROAD",770.00,S,N,A,-,N,,,,,,,,,,N,1,1,0,2,A,-,11,21954,A,N,G,B,E,A,H,-,C,D,0,Y,,,,Y,,N,60,0,0,0,1,0,0,0,0,0,"- ","- ",39.464779999999998,-121.54935999999999,BUTTE,UNINCORPORATED,-121.54937,39.463685730000002
90282118,2016,2016-10-03,9240,2016-09-16,1947,018389,,5,2,9,0400,0,3,5,,2,010,"UPPER PALERMO RD","MESSINA AVE",367.00,N,N,A,-,N,,,,,,,,,,Y,2,0,1,2,A,-,14,38335,,N,D,C,A,A,H,-,D,D,0,,,Y,,Y,,C,02,1,0,0,0,0,0,0,0,1,"- ","- ",39.443129999999996,-121.53775,BUTTE,UNINCORPORATED,-121.53774453,39.443097690000002
90282523,2016,2016-10-03,9241,2016-09-23,2000,016360,,5,2,9,0400,0,1,3,,2,081,SR-99,"ESTATES DR",0.30,N,N,A,-,Y,,,99,,,,,,,Y,2,0,1,2,A,-,21,22106,,N,D,G,A,A,H,-,D,D,0,,Y,,,Y,,L,04,1,0,0,0,0,0,1,0,0,"- ","- ",39.693539999999999,-121.77825,BUTTE,UNINCORPORATED,-121.77790389,39.693927340000002
90287958,2016,2016-10-10,9241,2016-09-30,2300,018578,,5,3,9,0400,0,2,4,,2,084,"CHICO RIVER ROAD","NORTHGRAVES AVE",0.00,,Y,A,-,N,,,,,,,,,,N,2,0,1,2,A,-,11,21954,A,N,G,B,E,A,H,-,D,D,0,Y,,,,Y,Y,N,60,1,0,0,0,1,0,0,0,0,"- ","- ",39.718040000000002,-121.85518,BUTTE,UNINCORPORATED,-121.85519997,39.718129900000001
90308280,2016,2016-11-01,9241,2016-10-28,1720,016360,,5,2,9,0400,0,1,3,,2,080,"SR-32 E/B","PRIVATE DRIVEWAY 5399 SR 32",15.00,E,N,B,C,Y,,,32,,,,,,E,Y,2,0,2,1,A,-,08,22107,,N,F,A,A,B,H,-,A,D,0,,,,,Y,,D,22,1,1,0,0,0,0,0,0,0,"- ","- ",39.752409999999998,-121.99132,BUTTE,UNINCORPORATED,-121.99131869999999,39.752462899999998
90308649,2016,2016-11-01,9240,2016-10-30,0158,018841,,7,3,9,0400,0,3,5,,2,010,"FOOTHILL BLVD","ORO BANGOR HWY",22.00,N,N,A,-,N,,,,,,,,,,Y,2,0,3,1,A,-,01,23152,A,N,E,I,A,A,H,-,D,D,0,,,,,Y,Y,A,01,3,0,0,0,0,0,0,0,0,"- ","- ",39.482939999999999,-121.50431,BUTTE,UNINCORPORATED,-121.50711805,39.485236409999999
90315650,2016,2016-11-09,9240,2016-10-27,1635,019653,,4,2,9,0400,0,3,5,,2,010,"LOWER WYANDOTTE RD","DISTRICT CENTER DR",100.00,E,N,B,C,N,,,,,,,,,,Y,2,0,4,2,A,-,05,21460,A,N,A,C,A,B,H,-,A,D,0,,,,,Y,,A,01,1,1,2,0,0,0,0,0,0,"- ","- ",39.457709999999999,-121.48963000000001,BUTTE,UNINCORPORATED,-121.48958857,39.457753410000002
90319167,2016,2016-11-28,9241,2016-10-21,0200,016609,,5,3,9,0400,0,2,4,,2,064,"E/B NORD HWY",ESPLANADE,2640.00,W,N,A,-,Y,,,,,,,,,,Y,1,2,0,1,A,-,08,22107,,N,E,I,A,A,H,-,D,D,0,,,,,Y,,D,22,0,0,0,0,0,0,0,0,0,"- ","- ",39.776130000000002,-121.89216,BUTTE,UNINCORPORATED,,
9032354,2019,2020-02-19,0402,2019-12-11,1700,53,,3,5,5,0402,0,0,0,,0,001,"W LINDO AV","TRENTA DR",0.00,,Y,B,C,N,,,,,,,,,,N,2,0,1,2,D,-,00,,,N,A,G,A,B,H,-,B,A,0,,Y,,,Y,,-,"- ",1,0,0,0,0,0,1,0,0,"- ","- ",,,BUTTE,CHICO,-121.87831115722656,39.742931365966797
90345697,2016,2016-12-15,9241,2016-12-06,2300,016120,,2,3,9,0400,0,2,4,,2,096,"HONEYRUN RD",SKYWAY,2640.00,E,N,A,-,N,,,,,,,,,,Y,2,0,1,1,A,-,08,22107,,N,E,I,A,A,H,-,D,D,0,,,,,Y,,A,01,1,0,0,0,0,0,0,0,0,"- ","- ",39.710639999999998,-121.76513,BUTTE,UNINCORPORATED,-121.76537138,39.710763249999999
90353754,2016,2016-12-27,9240,2016-12-12,1810,018980,,1,2,9,0400,0,3,5,,2,010,"LOWER WYANDOTTE RD","FOOTHILL BLVD",109.00,W,N,A,-,N,,,,,,,,,,Y,2,0,1,1,A,-,01,23152,A,N,E,I,A,B,H,-,D,D,0,,,,,Y,Y,A,07,1,0,0,0,0,0,0,0,0,"- ","- ",39.462719999999997,-121.48166000000001,BUTTE,UNINCORPORATED,-121.48143267,39.462775780000001
90362569,2016,2017-01-05,9241,2016-12-26,1110,013966,,1,1,5,0402,0,1,3,,2,100,"STATE ROUTE 99 N/B","E. FIRST AVE.",800.00,S,N,A,-,Y,,,99,,,,,,N,Y,2,0,2,1,A,-,08,22107,,N,E,I,A,A,H,-,A,D,0,,,,,Y,,D,22,1,1,0,0,0,0,0,0,0,"- ","- ",39.744370000000004,-121.8304,BUTTE,CHICO,-121.83029612,39.744517119999998