CASE_ID,ACCIDENT_YEAR,PROC_DATE,JURIS,COLLISION_DATE,COLLISION_TIME,OFFICER_ID,REPORTING_DISTRICT,DAY_OF_WEEK,CHP_SHIFT,POPULATION,CNTY_CITY_LOC,SPECIAL_COND,BEAT_TYPE,CHP_BEAT_TYPE,CITY_DIVISION_LAPD,CHP_BEAT_CLASS,BEAT_NUMBER,PRIMARY_RD,SECONDARY_RD,DISTANCE,DIRECTION,INTERSECTION,WEATHER_1,WEATHER_2,STATE_HWY_IND,CALTRANS_COUNTY,CALTRANS_DISTRICT,STATE_ROUTE,ROUTE_SUFFIX,POSTMILE_PREFIX,POSTMILE,LOCATION_TYPE,RAMP_INTERSECTION,SIDE_OF_HWY,TOW_AWAY,COLLISION_SEVERITY,NUMBER_KILLED,NUMBER_INJURED,PARTY_COUNT,PRIMARY_COLL_FACTOR,PCF_CODE_OF_VIOL,PCF_VIOL_CATEGORY,PCF_VIOLATION,PCF_VIOL_SUBSECTION,HIT_AND_RUN,TYPE_OF_COLLISION,MVIW,PED_ACTION,ROAD_SURFACE,ROAD_COND_1,ROAD_COND_2,LIGHTING,CONTROL_DEVICE,CHP_ROAD_TYPE,PEDESTRIAN_ACCIDENT,BICYCLE_ACCIDENT,MOTORCYCLE_ACCIDENT,TRUCK_ACCIDENT,NOT_PRIVATE_PROPERTY,ALCOHOL_INVOLVED,STWD_VEHTYPE_AT_FAULT,CHP_VEHTYPE_AT_FAULT,COUNT_SEVERE_INJ,COUNT_VISIBLE_INJ,COUNT_COMPLAINT_PAIN,COUNT_PED_KILLED,COUNT_PED_INJURED,COUNT_BICYCLIST_KILLED,COUNT_BICYCLIST_INJURED,COUNT_MC_KILLED,COUNT_MC_INJURED,PRIMARY_RAMP,SECONDARY_RAMP,LATITUDE,LONGITUDE,COUNTY,CITY,POINT_X,POINT_Y
90362654,2016,2017-01-05,9241,2016-12-24,1415,016555,,6,2,9,0400,0,1,3,,1,060,SR-32,"HARDY HILL ROAD",8976.00,E,N,B,-,Y,,,32,,,,,,,Y,2,0,1,1,A,-,03,22350,,N,F,A,A,C,H,-,A,D,0,,,,,Y,,A,07,1,0,0,0,0,0,0,0,0,"- ","- ",39.956249999999997,-121.64699,BUTTE,UNINCORPORATED,-121.64699976999999,39.956315799999999
90389011,2017,2017-02-23,9240,2017-01-28,0335,019653,,6,3,9,0400,0,1,3,,1,011,"SR-70 W/B","OPHIR RD",2112.00,N,N,A,-,Y,,,70,,,,,,W,Y,2,0,2,1,A,-,01,23152,A,N,F,A,A,A,H,-,D,D,0,,,,,Y,Y,A,01,2,0,0,0,0,0,0,0,0,"- ","- ",39.468139999999998,-121.57626999999999,BUTTE,UNINCORPORATED,-121.57620141,39.468120740000003
90390550,2017,2017-03-13,9285,2017-01-22,1635,018986,,7,2,9,0400,0,2,4,,2,082,"FORBESTOWN RD",MALLORY,1065.00,E,N,D,-,N,,,,,,,,,,Y,1,1,2,2,A,-,05,21460,A,N,A,C,A,C,H,-,B,D,0,,,,,Y,,D,22,0,0,2,0,0,0,0,0,0,"- ","- ",39.524169999999998,-121.28143,BUTTE,UNINCORPORATED,-121.28567454,39.52799401
90422389,2017,2017-03-28,9241,2017-03-13,1840,016246,,1,2,9,0400,0,2,4,,2,063,"COHASSET ROAD","VILAS ROAD",324.00,N,N,A,-,N,,,,,,,,,,Y,2,0,2,1,A,-,08,22107,,N,F,A,A,A,H,-,A,D,0,,,Y,,Y,,C,02,2,0,0,0,0,0,0,0,2,"- ","- ",39.535899999999998,-121.44329999999999,BUTTE,UNINCORPORATED,-121.74249506,39.899886330000001
90430023,2017,2017-04-07,9240,2017-04-02,1630,018967,,7,2,9,0400,0,1,3,,2,032,SR-70,"POE POWER HOUSE",4752.00,E,N,A,-,Y,,,,,,,,,,Y,2,0,1,1,A,-,08,22107,,N,F,A,A,A,C,-,A,D,0,,,Y,,Y,,C,02,1,0,0,0,0,0,0,0,1,"- ","- ",39.819479999999999,-121.42516999999999,BUTTE,UNINCORPORATED,,
90436124,2017,2017-04-17,9241,2017-04-06,1140,017170,,4,1,9,0400,0,3,5,,2,007,"WYCLIFF WAY","CRESTON RD",2112.00,N,N,C,-,N,,,,,,,,,,Y,2,0,1,1,A,-,08,22107,,N,E,I,A,B,H,-,A,D,0,,,,,Y,,A,07,1,0,0,0,0,0,0,0,0,"- ","- ",39.821069999999999,-121.60375000000001,BUTTE,UNINCORPORATED,-121.60538183,39.824500880000002
90436867,2017,2017-04-18,9241,2017-04-08,1655,019006,,6,2,9,0400,0,3,5,,2,007,"DOGTOWN ROAD",SKYWAY,1584.00,N,N,C,-,N,,,,,,,,,,Y,2,0,1,1,A,-,08,22107,,N,E,I,A,B,H,-,A,D,0,,,,,Y,,A,01,1,0,0,0,0,0,0,0,0,"- ","- ",39.819200000000002,-121.5873,BUTTE,UNINCORPORATED,-121.59340023999999,39.827454899999999
90454155,2017,2017-05-11,9241,2017-05-08,1840,016831,,1,2,9,0400,0,2,4,,2,095,"DURHAM-PENTZ RD","PENTZ RD",1200.00,W,N,A,-,N,,,,,,,,,,Y,2,0,1,1,A,-,01,23152,,N,E,I,A,A,H,-,A,D,0,,,,,Y,Y,D,22,1,0,0,0,0,0,0,0,0,"- ","- ",39.65522,-121.5684,BUTTE,UNINCORPORATED,-121.56906838,39.655482509999999
90472021,2017,2017-06-06,9241,2017-05-30,1349,015529,,2,1,9,0400,0,2,4,,2,090,"SKYWAY W/B","SPANISH GARDEN DR",2112.00,E,N,A,-,N,,,,,,,,,,Y,2,0,2,1,A,-,01,23152,A,N,E,I,A,A,H,-,A,D,0,,,,,Y,Y,D,22,2,0,0,0,0,0,0,0,0,"- ","- ",39.703539999999997,-121.75129,BUTTE,UNINCORPORATED,-121.75094264000001,39.703556740000003
90473765,2017,2017-06-08,9241,2017-06-02,1055,017114,,5,1,9,0400,0,2,4,,2,097,"CENTERVILLE RD.","QUAIL RUN CT.",528.00,E,N,A,-,N,,,,,,,,,,N,2,0,1,1,A,-,08,22107,,N,E,I,A,A,H,-,A,D,0,,,Y,,Y,,C,02,1,0,0,0,0,0,0,0,1,"- ","- ",39.767960000000002,-121.67480999999999,BUTTE,UNINCORPORATED,-121.67489,39.765259999999998
90477741,2017,2017-06-14,9240,2017-06-08,0350,019085,,4,3,9,0400,0,3,5,,2,010,"ORO BANGOR HWY","V-7 RD",330.00,W,N,B,-,N,,,,,,,,,,N,2,0,1,1,A,-,01,23152,A,M,E,I,A,A,H,-,D,D,0,,,,,Y,Y,A,01,1,0,0,0,0,0,0,0,0,"- ","- ",39.492489999999997,-121.53882,BUTTE,UNINCORPORATED,-121.53870642,39.492344760000002
90481160,2017,2017-06-19,9240,2017-05-31,1840,018389,,3,2,9,0400,0,3,5,,2,010,"BALD ROCK RD","ORO QUINCY HWY",938.00,E,N,A,-,N,,,,,,,,,,Y,2,0,1,1,A,-,01,23152,A,N,E,I,A,A,H,-,A,D,0,,,Y,,Y,Y,C,02,1,0,0,0,0,0,0,0,1,"- ","- ",39.647320000000001,-121.42457,BUTTE,UNINCORPORATED,-121.42432485,39.647254320000002
90492503,2017,2017-07-03,9241,2017-06-19,0230,019043,,1,3,9,0400,0,3,5,,2,006,"EAST AVE","NORD AVE",136.00,E,N,A,-,N,,,,,,,,,,Y,2,0,1,1,A,-,08,22107,,N,E,I,A,A,H,-,D,D,0,,,,,Y,,A,07,1,0,0,0,0,0,0,0,0,"- ","- ",39.744120000000002,-121.88191,BUTTE,UNINCORPORATED,-121.88148394,39.744476059999997
90503051,2017,2017-07-18,9241,2017-07-04,0210,016120,,2,3,9,0400,0,1,3,,2,081,"SR-99 N/B","NEAL RD",610.00,N,N,A,-,Y,,,99,,,,,,N,Y,2,0,2,2,A,-,11,21956,,N,G,B,E,A,H,-,D,D,0,Y,,,,Y,,N,60,1,1,0,0,1,0,0,0,0,"- ","- ",39.667079999999999,-121.74547,BUTTE,UNINCORPORATED,-121.74545479,39.66709994
90507540,2017,2017-07-26,9240,2017-05-19,1907,019435,,5,2,9,0400,0,1,3,,1,021,SR-99,"E. BIGGS ROAD",1584.00,S,N,A,-,Y,,,99,,,,,,,Y,1,1,0,2,A,-,01,23152,A,N,A,C,A,A,H,-,A,D,0,,,,,Y,Y,D,22,0,0,0,0,0,0,0,0,0,"- ","- ",39.410530000000001,-121.68810000000001,BUTTE,UNINCORPORATED,-121.68807013999999,39.410530970000003
90526897,2017,2017-08-21,9240,2017-08-18,0640,013161,,5,1,9,0400,0,3,5,,2,030,"CHEROKEE RD","VINTON GULCH",1000.00,S,N,A,-,N,,,,,,,,,,N,2,0,1,1,A,-,03,22350,,N,E,I,A,A,H,-,B,D,0,,,Y,,Y,,C,02,1,0,0,0,0,0,0,0,1,"- ","- ",39.6464,-121.54875,BUTTE,UNINCORPORATED,-121.5485393,39.646216690000003
90528158,2017,2017-08-22,9240,2017-07-30,2204,019060,,7,3,9,0400,0,3,5,,2,010,"FOOTHILL BLVD","DUNSTONE DR",256.00,W,N,A,-,N,,,,,,,,,,Y,2,0,1,2,A,-,05,21460,A,N,A,C,A,A,H,-,D,D,0,,,Y,,Y,,C,02,1,0,0,0,0,0,0,0,1,"- ","- ",39.457889999999999,-121.46814000000001,BUTTE,UNINCORPORATED,-121.46811547999999,39.4579126
90551023,2017,2017-09-19,9240,2017-07-14,1905,019055,,5,2,9,0400,0,3,5,,2,020,"RIO BONITO ROAD","SMITH ROAD",104.00,W,N,A,-,N,,,,,,,,,,Y,2,0,3,1,A,-,08,22107,,N,F,A,A,A,H,-,A,D,0,,,,,Y,,D,22,1,2,0,0,0,0,0,0,0,"- ","- ",39.42521,-121.62991,BUTTE,UNINCORPORATED,-121.69335814,39.425143599999998
90551093,2017,2017-09-19,9240,2017-08-13,2258,019055,,7,3,9,0400,0,3,5,,2,010,"MELVINA AVENUE","WILLIAMS AVENUE",156.00,S,N,A,-,N,,,,,,,,,,N,2,0,1,2,A,-,03,22350,,F,G,B,E,A,H,-,D,D,0,Y,,,,Y,,A,01,1,0,0,0,1,0,0,0,0,"- ","- ",39.432609999999997,-121.5472,BUTTE,UNINCORPORATED,-121.54720857,39.43265169
90551614,2017,2017-09-21,9240,2017-06-01,2135,018876,,4,2,9,0400,0,1,3,,2,031,"SR-70 E/B","ORO DAM BLVD",1096.00,N,N,A,-,Y,,,,,,,,,,Y,1,1,0,1,A,-,01,23152,G,N,E,I,A,A,H,-,C,D,0,,,,,Y,Y,A,07,0,0,0,0,0,0,0,0,0,"- ","- ",39.501060000000003,-121.57473,BUTTE,UNINCORPORATED,,
90555964,2017,2017-10-02,9240,2017-07-27,2120,019055,,4,2,9,0400,0,3,5,,2,010,"FEATHER RIVER BLVD","GEORGIA PACIFIC WAY",761.00,S,N,A,-,N,,,,,,,,,,Y,1,1,0,2,A,-,05,21650,,N,H,G,A,A,H,-,D,D,0,,Y,,,Y,Y,L,04,0,0,0,0,0,1,0,0,0,"- ","- ",39.475409999999997,-121.57523999999999,BUTTE,UNINCORPORATED,-121.57524433,39.475357010000003
90560578,2017,2017-10-02,9240,2017-09-02,1223,019435,,6,1,9,0400,0,1,3,,1,011,SR-70,"PALERMO RD",0.00,,Y,A,-,Y,,,,,,,,,,Y,2,0,6,2,A,-,09,21802,A,N,D,C,A,A,H,-,A,A,0,,,,,Y,,A,01,1,1,4,0,0,0,0,0,0,"- ","- ",39.521430000000002,-121.57147000000001,BUTTE,UNINCORPORATED,-121.60511995,39.433539949999997
90568217,2017,2017-10-11,9240,2017-09-29,1700,019842,,5,2,9,0400,0,1,3,,2,032,SR-70,"FOUR TREES ROAD",8976.00,N,N,B,-,Y,,,70,,,,,,,Y,2,0,1,1,A,-,01,23152,A,N,E,I,A,A,H,-,A,D,0,,,,,Y,Y,A,01,1,0,0,0,0,0,0,0,0,"- ","- ",39.807600000000001,-121.4355,BUTTE,UNINCORPORATED,-121.43548758999999,39.80758943
90568985,2017,2017-10-12,9241,2017-10-06,1645,017170,,5,2,9,0400,0,1,3,,2,080,SR-32,"RIVER RD",500.00,E,N,A,-,Y,,,32,,,,,,,Y,2,0,4,3,A,-,08,22107,,N,B,C,A,A,H,-,A,D,0,,,,,Y,,A,01,1,3,0,0,0,0,0,0,0,"- ","- ",39.753250000000001,-121.96352,BUTTE,UNINCORPORATED,-121.96351994,39.753315360000002
90570406,2017,2017-10-16,9240,2017-10-07,1240,013161,,6,1,9,0400,0,3,5,,2,020,"E. GRIDLEY RD.","KIRK RD",2.00,E,N,A,-,N,,,,,,,,,,Y,2,0,3,3,C,-,18,,,N,F,A,A,D,H,-,A,D,0,,,Y,,Y,,-,"- ",1,2,0,0,0,0,0,0,3,"- ","- ",39.363689999999998,-121.65039,BUTTE,UNINCORPORATED,-121.6505334,39.36365198
90572718,2017,2017-10-18,9240,2017-09-03,1510,018876,,7,2,9,0400,0,3,5,,2,010,"FOOTHILL BLVD","ORO BANGOR HWY",280.00,N,N,A,-,N,,,,,,,,,,Y,2,0,2,3,A,-,08,22107,,N,E,I,F,A,H,-,A,D,0,Y,,,,Y,,A,01,1,1,0,0,1,0,0,0,0,"- ","- ",39.483530000000002,-121.50497,BUTTE,UNINCORPORATED,-121.50770545,39.48578912
90577255,2017,2017-10-24,9241,2017-10-22,1805,018454,,7,2,9,0400,0,1,3,,1,060,"SR-32 W/B","HAMILTON NORD CANA HWY",1056.00,W,N,A,-,Y,,,32,,,,,,W,N,2,0,1,1,C,-,18,,,N,E,H,A,A,H,-,A,D,0,,,,,Y,,-,"- ",1,0,0,0,0,0,0,0,0,"- ","- ",39.753340000000001,-121.96001,BUTTE,UNINCORPORATED,-121.96000992,39.753318729999997
90585856,2017,2017-11-02,9241,2017-10-22,0155,019931,,7,3,9,0400,0,2,4,,2,090,SKYWAY,"MEDIA WAY",1056.00,E,N,A,-,N,,,,,,,,,,Y,2,0,1,1,A,-,08,22107,,N,F,I,A,A,H,-,D,D,0,,,Y,,Y,,C,02,1,0,0,0,0,0,0,0,1,"- ","- ",39.731499999999997,-121.67655000000001,BUTTE,UNINCORPORATED,-121.67740511,39.7312583
90593953,2017,2017-12-19,9240,2017-09-12,1543,018980,,2,2,9,0400,0,1,3,,2,041,SR-162,"KELLY RIDGE RD",0.00,,Y,A,-,Y,,,162,,,,,,,Y,1,1,1,2,A,-,09,21453,C,N,A,C,A,A,H,-,A,A,0,,,,,Y,Y,A,07,0,1,0,0,0,0,0,0,0,"- ","- ",39.503729999999997,-121.45985,BUTTE,UNINCORPORATED,-121.45985715,39.503690489999997
90598224,2017,2017-11-20,9241,2017-11-11,1530,017170,,6,2,9,0400,0,2,4,,2,094,"PENTZ RD","PIONEER TRL",1320.00,N,N,A,-,N,,,,,,,,,,Y,2,0,1,1,C,-,18,,,N,F,A,A,A,H,-,A,D,0,,,,,Y,,-,"- ",1,0,0,0,0,0,0,0,0,"- ","- ",39.706479999999999,-121.57496,BUTTE,UNINCORPORATED,-121.57528391,39.707421549999999
90608971,2017,2017-12-04,9240,2017-08-08,0548,017532,,2,3,9,0400,0,1,3,,1,011,SR-70,"OPHIR RD.",8765.00,S,N,A,-,Y,,,70,,,,,,,Y,1,2,0,3,A,-,01,23152,F,N,A,C,A,A,H,-,B,D,0,,,,,Y,,A,01,0,0,0,0,0,0,0,0,0,"- ","- ",39.444459999999999,-121.59735999999999,BUTTE,UNINCORPORATED,-121.59734211999999,39.44444317
90609802,2017,2017-12-04,9240,2017-11-11,1715,018808,,6,2,9,0400,0,1,3,,1,011,SR-70,"OLD STATE HIGHWAY",5808.00,N,N,A,-,Y,,,,,,,,,,Y,2,0,3,1,A,-,08,22107,,F,E,I,A,A,H,-,D,D,0,,,,,Y,,A,01,1,2,0,0,0,0,0,0,0,"- ","- ",39.314279999999997,-121.59464,BUTTE,UNINCORPORATED,,
90611361,2017,2017-12-06,9241,2017-11-30,1850,018578,,4,2,9,0400,0,2,4,,2,097,"CENTERVILLE RD","HONEY RUN RD",10560.00,N,N,A,-,N,,,,,,,,,,Y,2,0,1,1,A,-,08,22107,,N,E,I,A,A,H,-,D,D,0,,,,,Y,,A,07,1,0,0,0,0,0,0,0,0,"- ","- ",39.751649999999998,-121.68198,BUTTE,UNINCORPORATED,-121.68338971999999,39.750443079999997
90617922,2017,2018-02-14,9241,2017-12-08,0416,019931,,5,3,9,0400,0,2,4,,2,090,SKYWAY,"SKYWAY CROSSROAD RD.",3168.00,W,N,A,-,N,,,,,,,,,,Y,1,1,0,1,A,-,01,23152,G,N,F,I,A,A,H,-,D,D,0,,,,,Y,Y,A,07,0,0,0,0,0,0,0,0,0,"- ","- ",39.740349999999999,-121.66606,BUTTE,UNINCORPORATED,-121.66554004,39.740683169999997
90619403,2017,2017-12-18,9285,2017-12-07,1840,018986,,4,2,9,0400,0,2,4,,2,082,"LA PORTE RD","BINET RD",2112.00,W,N,A,-,N,,,,,,,,,,N,2,0,1,1,C,-,18,,,N,E,H,A,A,H,-,D,D,0,,,Y,,Y,Y,-,"- ",1,0,0,0,0,0,0,0,1,"- ","- ",39.527050000000003,-121.17937999999999,BUTTE,UNINCORPORATED,-121.17896392999999,39.527630969999997
90619438,2017,2017-12-18,9241,2017-12-09,1615,018578,,6,2,9,0400,0,3,5,,2,007,"DOGTOWN RD",SKYWAY,1500.00,S,N,A,-,N,,,,,,,,,,Y,2,0,1,1,A,-,03,22350,,N,F,A,A,A,H,-,A,D,0,,,Y,,Y,,C,02,1,0,0,0,0,0,0,0,1,"- ","- ",39.82911,-121.5946,BUTTE,UNINCORPORATED,-121.59609,39.830770000000001
90626619,2017,2017-12-26,9241,2017-12-21,1830,018578,,4,2,9,0400,0,2,4,,2,070,SKYWAY,"PENTZ RD",1056.00,E,N,A,-,N,,,,,,,,,,Y,2,0,2,2,A,-,08,22107,,N,A,C,A,A,H,-,D,D,0,,,,,Y,,A,07,1,0,1,0,0,0,0,0,0,"- ","- ",39.801870000000001,-121.5789,BUTTE,UNINCORPORATED,-121.58087999999999,39.800440000000002
90634949,2017,2018-01-08,9241,2017-12-27,1305,016414,,3,1,9,0400,0,2,4,,2,070,"COLTER WAY","KLAMATH CT",43.00,S,N,A,-,N,,,,,,,,,,N,2,0,1,2,A,-,11,21956,,N,G,B,E,A,H,-,A,D,0,Y,,,,Y,Y,N,60,1,0,0,0,1,0,0,0,0,"- ","- ",39.846760000000003,-121.60628,BUTTE,UNINCORPORATED,-121.60625804999999,39.846747890000003
90635111,2017,2018-01-08,9241,2017-04-29,2301,019006,,6,3,9,0400,0,2,4,,2,090,SKYWAY,"CLIFFHANGER RD",2640.00,W,N,A,-,N,,,,,,,,,,Y,2,0,5,7,A,-,01,23152,A,N,C,C,E,A,G,-,D,A,0,Y,,,,Y,Y,A,01,3,1,1,0,4,0,0,0,0,"- ","- ",39.733020000000003,-121.67518,BUTTE,UNINCORPORATED,-121.67515892999999,39.733016560000003
9064900,2020,2020-05-19,0404,2020-02-07,0000,622,W,5,5,3,0404,0,0,0,,0,00W,"VEATCH ST","MITCHELL AV",678.00,S,N,A,-,N,,,,,,,,,,Y,2,0,1,2,A,-,10,21950,C,N,G,B,D,A,H,-,A,D,0,Y,,,,Y,,A,01,1,0,0,0,1,0,0,0,0,"- ","- ",39.506629943847656,-121.55867004394531,BUTTE,OROVILLE,-121.55860137939453,39.504779815673828
90650092,2018,2018-01-29,9241,2018-01-18,1100,016414,,4,1,9,0400,0,2,4,,2,070,SKYWAY,"WOODWARD DR",130.00,S,N,B,C,N,,,,,,,,,,N,2,0,1,2,A,-,09,21804,A,N,D,G,A,B,H,-,A,D,0,,Y,,,Y,Y,L,04,1,0,0,0,0,0,1,0,0,"- ","- ",39.839160919189453,-121.59752655029297,BUTTE,UNINCORPORATED,-121.59757232666016,39.839122772216797
90650097,2017,2018-01-29,9240,2017-12-15,2115,019060,,5,2,9,0400,0,3,5,,2,030,"18TH ST","TEHAMA AVE",585.00,S,N,A,-,N,,,,,,,,,,Y,2,0,1,2,A,-,21,22106,,F,G,B,E,A,H,-,C,D,0,Y,,,,Y,,A,01,1,0,0,0,1,0,0,0,0,"- ","- ",39.513939999999998,-121.60458,BUTTE,UNINCORPORATED,-121.60474125,39.513803699999997
90663917,2018,2018-02-19,9240,2018-02-07,1307,018841,,3,1,9,0400,0,3,5,,2,010,"LINCOLN BLVD.","PALERMO RD.",0.00,,Y,A,-,N,,,,,,,,,,Y,2,0,1,3,A,-,01,23152,A,N,D,C,A,A,H,-,A,D,0,,,,Y,Y,Y,A,07,1,0,0,0,0,0,0,0,0,"- ","- ",39.435199737548828,-121.55142211914062,BUTTE,UNINCORPORATED,-121.55140686035156,39.435199737548828
90673287,2018,2018-03-01,9240,2018-02-14,1100,019055,,3,1,9,0400,0,3,5,,2,040,"ZINK ROAD","BALD ROCK ROAD",528.00,W,N,B,-,N,,,,,,,,,,N,2,0,1,1,A,-,03,22350,,N,E,I,A,A,H,-,A,D,0,,,,,Y,,A,07,1,0,0,0,0,0,0,0,0,"- ","- ",39.659709930419922,-121.33680725097656,BUTTE,UNINCORPORATED,-121.37017059326172,39.638908386230469
90681708,2018,2018-03-14,9241,2018-03-07,0455,017760,,3,3,9,0400,0,3,5,,2,007,"WYCLIFF WAY","RACINE CIR",90.00,N,N,A,-,N,,,,,,,,,,Y,2,0,1,1,A,-,01,23152,A,N,F,I,A,A,H,-,D,D,0,,,,,Y,Y,D,22,1,0,0,0,0,0,0,0,0,"- ","- ",39.822910308837891,-121.60566711425781,BUTTE,UNINCORPORATED,-121.60569763183594,39.823348999023438
90684540,2018,2018-03-19,9240,2018-03-09,1825,019055,,5,2,9,0400,0,3,5,,2,040,"ROYAL OAKS DRIVE","GREENBRIER DRIVE",0.00,,Y,A,-,N,,,,,,,,,,N,2,0,2,1,A,-,03,22350,,N,F,A,A,A,H,-,D,D,0,,,,,Y,,A,42,1,1,0,0,0,0,0,0,0,"- ","- ",39.529388427734375,-121.47299957275391,BUTTE,UNINCORPORATED,-121.47296905517578,39.529399871826172
90685850,2018,2018-03-20,9241,2018-03-12,2238,017760,,1,3,5,0402,0,1,3,,2,100,"SR-99 S/B","EAST AVE",0.00,,N,C,-,Y,,,99,,,,,,S,Y,2,0,1,1,A,-,08,22107,,N,E,J,A,B,H,-,D,D,0,,,,,Y,,A,01,1,0,0,0,0,0,0,0,0,"- ","- ",39.758968353271484,-121.85414886474609,BUTTE,CHICO,-121.85410308837891,39.759052276611328
9068975,2020,2020-10-13,0402,2020-04-26,2042,03272,,7,5,5,0402,0,0,0,,0,,"W 9TH ST","BROADWAY ST",0.00,,Y,A,-,N,,,,,,,,,,Y,2,0,3,2,A,-,12,21453,A,N,D,C,A,-,H,-,C,A,0,,,,,Y,,A,01,2,1,0,0,0,0,0,0,0,"- ","- ",,,BUTTE,CHICO,-121.83583,39.724930000000001
90692913,2018,2018-03-29,9240,2018-03-10,1545,019710,,6,2,9,0400,0,3,5,,2,010,"ORO BANGOR HWY","SWEDES FLAT RD",2112.00,N,N,B,-,N,,,,,,,,,,Y,2,0,2,2,A,-,01,23152,A,M,A,C,A,A,H,-,A,D,0,,,,,Y,Y,A,01,1,0,1,0,0,0,0,0,0,"- ","- ",39.446308135986328,-121.43685913085938,BUTTE,UNINCORPORATED,-121.43744659423828,39.447113037109375
90703301,2018,2018-04-11,9241,2018-04-02,0840,013966,,1,1,9,0400,0,1,3,,1,061,"STATE ROUTE 99","PINE CREEK BRIDGE",884.00,S,N,A,-,Y,,,99,,,,,,,Y,2,0,2,2,A,-,06,21750,A,N,C,C,A,A,D,-,A,A,0,,,,Y,Y,,D,22,1,0,1,0,0,0,0,0,0,"- ","- ",39.876300811767578,-121.96959686279297,BUTTE,UNINCORPORATED,-121.96956634521484,39.876316070556641
90706244,2018,2018-04-16,9241,2018-04-07,1623,017170,,6,2,9,0400,0,2,4,,2,086,"ORD FERRY RD","GLENN COUNTY LINE",1584.00,E,N,A,-,N,,,,,,,,,,Y,2,0,1,1,A,-,01,23152,A,N,E,I,A,A,H,-,A,D,0,,,,,Y,Y,A,01,1,0,0,0,0,0,0,0,0,"- ","- ",39.628570556640625,-121.98603820800781,BUTTE,UNINCORPORATED,-121.98618316650391,39.628562927246094
90706463,2018,2018-04-16,9241,2018-04-06,1450,018578,,5,2,5,0402,0,1,3,,2,100,"SR-99 S/B","GARNER LN",2400.00,S,N,C,-,Y,,,99,,,,,,S,Y,2,0,1,1,A,-,08,22107,,N,E,I,A,B,H,-,A,D,0,,,,Y,Y,,G,25,1,0,0,0,0,0,0,0,0,"- ","- ",39.783710479736328,-121.88504791259766,BUTTE,CHICO,-121.88500213623047,39.783771514892578
90715974,2018,2018-04-30,9240,2018-04-28,1045,017532,,6,1,9,0400,0,3,5,,2,030,"GRAND AVE","TEHAMA AVE",0.00,,Y,A,-,N,,,,,,,,,,Y,2,0,3,2,A,-,09,21802,A,N,D,C,A,A,H,-,A,A,0,,,,,Y,,A,01,1,1,1,0,0,0,0,0,0,"- ","- ",39.515270233154297,-121.58383178710938,BUTTE,UNINCORPORATED,-121.58352661132812,39.515380859375
9072193,2020,2020-03-30,0405,2020-02-26,1932,WOO01,5S,3,5,4,0405,0,0,0,,0,00S,"HONEY RUN RD","FRIENDLY WY",491.00,E,N,A,-,N,,,,,,,,,,Y,2,0,1,1,A,-,03,22350,,N,F,A,A,A,G,-,A,D,0,,,,,Y,,A,01,1,0,0,0,0,0,0,0,0,"- ","- ",39.754570007324219,-121.63301086425781,BUTTE,PARADISE,-121.63198852539062,39.755165100097656
90723595,2018,2018-05-10,9241,2018-04-26,0933,016148,,4,1,9,0400,0,1,3,,1,060,"SR-99 N/B",SR-32,1035.00,N,N,A,-,Y,,,,,,,,,,Y,2,0,2,3,A,-,03,22350,,N,C,C,A,A,H,-,A,D,0,,,,,Y,,D,22,1,0,1,0,0,0,0,0,0,"- ","- ",39.738819122314453,-121.82266235351562,BUTTE,UNINCORPORATED,-121.82258605957031,39.738834381103516
90725246,2018,2018-05-14,9240,2018-05-03,0930,018841,,4,1,9,0400,0,1,3,,2,041,"SR-162 (OLIVE HIGHWAY)","SKYLINE BLVD",171.00,E,N,A,-,Y,,,,,,,,,,Y,2,0,1,2,A,-,09,21804,A,N,D,C,A,A,H,-,A,D,0,,,,,Y,,D,22,1,0,0,0,0,0,0,0,0,"- ","- ",34.510330200195312,-121.48844146728516,BUTTE,UNINCORPORATED,-121.48842620849609,39.510295867919922
90730261,2018,2018-05-21,9240,2018-05-12,1815,019653,,6,2,9,0400,0,3,5,,2,010,"ORO BANGOR HWY","TERRACE LN",113.00,N,N,A,-,N,,,,,,,,,,Y,2,0,1,1,A,-,03,22350,,N,E,I,A,A,H,-,A,D,0,,,Y,,Y,,C,02,1,0,0,0,0,0,0,0,1,"- ","- ",39.479339599609375,-121.48750305175781,BUTTE,UNINCORPORATED,-121.48758697509766,39.479457855224609
90740444,2018,2018-07-05,9241,2018-03-09,1410,016414,,5,2,9,0400,0,1,3,,1,061,"RT 99","KEEFER RD",380.00,N,N,B,-,Y,,,99,,,,,,,Y,1,1,2,2,A,-,08,22107,,N,A,C,A,A,H,-,A,D,0,,,,,Y,,A,01,1,1,0,0,0,0,0,0,0,"- ","- ",39.814510345458984,-121.91864776611328,BUTTE,UNINCORPORATED,-121.91866302490234,39.814498901367188