CASE_ID,ACCIDENT_YEAR,PROC_DATE,JURIS,COLLISION_DATE,COLLISION_TIME,OFFICER_ID,REPORTING_DISTRICT,DAY_OF_WEEK,CHP_SHIFT,POPULATION,CNTY_CITY_LOC,SPECIAL_COND,BEAT_TYPE,CHP_BEAT_TYPE,CITY_DIVISION_LAPD,CHP_BEAT_CLASS,BEAT_NUMBER,PRIMARY_RD,SECONDARY_RD,DISTANCE,DIRECTION,INTERSECTION,WEATHER_1,WEATHER_2,STATE_HWY_IND,CALTRANS_COUNTY,CALTRANS_DISTRICT,STATE_ROUTE,ROUTE_SUFFIX,POSTMILE_PREFIX,POSTMILE,LOCATION_TYPE,RAMP_INTERSECTION,SIDE_OF_HWY,TOW_AWAY,COLLISION_SEVERITY,NUMBER_KILLED,NUMBER_INJURED,PARTY_COUNT,PRIMARY_COLL_FACTOR,PCF_CODE_OF_VIOL,PCF_VIOL_CATEGORY,PCF_VIOLATION,PCF_VIOL_SUBSECTION,HIT_AND_RUN,TYPE_OF_COLLISION,MVIW,PED_ACTION,ROAD_SURFACE,ROAD_COND_1,ROAD_COND_2,LIGHTING,CONTROL_DEVICE,CHP_ROAD_TYPE,PEDESTRIAN_ACCIDENT,BICYCLE_ACCIDENT,MOTORCYCLE_ACCIDENT,TRUCK_ACCIDENT,NOT_PRIVATE_PROPERTY,ALCOHOL_INVOLVED,STWD_VEHTYPE_AT_FAULT,CHP_VEHTYPE_AT_FAULT,COUNT_SEVERE_INJ,COUNT_VISIBLE_INJ,COUNT_COMPLAINT_PAIN,COUNT_PED_KILLED,COUNT_PED_INJURED,COUNT_BICYCLIST_KILLED,COUNT_BICYCLIST_INJURED,COUNT_MC_KILLED,COUNT_MC_INJURED,PRIMARY_RAMP,SECONDARY_RAMP,LATITUDE,LONGITUDE,COUNTY,CITY,POINT_X,POINT_Y
90741742,2018,2018-06-05,9241,2018-06-03,0850,013966,,7,1,9,0400,0,2,4,,2,063,"COHASSET ROAD","JACK RABBIT FLAT RD.",11616.00,S,N,A,-,N,,,,,,,,,,N,2,0,1,1,A,-,03,22350,,N,E,J,A,A,H,-,A,D,0,,Y,,,Y,,L,04,1,0,0,0,0,0,1,0,0,"- ","- ",39.85205078125,-121.80130767822266,BUTTE,UNINCORPORATED,-121.80604553222656,39.850421905517578
90746062,2018,2018-06-12,9240,2018-05-29,1924,019060,,2,2,9,0400,0,3,5,,2,010,"E. GRIDLEY ROAD",SR-70,798.00,W,N,A,-,N,,,,,,,,,,Y,2,0,2,3,A,-,03,22350,,N,C,C,A,A,H,-,A,D,0,,,Y,,Y,,E,22,1,0,1,0,0,0,0,0,1,"- ","- ",39.364509582519531,-121.61076354980469,BUTTE,UNINCORPORATED,-121.61073303222656,39.364517211914062
90747225,2018,2018-08-03,9241,2018-05-23,1315,016414,,3,1,9,0400,0,1,3,,2,080,"RT 32","ROCK CREEK BRIDGE # 12 48",208.00,W,N,A,-,Y,,,,,,,,,,Y,1,1,1,2,A,-,01,23152,A,N,A,C,A,A,H,-,A,D,0,,,,,Y,Y,A,01,1,0,0,0,0,0,0,0,0,"- ","- ",39.717700958251953,-121.95452117919922,BUTTE,UNINCORPORATED,,
90748051,2018,2018-06-14,9240,2018-05-05,2311,020170,,6,3,9,0400,0,1,3,,1,021,SR-99,"ORD RANCH RD",2591.00,N,N,A,-,Y,,,99,,,,,,,Y,1,1,2,3,A,-,01,23152,A,F,B,C,A,A,H,-,D,D,0,,,,,Y,Y,A,01,0,0,2,0,0,0,0,0,0,"- ","- ",39.385040283203125,-121.68794250488281,BUTTE,UNINCORPORATED,-121.68798065185547,39.385040283203125
90761302,2018,2018-07-02,9241,2018-06-28,1515,016360,,4,2,9,0400,0,3,5,,2,007,"COLTER WAY","DALTON WAY",0.00,,Y,A,-,N,,,,,,,,,,N,2,0,1,1,C,-,18,,,N,H,A,A,A,H,-,A,D,0,,,,,Y,,-,"- ",1,0,0,0,0,0,0,0,0,"- ","- ",39.844898223876953,-121.60611724853516,BUTTE,UNINCORPORATED,-121.60614013671875,39.845169067382812
90763075,2018,2018-07-05,9240,2018-06-20,2200,018841,,3,3,9,0400,0,3,5,,2,040,"BALD ROCK RD.","TREE LINED CT.",1153.00,E,N,A,-,N,,,,,,,,,,Y,2,0,1,1,A,-,01,23152,A,N,F,A,A,A,H,-,D,D,0,,,,,Y,Y,D,22,1,0,0,0,0,0,0,0,0,"- ","- ",39.641811370849609,-121.41770172119141,BUTTE,UNINCORPORATED,-121.41764068603516,39.641738891601562
90768087,2018,2018-07-12,9241,2018-06-28,0930,016414,,4,1,9,0400,0,2,4,,2,070,SKYWAY,"WYCLIFF WAY",30.00,W,N,B,-,N,,,,,,,,,,Y,2,0,1,2,A,-,03,22350,,N,C,C,A,A,H,-,A,D,0,,,Y,,Y,,C,02,1,0,0,0,0,0,0,0,1,"- ","- ",39.833900451660156,-121.59696960449219,BUTTE,UNINCORPORATED,-121.59706878662109,39.834110260009766
90770252,2018,2018-07-16,9241,2018-07-01,1900,018454,,7,2,9,0400,0,1,3,,1,060,SR-32,"HEADWATERS RD",0.00,,Y,A,-,Y,,,32,,,,,,,Y,1,1,1,2,A,-,09,21804,A,N,D,C,A,A,H,-,A,A,0,,,,,Y,,A,01,0,0,1,0,0,0,0,0,0,"- ","- ",39.912990570068359,-121.65437316894531,BUTTE,UNINCORPORATED,-121.65438842773438,39.913002014160156
90776165,2018,2018-07-25,9240,2018-07-04,2220,019842,,3,3,9,0400,0,1,3,,1,021,SR-99,"SOUTH AVE",628.00,S,N,A,-,Y,,,99,,,,,,,Y,2,0,1,2,A,-,08,22107,,N,B,C,A,A,H,-,B,D,0,,,Y,,Y,,A,01,1,0,0,0,0,0,0,0,1,"- ","- ",39.396530151367188,-121.68795776367188,BUTTE,UNINCORPORATED,-121.68802642822266,39.396530151367188
90777232,2018,2018-07-26,9240,2018-07-20,1405,020587,,5,2,9,0400,0,1,3,,1,011,"STATE HIGHWAY 70","OPHIR RD",1692.00,S,N,A,-,Y,,,70,,,,,,,Y,2,0,1,2,A,-,03,22350,,N,C,C,A,A,H,-,A,D,0,,,Y,,Y,,C,02,1,0,0,0,0,0,0,0,1,"- ","- ",39.460330963134766,-121.58231353759766,BUTTE,UNINCORPORATED,-121.58235931396484,39.460372924804688
90780244,2018,2018-07-30,9241,2018-07-25,1855,015794,,3,2,9,0400,0,2,4,,1,087,"SEVEN MILE LN","GRAINLAND RD",8.00,N,N,A,-,N,,,,,,,,,,Y,2,0,2,1,A,-,08,22107,,N,E,I,A,A,H,-,A,D,0,,,,,Y,,A,07,1,1,0,0,0,0,0,0,0,"- ","- ",39.609310150146484,-121.90959167480469,BUTTE,UNINCORPORATED,-121.90958404541016,39.609310150146484
90782180,2018,2018-08-01,9241,2018-07-30,1720,018454,,1,2,9,0400,0,2,4,,2,071,SKYWAY,"HUMBUG SUMMIT RD",317.00,S,N,A,-,N,,,,,,,,,,Y,2,0,1,1,A,-,01,23152,G,N,F,I,A,A,H,-,A,D,0,,,,,Y,Y,D,22,1,0,0,0,0,0,0,0,0,"- ","- ",40.022148132324219,-121.53231048583984,BUTTE,UNINCORPORATED,-121.52867126464844,40.029098510742188
90783871,2018,2018-08-03,9241,2018-08-02,1315,016246,,4,1,9,0400,0,2,4,,2,070,SKYWAY,"ROSEWOOD DR",0.00,,Y,A,-,N,,,,,,,,,,Y,2,0,1,2,A,-,09,21802,A,N,D,C,A,A,H,-,A,D,0,,,Y,,Y,,A,01,1,0,0,0,0,0,0,0,1,"- ","- ",39.503299713134766,-121.35590362548828,BUTTE,UNINCORPORATED,-121.59806823730469,39.8431396484375
90784732,2018,2018-08-06,9241,2018-08-04,0805,016414,,6,1,9,0400,0,3,5,,2,009,"NEAL RD.","MCCAN WAY",528.00,W,N,A,-,N,,,,,,,,,,Y,2,0,1,1,A,-,08,22107,,N,F,A,A,A,H,-,A,D,0,,,,,Y,,A,07,1,0,0,0,0,0,0,0,0,"- ","- ",39.710781097412109,-121.66779327392578,BUTTE,UNINCORPORATED,-121.66651916503906,39.711109161376953
9078608,2020,2020-09-25,0402,2020-03-27,1454,51,0402,5,5,5,0402,0,0,0,,0,003,"E 8TH ST","POPLAR ST",0.00,,Y,A,-,Y,BUT,3,32,-,-,9.539,I,5,E,N,2,0,1,2,A,-,08,22107,,N,C,G,A,A,H,-,A,D,0,,Y,,,Y,,-,"- ",1,0,0,0,0,0,1,0,0,"- ","- ",39.730598449707031,-121.82920074462891,BUTTE,CHICO,-121.82843017578125,39.729866027832031
90793315,2018,2018-08-20,9240,2018-08-12,1021,018389,,7,1,9,0400,0,3,5,,2,010,"KELLY RIDGE RD","EASTRIDGE CT",136.00,N,N,A,-,N,,,,,,,,,,Y,2,0,1,1,A,-,03,22350,,N,E,I,A,A,H,-,A,D,0,,,,,Y,,A,01,1,0,0,0,0,0,0,0,0,"- ","- ",39.512001037597656,-121.46263885498047,BUTTE,UNINCORPORATED,-121.46270751953125,39.511940002441406
90801222,2018,2018-08-29,9240,2018-08-28,1820,018841,,2,2,9,0400,0,3,5,,2,010,"ROBINSON MILL RD","GREENBUSH RD",4593.00,S,N,A,-,N,,,,,,,,,,Y,2,0,1,2,A,-,05,21650,,N,A,C,A,A,H,-,A,D,0,,,Y,,Y,,C,06,1,0,0,0,0,0,0,0,1,"- ","- ",39.474040985107422,-121.32608032226562,BUTTE,UNINCORPORATED,-121.32804870605469,39.472213745117188
90812640,2018,2018-09-13,9240,2018-09-03,1755,019653,,1,2,9,0400,0,3,5,,2,030,"CONCOW RD","JEFFREY PINE LN",50.00,N,N,A,-,N,,,,,,,,,,Y,2,0,2,1,A,-,01,23152,A,N,E,I,A,A,H,-,A,D,0,,,,,Y,Y,A,07,2,0,0,0,0,0,0,0,0,"- ","- ",39.768268585205078,-121.51258087158203,BUTTE,UNINCORPORATED,-121.51265716552734,39.767559051513672
90820303,2018,2018-09-24,9240,2018-09-18,1805,019060,,2,2,9,0400,0,3,5,,2,030,"TEHAMA AVE","16TH ST",0.00,,Y,A,-,N,,,,,,,,,,Y,2,0,1,2,A,-,09,21802,A,N,D,C,A,A,H,-,A,A,0,,,Y,,Y,,A,01,1,0,0,0,0,0,0,0,1,"- ","- ",39.515419006347656,-121.60038757324219,BUTTE,UNINCORPORATED,-121.60034942626953,39.515399932861328
90820879,2018,2018-09-25,9241,2018-09-23,2000,015794,,7,2,9,0400,0,1,3,,1,060,SR-32,"YOSEMITE DR",3696.00,E,N,A,-,Y,,,32,,,,,,,Y,2,0,2,1,A,-,08,22107,,N,F,A,A,A,H,-,D,D,0,,,,,Y,,A,07,1,1,0,0,0,0,0,0,0,"- ","- ",39.747989654541016,-121.76815795898438,BUTTE,UNINCORPORATED,-121.76813507080078,39.747882843017578
9082447,2020,2020-06-19,0402,2020-03-03,2114,3815,,2,5,5,0402,0,0,0,,0,005,"EAST AV","TOM POLK AV",0.00,,Y,A,-,N,,,,,,,,,,N,2,0,1,2,A,-,09,21800,A,N,D,G,A,A,H,-,C,D,0,,Y,,,Y,,L,04,1,0,0,0,0,0,1,0,0,"- ","- ",,,BUTTE,CHICO,-121.85379028320312,39.761238098144531
90830077,2018,2018-10-05,9241,2018-10-04,0855,019006,,4,1,9,0400,0,3,5,,2,006,"MERIDIAN RD","FRAZIER LANE",179.00,S,N,A,-,N,,,,,,,,,,Y,2,0,1,1,A,-,08,22107,,N,E,I,A,A,H,-,A,D,0,,,,,Y,,D,22,1,0,0,0,0,0,0,0,0,"- ","- ",39.849639892578125,-121.91937255859375,BUTTE,UNINCORPORATED,-121.91934204101562,39.849239349365234
90832019,2018,2018-10-09,9241,2018-07-31,2055,019093,,2,2,9,0400,0,2,4,,1,082,MIDWAY,"CAMPBELL ST",0.00,,Y,A,-,N,,,,,,,,,,N,2,0,2,3,A,-,08,22107,,F,E,B,E,A,H,-,C,D,0,Y,,,,Y,,A,07,1,1,0,0,2,0,0,0,0,"- ","- ",39.644069671630859,-121.79940795898438,BUTTE,UNINCORPORATED,-121.79945373535156,39.644050598144531
90832646,2018,2018-10-10,9241,2018-07-22,0112,020624,,7,3,9,0400,0,2,4,,2,096,"HONEY RUN RD",SKYWAY,11616.00,E,N,A,-,N,,,,,,,,,,Y,1,1,0,1,A,-,01,23152,F,N,E,I,A,A,H,-,D,D,0,,,,,Y,,A,07,0,0,0,0,0,0,0,0,0,"- ","- ",39.713829040527344,-121.73499298095703,BUTTE,UNINCORPORATED,-121.73611450195312,39.714015960693359
90838964,2018,2018-10-18,9241,2018-10-03,0920,018796,,3,1,9,0400,0,1,3,,1,060,SR-32,"EAST AVE",350.00,W,N,A,-,Y,,,32,,,,,,,N,1,1,0,2,A,-,08,22107,,N,D,C,A,A,H,-,A,D,0,,Y,,,Y,,L,04,0,0,0,0,0,1,0,0,0,"- ","- ",39.742420196533203,-121.88417816162109,BUTTE,UNINCORPORATED,-121.88416290283203,39.742454528808594
9084739,2020,2020-07-13,0402,2020-03-21,1351,P03283,,6,5,5,0402,0,0,0,,0,,"E 20TH ST","CHICO MALL ENTR",0.00,,Y,A,-,N,,,,,,,,,,N,2,0,1,2,A,-,01,23152,A,F,D,J,E,A,H,-,A,A,0,Y,,,,Y,,D,22,1,0,0,0,1,0,0,0,0,"- ","- ",39.727378845214844,-121.80532836914062,BUTTE,CHICO,-121.801796,39.727226999999999
90854374,2018,2018-11-08,9240,2018-02-09,2353,021137,,5,3,9,0400,0,3,5,,2,020,"RICETON HWY","AFTON RD",4224.00,N,N,A,-,N,,,,,,,,,,N,1,1,0,3,D,-,00,,,F,G,B,E,A,H,-,D,D,0,Y,,,,Y,Y,-,"- ",0,0,0,1,0,0,0,0,0,"- ","- ",39.433238983154297,-121.72604370117188,BUTTE,UNINCORPORATED,-121.72602081298828,39.432868957519531
90858404,2018,2018-11-12,9241,2018-11-04,1640,018879,,7,2,9,0400,0,2,4,,2,083,"RIVER RD","W SACRAMENTO AVENUE",1056.00,N,N,A,-,N,,,,,,,,,,N,2,0,1,1,A,-,17,21200,,N,F,A,A,A,H,-,A,D,0,,Y,,,Y,Y,L,04,1,0,0,0,0,0,1,0,0,"- ","- ",39.730770111083984,-121.94625854492188,BUTTE,UNINCORPORATED,-121.94673156738281,39.731590270996094
90864265,2018,2019-05-01,9241,2018-10-28,1900,016831,,7,2,9,0400,0,1,3,,1,061,"SR-99 N/B","WILSON LANDING RD",2419.00,N,N,A,-,Y,,,99,,,,,,N,Y,1,1,0,1,A,-,01,23152,F,N,E,I,A,A,H,-,D,D,0,,,,,Y,,D,22,0,0,0,0,0,0,0,0,0,"- ","- ",39.800949096679688,-121.90538787841797,BUTTE,UNINCORPORATED,-121.90541839599609,39.800933837890625
90867310,2018,2018-11-26,9240,2018-09-24,0738,017532,,1,1,9,0400,0,1,3,,2,041,SR-162,"LOST HORIZON DR",630.00,W,N,A,-,Y,,,162,,,,,,,Y,1,1,1,1,A,-,01,23152,F,N,F,A,A,A,H,-,B,D,0,,,,,Y,,A,07,1,0,0,0,0,0,0,0,0,"- ","- ",39.506111145019531,-121.45079803466797,BUTTE,UNINCORPORATED,-121.45089721679688,39.506198883056641
90873112,2018,2018-12-03,9240,2018-11-20,0411,019842,,2,3,9,0400,0,1,3,,1,021,SR-99,"E. HAMILTON RD",4488.00,S,N,E,-,Y,,,99,,,,,,,Y,2,0,1,2,A,-,05,21460,C,N,A,C,A,A,H,-,D,D,0,,,,Y,Y,,A,01,1,0,0,0,0,0,0,0,0,"- ","- ",39.438098907470703,-121.68810272216797,BUTTE,UNINCORPORATED,-121.68822479248047,39.438098907470703
90881828,2018,2018-12-13,9240,2018-12-03,0948,019060,,1,1,3,0404,0,1,3,,2,031,"SR-70 S/B","GEORGIA PACIFIC WAY",0.00,,Y,B,-,Y,,,,,,,,,,Y,2,0,2,2,A,-,12,21453,A,N,D,C,A,A,H,-,A,A,0,,,,,Y,,A,01,1,0,1,0,0,0,0,0,0,"- ","- ",39.477409362792969,-121.57581329345703,BUTTE,OROVILLE,-121.57582092285156,39.477390289306641
90885446,2018,2018-12-19,9240,2018-12-13,1505,014788,,4,2,9,0400,0,3,5,,2,040,"SOLANA DR","ROYAL OAKS DR",900.00,E,N,A,-,N,,,,,,,,,,Y,2,0,1,1,A,-,03,22350,,N,F,A,A,A,H,-,A,D,0,,,Y,,Y,,C,02,1,0,0,0,0,0,0,0,1,"- ","- ",39.524040222167969,-121.47669219970703,BUTTE,UNINCORPORATED,-121.47669219970703,39.523998260498047
90889096,2018,2018-12-24,9241,2018-12-18,1640,017170,,2,2,9,0400,0,2,4,,2,085,"DAYTON RD","ELK AVE",0.00,,Y,B,-,N,,,,,,,,,,Y,2,0,1,3,A,-,09,21801,A,N,A,C,A,A,H,-,B,A,0,,,,,Y,,D,22,1,0,0,0,0,0,0,0,0,"- ","- ",39.681999206542969,-121.85675811767578,BUTTE,UNINCORPORATED,-121.85679626464844,39.681919097900391
90893681,2018,2018-12-28,9241,2018-12-15,1230,016414,,6,1,9,0400,0,2,4,,2,090,SKYWAY,"TUSCAN RIDGE",1320.00,W,N,B,-,N,,,,,,,,,,Y,2,0,1,2,A,-,08,22107,,N,F,A,A,A,H,-,A,D,0,,,,,Y,,D,22,1,0,0,0,0,0,0,0,0,"- ","- ",39.713569641113281,-121.71250152587891,BUTTE,UNINCORPORATED,-121.71354675292969,39.713138580322266
90913599,2019,2019-01-28,9241,2019-01-19,1655,017170,,6,2,5,0402,0,1,3,,2,100,"SKYWAY ON TO SR-99 NORTHBOUND",SKYWAY,1056.00,N,N,B,-,Y,,,,,,,,,,Y,2,0,2,1,A,-,01,23152,A,N,E,I,A,B,H,-,B,D,0,,,,,Y,Y,D,22,1,0,1,0,0,0,0,0,0,"- ","- ",39.7169189453125,-121.80166625976562,BUTTE,CHICO,,
90915442,2019,2019-01-30,9241,2019-01-27,0500,018879,,7,3,9,0400,0,1,3,,2,081,"SR-99 S/B","ESTATES DR",4752.00,S,N,A,-,Y,,,99,,,,,,S,Y,2,0,1,2,A,-,01,23153,A,N,B,E,A,A,H,-,D,D,0,,,,,Y,Y,D,22,1,0,0,0,0,0,0,0,0,"- ","- ",39.679210662841797,-121.7613525390625,BUTTE,UNINCORPORATED,-121.76138305664062,39.679176330566406
90927701,2019,2019-02-15,9240,2019-02-08,1305,017760,,5,1,9,0400,0,3,5,,2,010,"PLEASANT GROVE LN","LA PORTE RD",1056.00,N,N,A,-,N,,,,,,,,,,Y,2,0,3,2,A,-,03,22350,,N,C,C,A,A,H,-,A,D,0,,,,,Y,,A,08,2,0,1,0,0,0,0,0,0,"- ","- ",39.365489959716797,-121.42710876464844,BUTTE,UNINCORPORATED,-121.42714691162109,39.363327026367188
90929937,2019,2019-02-20,9241,2019-02-10,1728,018578,,7,2,9,0400,0,2,4,,2,071,SKYWAY,"HUPP COUTOLENC RD",1056.00,N,N,A,-,N,,,,,,,,,,Y,2,0,1,2,A,-,01,23152,A,N,A,C,A,A,H,-,B,D,0,,,,,Y,Y,A,07,1,0,0,0,0,0,0,0,0,"- ","- ",39.880069732666016,-121.60301208496094,BUTTE,UNINCORPORATED,-121.60316467285156,39.880096435546875
90932222,2019,2019-02-22,9241,2019-02-19,0040,019006,,2,3,9,0400,0,2,4,,2,064,"NORD HIGHWAY","ORCHARD BLOSSOM LN",3168.00,E,N,A,-,N,,,,,,,,,,Y,2,0,1,1,A,-,01,23152,A,N,E,I,A,A,H,-,D,D,0,,,,,Y,Y,D,22,1,0,0,0,0,0,0,0,0,"- ","- ",39.775669097900391,-121.89359283447266,BUTTE,UNINCORPORATED,-121.89384460449219,39.775596618652344
90933139,2019,2019-02-25,9240,2019-02-14,0650,017760,,4,1,9,0400,0,3,5,,2,020,"LARKIN RD","ALMOND AVE",634.00,S,N,C,-,N,,,,,,,,,,Y,2,0,3,5,A,-,03,22350,,N,A,C,E,B,F,-,D,D,0,Y,,,,Y,,A,01,1,1,1,0,2,0,0,0,0,"- ","- ",39.398540496826172,-121.64589691162109,BUTTE,UNINCORPORATED,-121.64562225341797,39.3994140625
90935771,2019,2019-02-28,9240,2019-02-23,0345,019842,,6,3,9,0400,0,3,5,,2,010,"PALERMO-HONCUT HWY","GUIDICI LN",3696.00,N,N,A,-,N,,,,,,,,,,Y,2,0,1,1,A,-,05,21650,,N,E,I,A,A,H,-,D,D,0,,,,,Y,,A,01,1,0,0,0,0,0,0,0,0,"- ","- ",39.404300689697266,-121.53980255126953,BUTTE,UNINCORPORATED,-121.53984069824219,39.404270172119141
90941601,2019,2019-03-07,9241,2019-03-06,1450,018454,,3,2,5,0402,0,1,3,,2,100,"SR-99 N/B","COHASSET RD",160.00,N,N,B,-,Y,,,99,,,,,,N,Y,2,0,3,3,A,-,03,22350,,N,C,A,A,B,H,-,A,D,0,,,,,Y,,D,22,2,0,1,0,0,0,0,0,0,"- ","- ",39.754501342773438,-121.84551239013672,BUTTE,CHICO,-121.84549713134766,39.754524230957031
90943755,2018,2019-03-11,9240,2018-10-24,1525,019055,,3,2,9,0400,0,3,5,,2,010,"ORO BANGOR HWY","JAN DAR ROAD",19.00,N,N,A,-,N,,,,,,,,,,Y,1,1,0,1,A,-,01,23152,F,N,E,I,A,A,H,-,A,D,0,,,Y,,Y,,C,02,0,0,0,0,0,0,0,1,0,"- ","- ",39.429679870605469,-121.43000030517578,BUTTE,UNINCORPORATED,-121.42995452880859,39.429676055908203
90951147,2019,2019-03-21,9241,2019-03-11,0740,013855,,1,1,9,0400,0,3,5,,2,006,"BROYLES RD","YUHNKE LN",528.00,E,N,A,-,N,,,,,,,,,,N,2,0,1,2,A,-,03,22350,,N,C,C,A,A,H,-,A,D,0,,,Y,,Y,,A,08,1,0,0,0,0,0,0,0,1,"- ","- ",39.862098693847656,-121.97746276855469,BUTTE,UNINCORPORATED,-121.97754669189453,39.862064361572266
9095297,2020,2020-07-28,0402,2020-04-06,0419,1973,,1,5,5,0402,0,0,0,,0,001,"ASH ST","W 4TH ST",0.00,,Y,B,-,N,,,,,,,,,,N,2,0,1,2,A,-,01,23152,,N,G,B,D,B,H,-,D,D,0,Y,,,,Y,Y,A,01,1,0,0,0,1,0,0,0,0,"- ","- ",,,BUTTE,CHICO,-121.84990692138672,39.721481323242188
90966842,2019,2019-04-12,9240,2019-01-20,1825,018841,,7,2,9,0400,0,1,3,,1,011,"RT 70","COX LN",649.00,S,N,B,-,Y,,,70,,,,,,,Y,1,1,3,3,A,-,01,23152,F,N,A,C,A,B,H,-,C,D,0,,,,,Y,,A,01,3,0,0,0,0,0,0,0,0,"- ","- ",39.380161285400391,-121.61282348632812,BUTTE,UNINCORPORATED,-121.61302947998047,39.380218505859375
90970239,2019,2019-04-18,9241,2019-04-09,0100,018879,,2,3,9,0400,0,2,4,,2,070,SKYWAY,"ROSEWOOD DR",200.00,N,N,C,-,N,,,,,,,,,,N,2,0,1,2,A,-,11,21954,A,F,G,B,E,B,H,-,D,D,0,Y,,,,Y,,N,60,1,0,0,0,1,0,0,0,0,"- ","- ",39.844570159912109,-121.59934997558594,BUTTE,UNINCORPORATED,-121.59831237792969,39.843650817871094
90975135,2019,2019-10-16,9240,2019-04-16,1705,018841,,2,2,9,0400,0,3,5,,2,020,"GILSTRAP AVE","OBERMEYER AVE",0.00,,Y,A,-,N,,,,,,,,,,Y,2,0,2,4,A,-,12,22450,A,N,D,C,A,A,H,-,A,A,0,,,,,Y,,D,22,2,0,0,0,0,0,0,0,0,"- ","- ",39.3543701171875,-121.67395782470703,BUTTE,UNINCORPORATED,-121.67398834228516,39.3543701171875
90978179,2019,2019-04-29,9241,2019-04-21,1040,013855,,7,1,9,0400,0,2,4,,2,063,"COHASSET RD","VILAS RD",528.00,S,N,A,-,N,,,,,,,,,,Y,2,0,2,2,A,-,05,21650,,N,A,C,A,A,H,-,A,D,0,,,Y,,Y,,C,02,1,1,0,0,0,0,0,0,1,"- ","- ",39.898479461669922,-121.74382019042969,BUTTE,UNINCORPORATED,-121.74356842041016,39.898456573486328
90990248,2019,2019-05-16,9240,2019-05-10,0810,018841,,5,1,9,0400,0,1,3,,1,021,"RT 99","E. HAMILTON RD.",573.00,S,N,A,-,Y,,,,,,,,,,Y,2,0,1,2,A,-,05,21650,,N,B,C,A,A,H,-,A,D,0,,,,Y,Y,,A,01,1,0,0,0,0,0,0,0,0,"- ","- ",39.503089904785156,-121.42768096923828,BUTTE,UNINCORPORATED,-121.68831634521484,39.448997497558594
90990904,2019,2019-05-17,9240,2019-05-15,0955,018841,,3,1,9,0400,0,3,5,,2,010,"FORBESTOWN RD.","RT 162",1953.00,S,N,B,-,N,,,,,,,,,,Y,2,0,5,2,A,-,05,21460,A,N,A,C,A,B,H,-,A,D,0,,,,,Y,,A,07,1,0,4,0,0,0,0,0,0,"- ","- ",39.513969421386719,-121.43821716308594,BUTTE,UNINCORPORATED,-121.43773651123047,39.513561248779297
90993255,2019,2019-05-21,9241,2019-05-13,0535,018879,,1,3,5,0402,0,1,3,,2,100,SR-99,"GARNER LN",0.00,,Y,A,-,Y,,,,,,,,,,Y,2,0,3,2,A,-,12,21453,A,N,D,C,A,A,H,-,A,A,0,,,,,Y,,A,01,1,0,2,0,0,0,0,0,0,"- ","- ",39.790340423583984,-121.89141845703125,BUTTE,CHICO,-121.89141845703125,39.790248870849609
90999282,2019,2019-05-30,9241,2019-03-25,1225,013966,,1,1,9,0400,0,1,3,,1,061,"STATE ROUTE 99","BUTTE/TEHAMA CO. LINE",1214.00,S,N,B,C,Y,,,99,,,,,,,Y,1,1,2,3,A,-,03,22350,,N,A,C,A,B,H,-,A,D,0,,,,,Y,,A,01,0,0,2,0,0,0,0,0,0,"- ","- ",39.880958557128906,-121.9732666015625,BUTTE,UNINCORPORATED,-121.97325134277344,39.8809814453125
91001368,2019,2019-11-14,9240,2019-01-26,2000,018389,,6,2,9,0400,0,3,5,,2,040,"PONDEROSA WAY","LOWER FORBESTOWN RD",13200.00,N,N,A,-,N,,,,,,,,,,Y,1,1,2,1,A,-,01,23152,F,N,E,I,A,A,H,-,D,D,0,,,,,Y,,A,01,1,1,0,0,0,0,0,0,0,"- ","- ",39.536491394042969,-121.31125640869141,BUTTE,UNINCORPORATED,-121.30685424804688,39.538478851318359
91003576,2019,2019-06-05,9240,2019-05-18,0343,020376,,6,3,9,0400,0,1,3,,2,041,"SR-162 (OLIVE HIGHWAY)","TYME WAY",1584.00,W,N,A,-,Y,,,162,,,,,,,Y,2,0,1,3,A,-,01,23152,A,N,C,G,A,A,H,-,C,D,0,,Y,,,Y,Y,A,01,1,0,0,0,0,0,1,0,0,"- ","- ",39.504638671875,-121.50817108154297,BUTTE,UNINCORPORATED,-121.50813293457031,39.504573822021484