CASE_ID,ACCIDENT_YEAR,PROC_DATE,JURIS,COLLISION_DATE,COLLISION_TIME,OFFICER_ID,REPORTING_DISTRICT,DAY_OF_WEEK,CHP_SHIFT,POPULATION,CNTY_CITY_LOC,SPECIAL_COND,BEAT_TYPE,CHP_BEAT_TYPE,CITY_DIVISION_LAPD,CHP_BEAT_CLASS,BEAT_NUMBER,PRIMARY_RD,SECONDARY_RD,DISTANCE,DIRECTION,INTERSECTION,WEATHER_1,WEATHER_2,STATE_HWY_IND,CALTRANS_COUNTY,CALTRANS_DISTRICT,STATE_ROUTE,ROUTE_SUFFIX,POSTMILE_PREFIX,POSTMILE,LOCATION_TYPE,RAMP_INTERSECTION,SIDE_OF_HWY,TOW_AWAY,COLLISION_SEVERITY,NUMBER_KILLED,NUMBER_INJURED,PARTY_COUNT,PRIMARY_COLL_FACTOR,PCF_CODE_OF_VIOL,PCF_VIOL_CATEGORY,PCF_VIOLATION,PCF_VIOL_SUBSECTION,HIT_AND_RUN,TYPE_OF_COLLISION,MVIW,PED_ACTION,ROAD_SURFACE,ROAD_COND_1,ROAD_COND_2,LIGHTING,CONTROL_DEVICE,CHP_ROAD_TYPE,PEDESTRIAN_ACCIDENT,BICYCLE_ACCIDENT,MOTORCYCLE_ACCIDENT,TRUCK_ACCIDENT,NOT_PRIVATE_PROPERTY,ALCOHOL_INVOLVED,STWD_VEHTYPE_AT_FAULT,CHP_VEHTYPE_AT_FAULT,COUNT_SEVERE_INJ,COUNT_VISIBLE_INJ,COUNT_COMPLAINT_PAIN,COUNT_PED_KILLED,COUNT_PED_INJURED,COUNT_BICYCLIST_KILLED,COUNT_BICYCLIST_INJURED,COUNT_MC_KILLED,COUNT_MC_INJURED,PRIMARY_RAMP,SECONDARY_RAMP,LATITUDE,LONGITUDE,COUNTY,CITY,POINT_X,POINT_Y
9100936,2020,2020-08-11,0403,2020-05-23,1652,P206,B,6,5,1,0401,0,0,0,,0,,"5TH ST","5TH ST 2907",0.00,,Y,A,-,N,,,,,,,,,,Y,2,0,1,2,A,-,01,23152,,N,C,C,A,A,H,-,A,D,0,,,,Y,Y,Y,F,26,1,0,0,0,0,0,0,0,0,"- ","- ",39.417659759521484,-121.68843078613281,BUTTE,BIGGS,-121.70863199999999,39.410747999999998
91013249,2019,2019-06-19,9240,2019-06-11,1100,015532,,2,1,9,0400,0,3,5,,2,020,"GILSTRAP AVE","OBRIEN AVE",0.00,,Y,A,-,N,,,,,,,,,,Y,2,0,2,2,A,-,12,22450,A,N,D,C,A,A,H,-,A,A,0,,,,,Y,,D,22,1,1,0,0,0,0,0,0,0,"- ","- ",39.347099304199219,-121.67401885986328,BUTTE,UNINCORPORATED,-121.67404937744141,39.347118377685547
91019014,2019,2019-06-27,9241,2019-06-23,0048,019093,,7,3,9,0400,0,1,3,,2,100,"SR-99 S/B","EATON ROAD",1000.00,N,N,A,-,Y,,,,,,,,,,Y,2,0,1,1,A,-,01,23152,A,N,E,I,A,A,H,-,A,D,0,,,,,Y,Y,A,01,1,0,0,0,0,0,0,0,0,"- ","- ",39.778179168701172,-121.87808990478516,BUTTE,UNINCORPORATED,-121.87589263916016,39.776405334472656
91027274,2019,2019-07-09,9240,2019-07-02,0805,018967,,2,1,9,0400,0,3,5,,2,010,"FORBESTOWN RD","HURLETON SWEDES FLAT RD",700.00,N,N,A,-,N,,,,,,,,,,Y,2,0,1,1,A,-,08,22107,,N,E,I,A,A,H,-,A,D,0,,,,Y,Y,,F,26,1,0,0,0,0,0,0,0,0,"- ","- ",39.493099212646484,-121.38500213623047,BUTTE,UNINCORPORATED,-121.38492584228516,39.493244171142578
91031269,2019,2019-07-16,9240,2019-07-06,1830,019653,,6,2,9,0400,0,3,5,,2,010,"UPPER PALERMO RD","BOHEMIA AVE",0.00,,Y,A,-,N,,,,,,,,,,Y,2,0,1,2,A,-,09,21801,A,N,D,C,A,A,H,-,A,D,0,,,Y,,Y,,A,01,1,0,0,0,0,0,0,0,1,"- ","- ",39.446269989013672,-121.53784942626953,BUTTE,UNINCORPORATED,-121.53778839111328,39.446250915527344
91035017,2019,2019-07-22,9241,2019-07-13,1305,016414,,6,1,9,0400,0,2,4,,2,070,SKYWAY,"WOODWARD DR.",100.00,W,N,A,-,N,,,,,,,,,,Y,2,0,3,2,A,-,01,23152,A,N,A,C,A,A,H,-,A,D,0,,,,,Y,Y,A,01,1,2,0,0,0,0,0,0,0,"- ","- ",39.839191436767578,-121.59751129150391,BUTTE,UNINCORPORATED,-121.59755706787109,39.839752197265625
91051173,2019,2020-01-10,9241,2019-05-03,1605,017170,,5,2,5,0402,0,1,3,,2,100,"SR-99 N/B","EATON RD",3168.00,N,N,A,-,Y,,,99,,,,,,N,Y,1,1,2,2,A,-,01,23152,G,N,C,C,A,A,H,-,A,D,0,,,,Y,Y,,A,07,2,0,0,0,0,0,0,0,0,"- ","- ",39.780990600585938,-121.88137054443359,BUTTE,CHICO,-121.88131713867188,39.781059265136719
91054989,2019,2019-08-19,9240,2019-05-19,1850,019710,,7,2,9,0400,0,3,5,,2,040,"ORO QUINCY HWY","WHISPERING CHAPEL LN",3545.00,S,N,B,-,N,,,,,,,,,,Y,1,1,0,1,A,-,03,22350,,N,E,I,A,B,H,-,A,D,0,,,,,Y,,A,01,0,0,0,0,0,0,0,0,0,"- ","- ",39.615028381347656,-121.44167327880859,BUTTE,UNINCORPORATED,-121.44163513183594,39.615192413330078
91056300,2019,2019-08-21,9240,2019-08-11,0945,018396,,7,1,9,0400,0,3,5,,2,020,"RICHVALE HWY","WICKMAN RD",5252.00,W,N,A,-,N,,,,,,,,,,Y,2,0,1,1,A,-,08,22107,,N,E,I,A,A,H,-,A,A,0,,,Y,,Y,,C,02,1,0,0,0,0,0,0,0,1,"- ","- ",39.493129730224609,-121.80085754394531,BUTTE,UNINCORPORATED,-121.80076599121094,39.493183135986328
91065152,2019,2019-09-02,9240,2019-08-26,0305,020170,,1,3,9,0400,0,1,3,,1,011,SR-70,"GOLD RUN CT",185.00,N,N,A,-,Y,,,70,,,,,,,Y,2,0,1,2,A,-,01,23152,A,N,B,C,A,A,H,-,D,D,0,,,,Y,Y,Y,A,01,1,0,0,0,0,0,0,0,0,"- ","- ",39.431308746337891,-121.60507202148438,BUTTE,UNINCORPORATED,-121.60508728027344,39.431308746337891
91066433,2019,2019-09-03,9241,2019-09-02,2200,019972,,1,3,9,0400,0,2,4,,2,086,"DURHAM-DAYTON HWY","MCANARLIN AVE",0.00,,Y,A,-,N,,,,,,,,,,Y,2,0,1,1,A,-,03,22350,,N,E,J,A,A,H,-,D,A,0,,,,,Y,,A,01,1,0,0,0,0,0,0,0,0,"- ","- ",39.652828216552734,-121.81072998046875,BUTTE,UNINCORPORATED,-121.81085205078125,39.65277099609375
91068131,2019,2019-09-05,9240,2019-05-31,2048,019060,,5,2,9,0400,0,3,5,,2,010,"GRUBBS RD","LAGRONE WAY",0.00,,Y,B,-,N,,,,,,,,,,Y,1,1,0,2,A,-,01,23152,F,N,A,C,A,A,H,-,D,D,0,,,Y,,Y,,C,02,0,0,0,0,0,0,0,1,0,"- ","- ",39.435779571533203,-121.49050140380859,BUTTE,UNINCORPORATED,-121.49047088623047,39.435749053955078
91081803,2019,2019-10-10,9241,2019-08-21,2220,018796,,3,3,9,0400,0,2,4,,2,084,"CHICO RIVER ROAD","RIVER ROAD",8.00,W,N,A,-,N,,,,,,,,,,Y,1,1,1,1,A,-,01,23152,A,N,E,I,A,A,H,-,D,A,0,,,,,Y,Y,A,01,1,0,0,0,0,0,0,0,0,"- ","- ",39.695831298828125,-121.92362976074219,BUTTE,UNINCORPORATED,-121.92379760742188,39.695934295654297
91083987,2019,2019-09-26,9240,2019-09-16,0525,019060,,1,3,9,0400,0,1,3,,1,011,SR-70,"COX LN",1393.00,S,N,A,-,Y,,,70,,,,,,,Y,2,0,2,2,A,-,05,21650,,N,A,C,A,A,H,-,D,D,0,,,,,Y,,D,22,2,0,0,0,0,0,0,0,0,"- ","- ",39.378330230712891,-121.61302947998047,BUTTE,UNINCORPORATED,-121.61309814453125,39.378314971923828
91090215,2019,2019-10-03,9240,2019-07-28,1847,019710,,7,2,9,0400,0,3,5,,2,030,"TABLE MTN BLVD","GARDEN DRIVE",3168.00,N,N,A,-,N,,,,,,,,,,Y,2,0,1,1,A,-,05,21650,,N,F,A,A,A,H,-,A,D,0,,,Y,,Y,,C,02,1,0,0,0,0,0,0,0,1,"- ","- ",39.541770935058594,-121.58467864990234,BUTTE,UNINCORPORATED,-121.58415985107422,39.540882110595703
91092111,2019,2019-10-07,9241,2019-09-16,0602,020686,,1,1,9,0400,0,3,5,,2,006,"COHASSET RD","VILAS RD",2131.00,E,N,C,-,Y,,,,,,,,,,Y,2,0,1,2,A,-,01,23152,F,M,F,A,A,B,H,-,B,D,0,,,,,Y,,D,22,1,0,0,0,0,0,0,0,0,"- ","- ",39.904998779296875,-121.74199676513672,BUTTE,UNINCORPORATED,-121.74185943603516,39.904754638671875
91094912,2019,2019-10-10,9241,2019-09-30,1730,018796,,1,2,9,0400,0,2,4,,1,082,MIDWAY,"NELSON RD",5280.00,N,N,A,-,N,,,,,,,,,,Y,2,0,1,1,A,-,01,23152,A,F,F,A,A,A,H,-,A,D,0,,,,,Y,Y,A,01,1,0,0,0,0,0,0,0,0,"- ","- ",39.586959838867188,-121.77767944335938,BUTTE,UNINCORPORATED,-121.77005767822266,39.566360473632812
91094936,2019,2019-10-10,9241,2019-10-05,1755,019006,,6,2,9,0400,0,2,4,,2,071,"RETSON ROAD",SKYWAY,1584.00,E,N,A,-,N,,,,,,,,,,Y,2,0,1,1,A,-,08,22107,,N,E,I,A,A,H,-,A,D,0,,,Y,,Y,,C,06,1,0,0,0,0,0,0,0,1,"- ","- ",39.901229858398438,-121.52362060546875,BUTTE,UNINCORPORATED,-121.52304840087891,39.901123046875
91098526,2019,2019-10-16,9240,2019-10-05,1944,019710,,6,2,9,0400,0,3,5,,2,020,"COLUSA HWY","HATCH RD",1149.00,E,N,A,-,N,,,,,,,,,,Y,2,0,2,1,A,-,01,23152,A,N,F,A,A,A,H,-,D,D,0,,,,,Y,Y,D,22,1,1,0,0,0,0,0,0,0,"- ","- ",39.362209320068359,-121.85121154785156,BUTTE,UNINCORPORATED,-121.85081481933594,39.362159729003906
91120187,2019,2019-11-14,9241,2019-11-01,2210,020686,,5,3,9,0400,0,2,4,,2,083,"ORD FERRY RD","RIVER RD",0.00,,N,A,-,N,,,,,,,,,,N,2,0,1,2,A,-,03,22350,,F,G,B,E,A,H,-,D,D,0,Y,,,,Y,,-,99,1,0,0,0,1,0,0,0,0,"- ","- ",39.627120971679688,-121.94595336914062,BUTTE,UNINCORPORATED,-121.94599151611328,39.627151489257812
91134006,2019,2019-12-03,9240,2019-11-23,2155,020587,,6,2,9,0400,0,3,5,,2,010,"HILDALE AVE","EDGEWOOD DR",8.00,W,N,A,-,N,,,,,,,,,,Y,2,0,1,2,A,-,09,21802,A,N,D,C,A,A,H,-,D,A,0,,,,,Y,,D,22,1,0,0,0,0,0,0,0,0,"- ","- ",39.501419067382812,-121.51473999023438,BUTTE,UNINCORPORATED,-121.51475524902344,39.501415252685547
91150343,2019,2019-12-23,9240,2019-10-01,2500,020170,,2,4,9,0400,0,1,3,,2,034,"SR-149 S/B","SHIPPEE RD",6336.00,N,N,A,-,Y,,,149,,,,,,S,Y,1,1,0,1,A,-,01,23152,A,N,E,I,A,A,H,-,D,D,0,,,,,Y,Y,A,08,0,0,0,0,0,0,0,0,0,"- ","- ",39.613151550292969,-121.67887878417969,BUTTE,UNINCORPORATED,-121.67884826660156,39.613189697265625
91152930,2019,2019-12-26,9241,2019-12-23,1940,018796,,1,2,9,0400,0,2,4,,2,063,"COHASSET RD","VILAS RD",49.00,N,N,A,-,N,,,,,,,,,,Y,2,0,1,1,A,-,01,23152,A,N,F,A,A,A,H,-,C,A,0,,,,,Y,Y,D,22,1,0,0,0,0,0,0,0,0,"- ","- ",39.899539947509766,-121.74220275878906,BUTTE,UNINCORPORATED,-121.74195861816406,39.899288177490234
91153429,2019,2019-12-26,9240,2019-12-16,0700,017760,,1,1,9,0400,0,3,5,,2,010,"LONE TREE RD","SUNNYBROOK LN",2640.00,S,N,A,-,N,,,,,,,,,,Y,2,0,1,1,A,-,08,22107,,N,E,I,A,A,H,-,B,D,0,,,,,Y,,A,07,1,0,0,0,0,0,0,0,0,"- ","- ",39.419849395751953,-121.57672882080078,BUTTE,UNINCORPORATED,-121.57669830322266,39.419651031494141
91154297,2019,2019-12-27,9241,2019-12-24,1805,018578,,2,2,9,0400,0,2,4,,2,063,"COHASSET RD","MAPLE LN",1.00,N,N,A,-,N,,,,,,,,,,Y,2,0,1,1,A,-,01,23152,A,N,E,I,A,A,H,-,D,D,0,,,,,Y,Y,A,07,1,0,0,0,0,0,0,0,0,"- ","- ",39.918621063232422,-121.73592376708984,BUTTE,UNINCORPORATED,-121.73591613769531,39.918643951416016
91155471,2019,2019-12-30,9240,2019-12-22,1309,017532,,7,1,9,0400,0,1,3,,2,032,SR-70,"WHEELOCK RD",10243.00,E,N,B,C,Y,,,70,,,,,,,Y,2,0,4,2,A,-,05,21650,,N,A,C,A,B,H,-,A,D,0,,,,,Y,,A,07,3,1,0,0,0,0,0,0,0,"- ","- ",39.644641876220703,-121.56768035888672,BUTTE,UNINCORPORATED,-121.56768798828125,39.644649505615234
91159978,2020,2020-01-06,9241,2020-01-01,2500,017319,,3,4,5,0402,0,1,3,,2,100,"SR-99 N/B","EAST AVE",1000.00,N,N,A,-,Y,,,99,,,,,,N,N,2,0,1,2,A,-,03,22350,,F,G,B,D,A,H,-,D,D,0,Y,,,,Y,Y,-,99,1,0,0,0,1,0,0,0,0,"- ","- ",39.764778137207031,-121.86208343505859,BUTTE,CHICO,-121.86172485351562,39.765220642089844
91167955,2020,2020-01-20,9240,2020-01-01,2210,019842,,3,3,9,0400,0,3,5,,2,010,"UPPER PALERMO ROAD","CARMEL AVE",154.00,E,N,A,-,N,,,,,,,,,,Y,2,0,5,2,A,-,05,21650,,N,A,C,A,A,H,-,D,D,0,,,,,Y,,A,01,2,3,0,0,0,0,0,0,0,"- ","- ",39.453178405761719,-121.53727722167969,BUTTE,UNINCORPORATED,-121.53720855712891,39.453182220458984
91173167,2020,2020-01-24,9240,2020-01-19,1530,018967,,7,2,9,0400,0,3,5,,2,010,"LA PORTE RD","GOLD PAN CT",1056.00,S,N,B,-,N,,,,,,,,,,Y,2,0,1,1,A,-,08,22107,,N,F,A,A,A,H,-,A,D,0,,,Y,,Y,,C,02,1,0,0,0,0,0,0,0,1,"- ","- ",39.412799835205078,-121.38159942626953,BUTTE,UNINCORPORATED,-121.38213348388672,39.412456512451172
91174627,2019,2020-01-27,9240,2019-09-27,1245,018389,,5,1,9,0400,0,3,5,,2,010,"LOWER WYANDOTTE RD","FEATHER FALLS BLVD",0.00,,Y,A,-,N,,,,,,,,,,Y,2,0,1,2,A,-,09,21801,A,F,A,C,A,A,H,-,A,D,0,,,Y,,Y,,A,01,1,0,0,0,0,0,0,0,1,"- ","- ",39.464611053466797,-121.51889801025391,BUTTE,UNINCORPORATED,-121.51889038085938,39.46453857421875
91175217,2019,2020-01-28,9240,2019-12-28,0858,019060,,6,1,9,0400,0,3,5,,2,010,"PALERMO-HONCUT HWY","CRAIG AVE",125.00,N,N,B,-,N,,,,,,,,,,Y,1,1,0,1,A,-,01,23152,F,N,E,I,A,A,H,-,A,D,0,,,,,Y,,A,01,0,0,0,0,0,0,0,0,0,"- ","- ",39.420478820800781,-121.53719329833984,BUTTE,UNINCORPORATED,-121.53725433349609,39.420494079589844
91178541,2019,2020-02-03,9240,2019-11-05,2233,021137,,2,3,9,0400,0,1,3,,2,032,SR-70,"LUNT RD",1531.00,E,N,A,-,Y,,,70,,,,,,,Y,2,0,2,1,A,-,08,22107,,N,E,I,A,A,H,-,D,D,0,,,,,Y,Y,A,01,1,0,1,0,0,0,0,0,0,"- ","- ",39.707279205322266,-121.53048706054688,BUTTE,UNINCORPORATED,-121.53057861328125,39.707298278808594
91180003,2019,2020-02-04,9240,2019-11-23,0450,020376,,6,3,9,0400,0,3,5,,2,010,"LOWER WYANDOTTE ROAD","GOLDEN HILLS DRIVE",804.00,S,N,A,-,N,,,,,,,,,,Y,2,0,1,1,A,-,08,22107,,N,E,I,A,A,H,-,D,D,0,,,,,Y,Y,A,01,1,0,0,0,0,0,0,0,0,"- ","- ",39.471641540527344,-121.53057861328125,BUTTE,UNINCORPORATED,-121.530517578125,39.471714019775391
91181625,2020,2020-02-06,9240,2020-01-31,1358,018841,,5,1,9,0400,0,1,3,,1,011,"SR 70 N/B","OPHIR RD.",99.00,S,N,A,-,Y,,,,,,,,,,Y,2,0,3,5,A,-,03,22350,,N,C,C,A,A,H,-,A,D,0,,,,,Y,,E,22,1,1,1,0,0,0,0,0,0,"- ","- ",39.463531494140625,-121.57933807373047,BUTTE,UNINCORPORATED,-121.57909393310547,39.463779449462891
91186823,2020,2020-02-14,9241,2020-02-07,2300,018578,,5,3,9,0400,0,2,4,,2,086,"DURHAM-DAYTON HWY","ORO CHICO HIGHWAY",3168.00,W,N,A,-,N,,,,,,,,,,Y,2,0,4,1,A,-,08,22107,,N,E,I,A,A,H,-,D,D,0,,,,,Y,,A,01,2,0,2,0,0,0,0,0,0,"- ","- ",39.646778106689453,-121.73516845703125,BUTTE,UNINCORPORATED,,
91186854,2020,2020-02-14,9241,2020-02-13,1805,015794,,4,2,9,0400,0,1,3,,2,100,"SR-99 N/B","MUD CREEK",61.00,N,N,A,-,Y,,,99,,,,,,N,Y,2,0,1,2,A,-,03,22350,,N,C,C,A,A,H,-,A,D,0,,,,,Y,,A,01,1,0,0,0,0,0,0,0,0,"- ","- ",39.784629821777344,-121.88585662841797,BUTTE,UNINCORPORATED,-121.88581085205078,39.784694671630859
91199428,2020,2020-03-02,9240,2020-02-26,2020,018967,,3,2,9,0400,0,3,5,,2,010,"ORO BANGOR HWY","SWEDES FLAT RD",2112.00,N,N,A,-,N,,,,,,,,,,Y,2,0,3,2,A,-,01,23152,A,N,A,C,A,A,H,-,D,D,0,,,,,Y,Y,A,07,2,1,0,0,0,0,0,0,0,"- ","- ",39.446159362792969,-121.43659973144531,BUTTE,UNINCORPORATED,,
91211201,2020,2020-03-18,9240,2020-03-07,1905,019710,,6,2,9,0400,0,3,5,,2,020,"WEST BIGGS GRIDLEY ROAD","RUDD LN",2112.00,N,N,B,-,N,,,,,,,,,,Y,2,0,1,1,A,-,01,23152,A,N,F,A,A,A,H,-,D,D,0,,,,,Y,Y,D,22,1,0,0,0,0,0,0,0,0,"- ","- ",39.387500762939453,-121.70664978027344,BUTTE,UNINCORPORATED,-121.70668792724609,39.387107849121094
91211720,2020,2020-03-19,9240,2020-03-10,1804,019784,,2,2,9,0400,0,3,5,,2,030,"CHEROKEE RD","THOMPSON FLAT RD",4752.00,N,N,A,-,N,,,,,,,,,,Y,2,0,1,1,A,-,01,23152,A,N,F,A,A,A,H,-,A,D,0,,,,,Y,Y,D,22,1,0,0,0,0,0,0,0,0,"- ","- ",39.545791625976562,-121.54193878173828,BUTTE,UNINCORPORATED,-121.54869079589844,39.536788940429688
91212427,2020,2020-03-19,9241,2020-03-12,0753,017114,,4,1,9,0400,0,2,4,,1,082,"DURHAM DAYTON HIGHWAY",MIDWAY,0.00,,Y,A,-,N,,,,,,,,,,N,2,0,1,2,A,-,09,21802,A,N,D,G,A,A,H,-,A,A,0,,Y,,,Y,,A,01,1,0,0,0,0,0,1,0,0,"- ","- ",39.645858764648438,-121.79998779296875,BUTTE,UNINCORPORATED,-121.80020141601562,39.646030426025391
91226977,2020,2020-05-19,9240,2020-03-08,2500,019784,,7,4,9,0400,0,1,3,,2,031,"SR-70 W/B","GARDEN DRIVE O/C",1360.00,S,N,A,-,Y,,,,,,,,,,Y,1,1,0,1,A,-,01,23152,F,N,E,I,A,A,H,-,D,D,0,,,,,Y,,D,22,0,0,0,0,0,0,0,0,0,"- ","- ",39.315498352050781,-121.34490203857422,BUTTE,UNINCORPORATED,-121.58000946044922,39.531795501708984
91236864,2020,2020-05-12,9240,2020-05-02,1424,019256,,6,2,9,0400,0,3,5,,2,040,"BALD ROCK RD","PAM R LN",28.00,N,N,B,-,N,,,,,,,,,,Y,2,0,1,2,A,-,01,23152,A,N,B,C,A,A,H,-,A,D,0,,,Y,,Y,Y,C,06,1,0,0,0,0,0,0,0,1,"- ","- ",39.636989593505859,-121.41754150390625,BUTTE,UNINCORPORATED,-121.41751098632812,39.637016296386719
91238017,2019,2020-05-14,9241,2019-06-21,1810,017170,,5,2,9,0400,0,1,3,,2,081,"SR-99 N/B","NEAL RD",307.00,S,N,A,-,Y,,,99,,,,,,N,Y,1,2,4,4,A,-,03,22350,,N,C,C,A,A,H,-,A,A,0,,,,Y,Y,,F,27,4,0,0,0,0,0,0,0,0,"- ","- ",39.6656494140625,-121.74352264404297,BUTTE,UNINCORPORATED,-121.7435302734375,39.665634155273438
91242573,2020,2020-05-26,9241,2020-05-14,1425,018578,,4,2,9,0400,0,3,5,,2,007,"CRESTON RD","WINGATE CIR",0.00,,Y,B,-,N,,,,,,,,,,Y,2,0,1,2,A,-,03,22350,,N,D,C,A,A,H,-,A,D,0,,,Y,,Y,,C,02,1,0,0,0,0,0,0,0,1,"- ","- ",39.8214111328125,-121.60115051269531,BUTTE,UNINCORPORATED,-121.60117340087891,39.821121215820312
91242639,2020,2020-05-26,9241,2020-05-22,2135,020686,,5,2,9,0400,0,2,4,,2,090,"E/B SKYWAY","MEDIA WAY",2240.00,W,N,A,-,N,,,,,,,,,,Y,2,0,1,1,A,-,01,23152,A,N,E,I,A,A,H,-,D,D,0,,,,,Y,Y,A,01,1,0,0,0,0,0,0,0,0,"- ","- ",39.727180480957031,-121.68704223632812,BUTTE,UNINCORPORATED,,
91245172,2020,2020-05-29,9241,2020-05-05,1609,020638,,2,2,9,0400,0,2,4,,1,087,"SEVEN MILE LN","GRAINLAND RD",37.00,S,N,A,-,N,,,,,,,,,,Y,1,1,1,1,A,-,01,23152,F,N,F,A,A,A,H,-,A,D,0,,,,,Y,,B,07,0,1,0,0,0,0,0,0,0,"- ","- ",39.608699798583984,-121.90940093994141,BUTTE,UNINCORPORATED,-121.90957641601562,39.609188079833984
91245973,2020,2020-06-01,9241,2020-05-24,1007,015529,,7,1,9,0400,0,3,5,,2,006,"HUMBOLDT RD.","BIGGERS LN",5280.00,E,N,A,-,N,,,,,,,,,,N,1,1,1,3,A,-,03,22350,,N,A,G,A,A,H,-,A,D,0,,Y,,,Y,,L,04,0,1,0,0,0,1,1,0,0,"- ","- ",40.091121673583984,-121.52718353271484,BUTTE,UNINCORPORATED,-121.52719879150391,40.091152191162109
91248403,2020,2020-06-08,9241,2020-06-03,1600,018540,,3,2,9,0400,0,3,5,,2,007,"POWELTON RD",SKYWAY,500.00,N,N,A,-,N,,,,,,,,,,N,2,0,2,2,A,-,03,22350,,N,D,D,A,A,H,-,A,D,0,,,Y,,Y,,C,02,1,0,1,0,0,0,0,0,2,"- ","- ",39.879718780517578,-121.6114501953125,BUTTE,UNINCORPORATED,-121.61139678955078,39.879989624023438
91249679,2020,2020-06-09,9241,2020-04-26,1023,017114,,7,1,9,0400,0,3,5,,2,006,"MERIDIAN RD.","KILKARE LN.",4752.00,N,N,A,-,N,,,,,,,,,,Y,1,1,0,2,A,-,03,22350,,N,C,C,A,A,H,-,A,D,0,,,,,Y,,A,07,0,0,0,0,0,0,0,0,0,"- ","- ",39.835441589355469,-121.91934204101562,BUTTE,UNINCORPORATED,-121.91933441162109,39.836437225341797
91263949,2020,2020-07-06,9241,2020-07-05,1513,020638,,7,2,9,0400,0,2,4,,2,083,"RIVER RD","SACRAMENTO AVE",1584.00,N,N,A,-,N,,,,,,,,,,Y,2,0,1,2,A,-,05,21460,A,N,A,C,A,A,H,-,A,D,0,,,,,Y,,A,01,1,0,0,0,0,0,0,0,0,"- ","- ",39.733139038085938,-121.94834136962891,BUTTE,UNINCORPORATED,-121.94776916503906,39.732791900634766
91267540,2020,2020-07-13,9240,2020-07-06,2115,020587,,1,2,9,0400,0,3,5,,2,010,"ORO BANGOR HWY","MOUNT IDA RD",528.00,E,N,A,-,N,,,,,,,,,,N,2,0,1,1,A,-,01,23152,F,N,D,H,A,A,H,-,D,D,0,,,Y,,Y,,C,02,1,0,0,0,0,0,0,0,1,"- ","- ",39.483028411865234,-121.49999237060547,BUTTE,UNINCORPORATED,-121.500018,39.483049999999999
91267847,2020,2020-07-13,9285,2020-07-05,1205,017393,,7,1,9,0400,0,3,5,,1,008,"ROBINSON MILL ROAD","FORBESTOWN ROAD",1584.00,S,N,A,-,N,,,,,,,,,,Y,2,0,1,1,A,-,08,22107,,N,E,I,A,A,H,-,A,D,0,,,Y,,Y,,C,06,1,0,0,0,0,0,0,0,1,"- ","- ",39.492031097412109,-121.322021484375,BUTTE,UNINCORPORATED,-121.32184600830078,39.491260528564453
91269412,2020,2020-07-16,9240,2020-07-07,2215,019842,,2,3,3,0404,0,1,3,,2,041,"SR-162 (OLIVE HIGHWAY)","TYME WAY",700.00,W,N,A,-,Y,,,162,,,,,,,N,2,0,1,1,A,-,08,22107,,N,F,A,A,A,H,-,D,D,0,,,Y,,Y,,O,05,1,0,0,0,0,0,0,0,1,"- ","- ",39.505538940429688,-121.50524139404297,BUTTE,OROVILLE,-121.50524139404297,39.505531311035156
91270445,2020,2020-10-22,9240,2020-07-16,0534,019784,,4,3,3,0404,0,3,5,,2,040,"ORO QUINCY HWY","GLEN DR",616.00,E,N,A,-,N,,,,,,,,,,N,1,1,0,2,A,-,11,21954,A,N,G,B,E,A,H,-,B,D,0,Y,,,,Y,Y,N,60,0,0,0,1,0,0,0,0,0,"- ","- ",39.506290435791016,-121.50527954101562,BUTTE,OROVILLE,-121.50508880615234,39.506282806396484
91270547,2020,2020-07-17,9240,2020-07-08,2005,019256,,3,2,9,0400,0,1,3,,2,041,SR-162,"BIDWELL BAR BRIDGE",307.00,E,N,A,-,Y,,,162,,,,,,,N,2,0,1,1,A,-,08,22107,,N,E,I,A,A,H,-,A,D,0,,,Y,,Y,,C,02,1,0,0,0,0,0,0,0,1,"- ","- ",39.552391052246094,-121.42983245849609,BUTTE,UNINCORPORATED,-121.42985534667969,39.552371978759766
91272545,2020,2021-03-08,9240,2020-07-12,2210,021137,,7,3,9,0400,0,3,5,,2,040,"HILL CREST AVE","RIVERVIEW DR",125.00,E,N,A,-,N,,,,,,,,,,N,2,0,1,2,A,-,06,21750,,F,B,C,A,A,H,-,D,D,0,,,,,Y,,A,01,1,0,0,0,0,0,0,0,0,"- ","- ",39.520469665527344,-121.46853637695312,BUTTE,UNINCORPORATED,-121.4686279296875,39.520450592041016