CASE_ID,ACCIDENT_YEAR,PROC_DATE,JURIS,COLLISION_DATE,COLLISION_TIME,OFFICER_ID,REPORTING_DISTRICT,DAY_OF_WEEK,CHP_SHIFT,POPULATION,CNTY_CITY_LOC,SPECIAL_COND,BEAT_TYPE,CHP_BEAT_TYPE,CITY_DIVISION_LAPD,CHP_BEAT_CLASS,BEAT_NUMBER,PRIMARY_RD,SECONDARY_RD,DISTANCE,DIRECTION,INTERSECTION,WEATHER_1,WEATHER_2,STATE_HWY_IND,CALTRANS_COUNTY,CALTRANS_DISTRICT,STATE_ROUTE,ROUTE_SUFFIX,POSTMILE_PREFIX,POSTMILE,LOCATION_TYPE,RAMP_INTERSECTION,SIDE_OF_HWY,TOW_AWAY,COLLISION_SEVERITY,NUMBER_KILLED,NUMBER_INJURED,PARTY_COUNT,PRIMARY_COLL_FACTOR,PCF_CODE_OF_VIOL,PCF_VIOL_CATEGORY,PCF_VIOLATION,PCF_VIOL_SUBSECTION,HIT_AND_RUN,TYPE_OF_COLLISION,MVIW,PED_ACTION,ROAD_SURFACE,ROAD_COND_1,ROAD_COND_2,LIGHTING,CONTROL_DEVICE,CHP_ROAD_TYPE,PEDESTRIAN_ACCIDENT,BICYCLE_ACCIDENT,MOTORCYCLE_ACCIDENT,TRUCK_ACCIDENT,NOT_PRIVATE_PROPERTY,ALCOHOL_INVOLVED,STWD_VEHTYPE_AT_FAULT,CHP_VEHTYPE_AT_FAULT,COUNT_SEVERE_INJ,COUNT_VISIBLE_INJ,COUNT_COMPLAINT_PAIN,COUNT_PED_KILLED,COUNT_PED_INJURED,COUNT_BICYCLIST_KILLED,COUNT_BICYCLIST_INJURED,COUNT_MC_KILLED,COUNT_MC_INJURED,PRIMARY_RAMP,SECONDARY_RAMP,LATITUDE,LONGITUDE,COUNTY,CITY,POINT_X,POINT_Y
91272811,2020,2020-07-22,9240,2020-07-15,1515,018967,,3,2,9,0400,0,3,5,,2,010,"MINERS RANCH RD","MOUNT IDA RD",2640.00,S,N,A,-,N,,,,,,,,,,Y,2,0,2,2,A,-,01,23152,F,N,A,C,A,A,H,-,A,D,0,,,,,Y,,A,01,2,0,0,0,0,0,0,0,0,"- ","- ",39.484260559082031,-121.41561889648438,BUTTE,UNINCORPORATED,-121.45622253417969,39.484844207763672
91274146,2020,2020-07-24,9240,2020-07-14,0558,019060,,2,3,9,0400,0,1,3,,2,041,SR-162,"SIMMONS RD",1310.00,N,N,A,-,Y,,,162,,,,,,,Y,2,0,1,1,A,-,05,21650,,N,E,I,A,A,H,-,A,D,0,,,,,Y,,D,22,1,0,0,0,0,0,0,0,0,"- ","- ",39.567680358886719,-121.43482971191406,BUTTE,UNINCORPORATED,-121.43489837646484,39.567646026611328
91277322,2019,2020-07-30,9240,2019-12-03,1639,019055,,2,2,3,0404,0,1,3,,2,031,"SR-70 N/B","MONGOMERTY STREET",518.00,S,N,A,-,Y,,,,,,,,,,Y,1,1,0,2,A,-,01,23152,F,N,C,C,A,A,H,-,A,D,0,,,,Y,Y,,A,01,0,0,0,0,0,0,0,0,0,"- ","- ",39.50714111328125,-121.57341003417969,BUTTE,OROVILLE,,
91284279,2020,2020-08-13,9240,2020-08-08,1810,019256,,6,2,9,0400,0,3,5,,2,020,"MEAD AVE.","DRAKE AVE",1563.00,S,N,A,-,N,,,,,,,,,,Y,2,0,1,1,A,-,01,23152,A,N,E,I,A,A,H,-,A,D,0,,,,,Y,Y,D,22,1,0,0,0,0,0,0,0,0,"- ","- ",39.395408630371094,-121.6787109375,BUTTE,UNINCORPORATED,,
91300484,2020,2020-09-16,9241,2020-09-05,1925,019692,,6,2,9,0400,0,2,4,,2,096,"HONEY RUN RD",SKYWAY,10560.00,E,N,A,-,N,,,,,,,,,,Y,2,0,1,1,A,-,08,22107,,N,E,I,A,A,H,-,A,D,0,,,Y,,Y,,C,02,1,0,0,0,0,0,0,0,1,"- ","- ",39.71295166015625,-121.74257659912109,BUTTE,UNINCORPORATED,-121.73979949951172,39.713607788085938
91309988,2020,2020-09-23,9240,2020-08-22,1500,019710,,6,2,9,0400,0,3,5,,2,010,"ORO BANGOR HWY","V-7 RD",91.00,S,N,A,-,N,,,,,,,,,,Y,2,0,1,1,A,-,01,23152,A,N,E,I,A,A,H,-,A,D,0,,,,,Y,Y,A,01,1,0,0,0,0,0,0,0,0,"- ","- ",39.491191864013672,-121.53840637207031,BUTTE,UNINCORPORATED,-121.538465,39.491188000000001
91312478,2020,2020-09-28,9240,2020-09-18,0014,019256,,5,3,9,0400,0,3,5,,2,030,"POPLAR ST","SWEEM ST",0.00,,Y,A,-,N,,,,,,,,,,Y,2,0,1,1,A,-,01,23152,A,N,E,I,A,A,H,-,D,A,0,,,,,Y,Y,A,08,1,0,0,0,0,0,0,0,0,"- ","- ",39.512989044189453,-121.60753631591797,BUTTE,UNINCORPORATED,-121.60752868652344,39.512969970703125
91320197,2020,2020-10-08,9241,2020-10-05,1445,016360,,1,2,9,0400,0,2,4,,2,063,"COHASSET RD.","VILAS RD.",171.00,S,N,A,-,N,,,,,,,,,,Y,2,0,1,2,A,-,05,21460,A,N,B,C,A,A,H,-,A,D,0,,,Y,Y,Y,,C,02,1,0,0,0,0,0,0,0,1,"- ","- ",39.8985595703125,-121.74336242675781,BUTTE,UNINCORPORATED,-121.74238586425781,39.8988037109375
91321070,2020,2020-10-09,9240,2020-10-03,0720,018841,,6,1,9,0400,0,3,5,,2,020,"RT 162","RICETON HWY",676.00,W,N,A,-,Y,,,162,,,,,,,Y,2,0,1,1,A,-,01,23152,A,N,F,A,A,A,H,-,A,D,0,,,,,Y,Y,A,01,1,0,0,0,0,0,0,0,0,"- ","- ",39.464950561523438,-121.72927093505859,BUTTE,UNINCORPORATED,-121.72927093505859,39.464889526367188
91324049,2020,2020-10-14,9240,2020-10-06,0930,017532,,2,1,9,0400,0,3,5,,2,030,"CHEROKEE RD","RED TAPE RD",675.00,N,N,A,-,N,,,,,,,,,,Y,2,0,1,1,A,-,08,22107,,N,E,I,A,A,H,-,A,D,0,,,,,Y,,A,01,1,0,0,0,0,0,0,0,0,"- ","- ",39.617649078369141,-121.52645874023438,BUTTE,UNINCORPORATED,-121.52654266357422,39.617874145507812
91324371,2020,2020-10-15,9240,2020-10-04,2321,021137,,7,3,9,0400,0,1,3,,1,011,SR-70,"COX LN",1056.00,N,N,A,-,Y,,,70,,,,,,,Y,2,0,2,2,A,-,05,21460,A,N,A,C,A,A,H,-,D,D,0,,,,,Y,,A,07,2,0,0,0,0,0,0,0,0,"- ","- ",39.386478424072266,-121.61103820800781,BUTTE,UNINCORPORATED,-121.611083984375,39.386508941650391
91328802,2020,2020-10-21,9241,2020-10-19,1405,016360,,1,2,9,0400,0,1,3,,1,061,SR-99,"HAMILTON NORD CANA HWY",5280.00,S,N,A,-,Y,,,,,,,,,,Y,2,0,2,2,A,-,08,22107,,N,A,C,A,A,H,-,A,D,0,,,,,Y,,D,22,2,0,0,0,0,0,0,0,0,"- ","- ",39.510501861572266,-121.56999969482422,BUTTE,UNINCORPORATED,-121.94696807861328,39.847335815429688
91339219,2020,2020-11-04,9240,2020-04-12,1858,019653,,7,2,9,0400,0,3,5,,2,030,"GRAND AVE","GOLD COUNTRY LN",1584.00,W,N,A,-,N,,,,,,,,,,Y,1,3,2,1,A,-,01,23152,A,N,E,I,A,A,H,-,A,D,0,,,,,Y,Y,D,22,2,0,0,0,0,0,0,0,0,"- ","- ",39.509529113769531,-121.63292694091797,BUTTE,UNINCORPORATED,-121.63236999511719,39.509449005126953
91347985,2020,2020-11-18,9240,2020-11-04,0820,017532,,3,1,9,0400,0,3,5,,2,020,"LARKIN RD.","E. HAMILTON RD.",2900.00,N,N,A,-,N,,,,,,,,,,Y,2,0,1,1,A,-,08,22107,,N,F,A,A,A,H,-,A,D,0,,,,,Y,,D,22,1,0,0,0,0,0,0,0,0,"- ","- ",39.455680847167969,-121.64697265625,BUTTE,UNINCORPORATED,-121.64775848388672,39.455780029296875
91353770,2020,2020-11-25,9240,2020-10-31,0530,018396,,6,3,9,0400,0,3,5,,2,020,"AGUAS FRIAS ROAD","RICHVALE HWY",5280.00,N,N,A,-,N,,,,,,,,,,Y,2,0,1,1,A,-,08,22107,,N,E,I,A,A,H,-,D,D,0,,,,,Y,,A,07,1,0,0,0,0,0,0,0,0,"- ","- ",39.513179779052734,-121.85724639892578,BUTTE,UNINCORPORATED,-121.85732269287109,39.507610321044922
91357791,2020,2020-12-02,9240,2020-11-23,1117,015532,,1,1,9,0400,0,3,5,,2,010,"SR-162 W","WICKMAN RD",3075.00,W,N,A,-,Y,,,,,,,,,,Y,2,0,1,1,A,-,08,22107,,N,F,A,A,A,H,-,A,D,0,,,,,Y,,A,07,1,0,0,0,0,0,0,0,0,"- ","- ",39.275341033935547,-121.47312164306641,BUTTE,UNINCORPORATED,-121.79282379150391,39.464809417724609
91360021,2020,2020-12-07,9285,2020-11-25,2130,020224,,3,2,9,0400,0,3,5,,1,008,"LA PORTE RD","UPHAM RD",100.00,W,N,A,-,N,,,,,,,,,,Y,2,0,1,2,A,-,21,22106,,N,C,C,A,A,H,-,A,D,0,,,,,Y,,A,01,1,0,0,0,0,0,0,0,0,"- ","- ",39.419521331787109,-121.36615753173828,BUTTE,UNINCORPORATED,-121.36615753173828,39.419567108154297
91360049,2020,2020-12-07,9241,2020-11-29,0800,017170,,7,1,5,0402,0,1,3,,2,100,"SR-99 S/B",SR-32,1056.00,S,N,A,-,Y,,,99,,,,,,S,Y,2,0,1,1,A,-,01,23152,F,N,E,I,A,A,H,-,A,D,0,,,,,Y,,A,01,1,0,0,0,0,0,0,0,0,"- ","- ",39.732818603515625,-121.81504821777344,BUTTE,CHICO,-121.81501007080078,39.732868194580078
91361201,2020,2020-12-08,9240,2020-08-27,0842,018396,,4,1,9,0400,0,1,3,,2,031,SR-70,"GARDEN DRIVE OC",899.00,S,N,A,-,Y,,,70,,,,,,,Y,2,0,1,1,A,-,01,23152,F,N,E,I,A,A,H,-,A,D,0,,,,,Y,,A,01,1,0,0,0,0,0,0,0,0,"- ","- ",39.532199859619141,-121.58014678955078,BUTTE,UNINCORPORATED,-121.58016204833984,39.532188415527344
91361381,2020,2021-03-25,9240,2020-11-10,1555,019710,,2,2,9,0400,0,3,5,,2,010,"LINCOLN BOULEVARD","MYERS ST",22.00,N,N,A,-,N,,,,,,,,,,N,1,1,0,2,A,-,10,21950,A,N,G,B,B,A,H,-,A,A,0,Y,,,,Y,,A,07,0,0,0,1,0,0,0,0,0,"- ","- ",39.491531372070312,-121.55056762695312,BUTTE,UNINCORPORATED,-121.55068206787109,39.491458892822266
91362441,2020,2020-12-10,9240,2020-12-03,1320,018841,,4,1,9,0400,0,3,5,,2,010,"PALERMO RD.","MARTHA LN",307.00,E,N,A,-,N,,,,,,,,,,Y,2,0,1,1,A,-,08,22107,,N,E,I,A,A,H,-,A,D,0,,,,,Y,,A,07,1,0,0,0,0,0,0,0,0,"- ","- ",39.434398651123047,-121.56732940673828,BUTTE,UNINCORPORATED,-121.56710815429688,39.434494018554688
91366820,2020,2020-12-14,9240,2020-12-04,1535,019710,,5,2,9,0400,0,3,5,,2,010,"MINERS RANCH RD","MT. IDA ROAD",3235.00,S,N,A,-,N,,,,,,,,,,N,2,0,1,2,A,-,03,22350,,F,C,C,A,A,H,-,A,D,0,,,,,Y,,D,22,1,0,0,0,0,0,0,0,0,"- ","- ",39.483200073242188,-121.45655822753906,BUTTE,UNINCORPORATED,-121.45652008056641,39.483234405517578
91367512,2020,2021-05-10,9241,2020-06-10,1245,018796,,3,1,9,0400,0,1,3,,2,081,"SR-99 N/B","NEAL RD",60.00,S,N,A,-,Y,,,99,,,,,,N,Y,1,2,6,6,A,-,03,22350,,N,C,C,A,A,H,-,A,A,0,,,,Y,Y,,G,25,1,3,2,0,0,0,0,0,0,"- ","- ",39.665489196777344,-121.74331665039062,BUTTE,UNINCORPORATED,-121.74332427978516,39.665481567382812
91380898,2020,2021-01-05,9240,2020-12-28,0203,020170,,1,3,5,0402,0,1,S,,2,901,"MAIN STREET",SR-32,0.00,,Y,B,-,Y,,,,,,,,,,Y,2,0,2,2,A,-,01,23152,A,N,D,C,A,B,H,-,D,A,0,,,,,Y,Y,A,01,1,1,0,0,0,0,0,0,0,"- ","- ",39.725570678710938,-121.83489227294922,BUTTE,CHICO,-121.83567047119141,39.726200103759766
91393694,2021,2021-01-25,9240,2021-01-24,0054,020170,,7,3,9,0400,0,1,3,,1,021,"SR-99 S/B","MORRISON SLOUGH",450.00,N,N,A,-,Y,,,99,,,,,,S,N,2,0,1,2,D,-,00,,,F,G,B,E,A,H,-,D,D,0,Y,,,,Y,,-,"- ",1,0,0,0,1,0,0,0,0,"- ","- ",39.306228637695312,-121.67311096191406,BUTTE,UNINCORPORATED,-121.67306518554688,39.306247711181641
91394293,2020,2021-01-26,9240,2020-07-28,2500,017760,,2,4,9,0400,0,3,5,,2,020,"RICHVALE HWY","WICKMAN RD",5280.00,W,N,A,-,N,,,,,,,,,,Y,1,1,0,1,A,-,01,23152,A,N,F,I,A,A,H,-,D,D,0,,,,,Y,Y,A,07,0,0,0,0,0,0,0,0,0,"- ","- ",39.493080139160156,-121.80094909667969,BUTTE,UNINCORPORATED,-121.80085754394531,39.493156433105469
91399814,2020,2021-02-01,9240,2020-09-20,0900,015532,,7,1,9,0400,0,3,5,,2,010,"LINCOLN BLVD","STANLEY DR",134.00,N,N,A,-,N,,,,,,,,,,Y,1,1,2,2,A,-,01,23152,F,N,D,C,A,A,H,-,A,D,0,,,,,Y,,A,01,0,0,2,0,0,0,0,0,0,"- ","- ",39.447948455810547,-121.55172729492188,BUTTE,UNINCORPORATED,-121.55171966552734,39.447879791259766
9140635,2020,2020-09-09,0404,2020-06-22,0532,714,TH,1,5,3,0404,0,0,0,,0,0TH,"NELSON AV","DEL ORO AV",0.00,,Y,A,-,N,,,,,,,,,,Y,2,0,1,2,A,-,09,21801,A,N,D,C,A,A,H,-,A,D,0,,,Y,,Y,,D,22,1,0,0,0,0,0,0,0,1,"- ","- ",39.524070739746094,-121.56813049316406,BUTTE,OROVILLE,-121.56815338134766,39.524070739746094
91407779,2021,2021-02-12,9240,2021-01-05,0744,019060,,2,1,9,0400,0,3,5,,2,020,"BIGGS EAST HWY","MEAD AVE",1146.00,W,N,A,-,N,,,,,,,,,,Y,1,1,0,1,A,-,08,22107,,N,F,A,A,B,H,-,A,D,0,,,,,Y,,A,01,0,0,0,0,0,0,0,0,0,"- ","- ",39.414890289306641,-121.68267822265625,BUTTE,UNINCORPORATED,-121.682861328125,39.415042877197266
91419170,2021,2021-03-02,9240,2021-01-05,0618,015532,,2,1,9,0400,0,3,5,,2,020,"LARKIN RD","TURNER AVE",1390.00,N,N,E,-,N,,,,,,,,,,Y,1,1,2,2,A,-,09,21804,A,N,D,C,A,B,H,-,D,D,0,,,,,Y,,D,22,1,1,0,0,0,0,0,0,0,"- ","- ",39.326641082763672,-121.66004180908203,BUTTE,UNINCORPORATED,-121.66004943847656,39.327316284179688
91420128,2021,2021-03-17,9240,2021-02-04,2124,021137,,4,2,9,0400,0,1,3,,1,021,SR-99,"HASTINGS AVE",394.00,S,N,A,-,Y,,,99,,,,,,,Y,1,1,0,2,A,-,11,21956,A,N,G,B,E,A,H,-,D,D,0,Y,,,,Y,,N,60,0,0,0,1,0,0,0,0,0,"- ","- ",39.396690368652344,-121.68808746337891,BUTTE,UNINCORPORATED,-121.68803405761719,39.396690368652344
91423968,2020,2021-03-10,9240,2020-08-19,1230,017760,,3,1,9,0400,0,3,5,,2,040,"ORO QUINCY HWY","OUTPOST RD",8448.00,E,N,F,-,N,,,,,,,,,,Y,1,1,0,2,A,-,05,21460,A,N,A,C,A,A,H,-,A,D,0,,,Y,Y,Y,,F,26,0,0,0,0,0,0,0,1,0,"- ","- ",39.707561492919922,-121.32086181640625,BUTTE,UNINCORPORATED,-121.32148742675781,39.706813812255859
91455996,2021,2021-05-05,9240,2021-04-07,2328,020170,,3,3,3,0404,0,2,S,,2,901,"ORO DAM BOULEVARD E.","BRIDGE ST",0.00,,Y,A,-,N,,,,,,,,,,Y,2,0,2,1,A,-,01,23152,F,F,E,I,A,A,H,-,C,A,0,,,,,Y,,A,01,2,0,0,0,0,0,0,0,0,"- ","- ",39.510639190673828,-121.542236328125,BUTTE,OROVILLE,,
91457111,2021,2021-05-21,9241,2021-04-05,1550,018796,,1,2,9,0400,0,2,4,,2,070,SKYWAY,"PENTZ RD",1161.00,N,N,A,-,N,,,,,,,,,,Y,1,1,1,1,A,-,01,23152,G,N,E,I,A,A,H,-,A,D,0,,,,,Y,Y,B,01,1,0,0,0,0,0,0,0,0,"- ","- ",39.802810668945312,-121.57859802246094,BUTTE,UNINCORPORATED,-121.57904052734375,39.803176879882812
91459690,2021,2021-04-27,9240,2021-04-17,2301,020170,,6,3,9,0400,0,3,5,,2,040,"ORO QUINCY HWY","FOX HILL RD",1370.00,E,N,A,-,Y,,,,,,,,,,Y,2,0,1,2,A,-,08,22107,,N,E,I,A,A,H,-,D,D,0,,,,,Y,,A,08,1,0,0,0,0,0,0,0,0,"- ","- ",39.698600769042969,-121.32820129394531,BUTTE,UNINCORPORATED,,
91464688,2021,2021-05-03,9240,2021-04-11,1905,018967,,7,2,9,0400,0,1,3,,2,022,SR-162,"RICETON HWY",1710.00,W,N,A,-,Y,,,162,,,,,,,Y,1,2,0,2,A,-,12,22451,A,N,E,I,A,A,H,-,A,A,0,,,,,Y,,D,22,0,0,0,0,0,0,0,0,0,"- ","- ",39.464801788330078,-121.73200225830078,BUTTE,UNINCORPORATED,-121.73200225830078,39.464862823486328
91466383,2021,2021-05-27,9241,2021-05-03,1205,018540,,1,1,9,0400,0,1,3,,2,080,SR-32,"JORDAN PLACE",954.00,W,N,A,-,Y,,,,,,,,,,Y,2,0,1,2,A,-,09,21804,A,N,A,D,A,A,H,-,A,D,0,,,Y,,Y,,C,02,1,0,0,0,0,0,0,0,1,"- ","- ",39.742900848388672,-121.89576721191406,BUTTE,UNINCORPORATED,-121.89572906494141,39.747337341308594
91466564,2021,2021-05-27,9240,2021-04-26,0400,019256,,1,3,9,0400,0,1,3,,1,011,SR-70,"LITTLE RANCH RD",450.00,S,N,A,-,Y,,,70,,,,,,,Y,2,0,1,1,A,-,01,23152,F,N,E,8,A,A,H,-,D,D,0,,,,,Y,,A,01,1,0,0,0,0,0,0,0,0,"- ","- ",39.404769897460938,-121.60481262207031,BUTTE,UNINCORPORATED,-121.60486602783203,39.404769897460938
91472799,2021,2021-12-22,9240,2021-05-05,1355,017532,,3,1,9,0400,0,3,5,,2,040,"LUMPKIN RD.","FAYE MAR DR.",3180.00,E,N,A,-,N,,,,,,,,,,Y,2,0,2,2,A,-,05,21460,A,N,A,C,A,A,H,-,A,D,0,,,,Y,Y,,F,27,1,1,0,0,0,0,0,0,0,"- ","- ",39.513759613037109,-121.34616851806641,BUTTE,UNINCORPORATED,-121.34620666503906,39.513816833496094
91491387,2021,2021-06-08,9240,2021-06-03,2228,020170,,4,3,9,0400,0,3,5,,2,020,"LARKIN RD","STEADMAN RD",75.00,N,N,A,-,N,,,,,,,,,,Y,2,0,1,1,A,-,01,23152,A,N,E,I,A,A,H,-,D,D,0,,,,,Y,Y,A,07,1,0,0,0,0,0,0,0,0,"- ","- ",39.390541076660156,-121.64730072021484,BUTTE,UNINCORPORATED,-121.64728546142578,39.390522003173828
9149599,2020,2020-11-20,0402,2020-08-06,2127,P00048,43,4,5,5,0402,0,0,0,,0,003,"E 8TH ST","CYPRESS ST",0.00,,Y,A,-,Y,BUT,3,32,-,-,9.459,I,5,W,Y,2,0,1,2,A,-,12,21453,A,N,D,C,A,A,H,-,C,A,0,,,,,Y,,A,01,1,0,0,0,0,0,0,0,0,"- ","- ",,,BUTTE,CHICO,-121.830322265625,39.729804992675781
91501629,2021,2021-06-21,9241,2021-06-15,1720,019006,,2,2,9,0400,0,1,3,,2,100,"SR-99 N/B","GARNER LN",4224.00,S,N,A,-,Y,,,,,,,,,,Y,2,0,4,4,A,-,03,22350,,N,C,C,A,A,H,-,A,D,0,,,,,Y,,D,22,2,1,1,0,0,0,0,0,0,"- ","- ",38.783199310302734,-121.88359069824219,BUTTE,UNINCORPORATED,-121.89076232910156,39.789012908935547
91505930,2021,2021-06-24,9241,2021-06-19,1105,017170,,6,1,9,0400,0,2,4,,2,095,"DURHAM PENTZ RD.",SR-99,408.00,E,N,A,-,N,,,,,,,,,,Y,2,0,2,1,A,-,08,22107,,N,F,A,A,A,H,-,A,D,0,,,,,Y,Y,A,07,1,1,0,0,0,0,0,0,0,"- ","- ",39.642280578613281,-121.71202087402344,BUTTE,UNINCORPORATED,-121.71226501464844,39.642230987548828
91510358,2021,2021-06-30,9240,2021-06-29,0840,017532,,2,1,9,0400,0,3,5,,2,010,"HILDALE AVENUE","ROSSMORE LANE",337.00,E,N,A,-,N,,,,,,,,,,Y,2,0,3,1,A,-,08,22107,,N,E,I,A,A,H,-,A,D,0,,,,,Y,,A,01,2,1,0,0,0,0,0,0,0,"- ","- ",39.502750396728516,-121.52008056640625,BUTTE,UNINCORPORATED,-121.52030181884766,39.502574920654297
91515012,2021,2021-07-07,9241,2021-06-29,1745,019692,,2,2,9,0400,0,2,4,,2,071,SKYWAY,"LOVELOCK RD.",92.00,E,N,A,-,N,,,,,,,,,,Y,2,0,2,2,A,-,01,23152,A,N,A,C,A,A,H,-,A,A,0,,,,,Y,Y,A,07,1,0,1,0,0,0,0,0,0,"- ","- ",39.890880584716797,-121.57716369628906,BUTTE,UNINCORPORATED,-121.57750701904297,39.891090393066406
91533458,2021,2021-07-30,9240,2021-07-11,1530,019710,,7,2,9,0400,0,3,5,,2,020,"TOWNSHIP RD","WEST EVANS REIMER RAOD",0.00,,Y,A,-,N,,,,,,,,,,Y,2,0,3,2,A,-,09,21802,A,N,D,C,A,A,H,-,A,A,0,,,,,Y,,D,22,2,1,0,0,0,0,0,0,0,"- ","- ",39.334060668945312,-121.68773651123047,BUTTE,UNINCORPORATED,-121.68769836425781,39.334087371826172
91539125,2021,2021-08-06,9240,2021-07-11,1320,020587,,7,1,9,0400,0,1,3,,2,032,"STATE HIGHWAY 70","GRIZZLY CREEK BRIDGE",13728.00,W,N,A,-,Y,,,70,,,,,,,Y,1,1,0,1,A,-,08,22107,,N,E,I,A,A,H,-,A,D,0,,,Y,,Y,,C,02,0,0,0,0,0,0,0,1,0,"- ","- ",39.842380523681641,-121.40370178222656,BUTTE,UNINCORPORATED,-121.40369415283203,39.842411041259766
91546186,2021,2021-08-16,9240,2021-08-10,1401,019653,,2,2,9,0400,0,1,3,,1,011,"SR-70 NORTHBOUND","OPHIR ROAD",130.00,S,N,A,-,Y,,,,,,,,,,Y,2,0,2,2,A,-,03,22350,,N,C,C,A,A,H,-,A,A,0,,,Y,,Y,,C,02,1,0,1,0,0,0,0,0,1,"- ","- ",39.463668823242188,-121.57916259765625,BUTTE,UNINCORPORATED,-121.57916259765625,39.463710784912109
91546196,2021,2021-08-16,9240,2021-08-07,2109,021137,,6,2,9,0400,0,3,5,,2,020,"LARKIN RD","EVANS REIMER ROAD",82.00,S,N,A,-,N,,,,,,,,,,Y,2,0,2,2,A,-,01,23152,A,N,C,C,A,A,H,-,C,A,0,,,,Y,Y,Y,A,01,1,1,0,0,0,0,0,0,0,"- ","- ",39.334300994873047,-121.65995025634766,BUTTE,UNINCORPORATED,-121.65997314453125,39.334213256835938
91549571,2021,2021-08-19,9241,2021-08-02,0117,020686,,1,3,9,0400,0,2,4,,2,090,SKYWAY,"SANTA ROSA RD.",2640.00,E,N,A,-,N,,,,,,,,,,Y,1,1,0,1,A,-,08,22107,,N,E,I,A,A,H,-,D,D,0,,,,,Y,Y,A,01,0,0,0,0,0,0,0,0,0,"- ","- ",39.714088439941406,-121.71138000488281,BUTTE,UNINCORPORATED,,
91550384,2021,2021-08-20,9241,2021-08-19,1130,018540,,4,1,9,0400,0,2,4,,2,065,"HAMILTON NORD CANA HWY","CANA HWY",0.00,,Y,A,-,N,,,,,,,,,,Y,2,0,1,2,A,-,09,21802,A,N,D,C,A,A,H,-,A,D,0,,,,,Y,,E,22,1,0,0,0,0,0,0,0,0,"- ","- ",39.840549468994141,-121.95697021484375,BUTTE,UNINCORPORATED,-121.95688629150391,39.840309143066406
91554871,2021,2021-08-26,9240,2021-04-24,0950,015532,,6,1,9,0400,0,3,5,,2,010,"FORBESTOWN RD","POWELL RIDGE RD",2270.00,E,N,B,C,N,,,,,,,,,,Y,1,1,0,1,A,-,03,22350,,N,E,I,A,B,H,-,A,D,0,,,,,Y,,D,22,0,0,0,0,0,0,0,0,0,"- ","- ",39.504409790039062,-121.34249877929688,BUTTE,UNINCORPORATED,-121.34373474121094,39.504966735839844
91558595,2021,2021-08-30,9241,2021-08-16,1600,018879,,1,2,9,0400,0,3,5,,2,006,"NORTHWOOD DR","IMPERIAL WAY",650.00,S,N,A,-,N,,,,,,,,,,N,2,0,1,1,A,-,03,22350,,N,F,A,A,A,H,-,A,D,0,,Y,,,Y,,L,04,1,0,0,0,0,0,1,0,0,"- ","- ",39.847831726074219,-121.58599853515625,BUTTE,UNINCORPORATED,-121.58597564697266,39.847846984863281
91558730,2021,2021-08-30,9240,2021-08-18,0730,017532,,3,1,9,0400,0,3,5,,2,030,"CHEROKEE RD","VINTON GULCH RD.",2640.00,S,N,A,-,N,,,,,,,,,,Y,2,0,1,2,A,-,05,21460,A,N,A,C,A,A,H,-,A,D,0,,,Y,,Y,,D,22,1,0,0,0,0,0,0,0,1,"- ","- ",39.642971038818359,-121.54509735107422,BUTTE,UNINCORPORATED,-121.54604339599609,39.643699645996094
91568883,2021,2021-09-13,9241,2021-09-01,1538,018578,,3,2,9,0400,0,1,3,,1,061,"COLTER WAY","COLTER CT",20.00,E,N,A,-,N,,,,,,,,,,N,2,0,1,2,A,-,11,21954,A,N,G,B,D,A,H,-,A,D,0,Y,,,,Y,,N,60,1,0,0,0,1,0,0,0,0,"- ","- ",39.843700408935547,-121.60568237304688,BUTTE,UNINCORPORATED,-121.60560607910156,39.843601226806641
91574923,2021,2021-09-20,9241,2021-08-11,0040,020686,,3,3,9,0400,0,3,5,,2,006,"MERIDIAN RD.",SR-32,209.00,S,N,A,-,N,,,,,,,,,,Y,1,1,1,1,A,-,01,23152,G,N,E,I,A,A,H,-,D,A,0,,,,,Y,Y,A,07,1,0,0,0,0,0,0,0,0,"- ","- ",39.752689361572266,-121.91912841796875,BUTTE,UNINCORPORATED,-121.9190673828125,39.752735137939453
91581482,2021,2021-09-28,9240,2021-09-25,1440,018967,,6,2,9,0400,0,3,5,,2,010,"FOOTHILL BLVD","DUNSTONE DR",2112.00,E,N,A,-,N,,,,,,,,,,Y,2,0,1,1,A,-,08,22107,,N,E,I,A,A,H,-,A,D,0,,,Y,,Y,,C,02,1,0,0,0,0,0,0,0,1,"- ","- ",39.461318969726562,-121.46047973632812,BUTTE,UNINCORPORATED,-121.46084594726562,39.461112976074219