CASE_ID,ACCIDENT_YEAR,PROC_DATE,JURIS,COLLISION_DATE,COLLISION_TIME,OFFICER_ID,REPORTING_DISTRICT,DAY_OF_WEEK,CHP_SHIFT,POPULATION,CNTY_CITY_LOC,SPECIAL_COND,BEAT_TYPE,CHP_BEAT_TYPE,CITY_DIVISION_LAPD,CHP_BEAT_CLASS,BEAT_NUMBER,PRIMARY_RD,SECONDARY_RD,DISTANCE,DIRECTION,INTERSECTION,WEATHER_1,WEATHER_2,STATE_HWY_IND,CALTRANS_COUNTY,CALTRANS_DISTRICT,STATE_ROUTE,ROUTE_SUFFIX,POSTMILE_PREFIX,POSTMILE,LOCATION_TYPE,RAMP_INTERSECTION,SIDE_OF_HWY,TOW_AWAY,COLLISION_SEVERITY,NUMBER_KILLED,NUMBER_INJURED,PARTY_COUNT,PRIMARY_COLL_FACTOR,PCF_CODE_OF_VIOL,PCF_VIOL_CATEGORY,PCF_VIOLATION,PCF_VIOL_SUBSECTION,HIT_AND_RUN,TYPE_OF_COLLISION,MVIW,PED_ACTION,ROAD_SURFACE,ROAD_COND_1,ROAD_COND_2,LIGHTING,CONTROL_DEVICE,CHP_ROAD_TYPE,PEDESTRIAN_ACCIDENT,BICYCLE_ACCIDENT,MOTORCYCLE_ACCIDENT,TRUCK_ACCIDENT,NOT_PRIVATE_PROPERTY,ALCOHOL_INVOLVED,STWD_VEHTYPE_AT_FAULT,CHP_VEHTYPE_AT_FAULT,COUNT_SEVERE_INJ,COUNT_VISIBLE_INJ,COUNT_COMPLAINT_PAIN,COUNT_PED_KILLED,COUNT_PED_INJURED,COUNT_BICYCLIST_KILLED,COUNT_BICYCLIST_INJURED,COUNT_MC_KILLED,COUNT_MC_INJURED,PRIMARY_RAMP,SECONDARY_RAMP,LATITUDE,LONGITUDE,COUNTY,CITY,POINT_X,POINT_Y
91586965,2021,2021-10-04,9240,2021-06-06,2152,019842,,7,2,9,0400,0,3,5,,2,010,"PALERMO RD","LONE TREE RD",0.00,,Y,A,-,N,,,,,,,,,,Y,2,0,3,2,A,-,12,22450,A,N,D,D,A,A,H,-,D,A,0,,,,,Y,,A,01,2,1,0,0,0,0,0,0,0,"- ","- ",39.434219360351562,-121.57678985595703,BUTTE,UNINCORPORATED,-121.57678985595703,39.434200286865234
91593420,2021,2021-10-11,9240,2021-04-29,1158,019060,,4,1,9,0400,0,3,5,,2,010,"LINCOLN BLVD","BAGGETT MARYSVILLE RD",565.00,N,N,A,-,N,,,,,,,,,,Y,1,3,1,1,A,-,01,23152,F,N,E,I,A,A,H,-,A,D,0,,,,,Y,,A,07,1,0,0,0,0,0,0,0,0,"- ","- ",39.489231109619141,-121.55145263671875,BUTTE,UNINCORPORATED,-121.55072784423828,39.490585327148438
91600112,2021,2021-10-19,9240,2021-10-12,2350,019256,,2,3,9,0400,0,3,5,,2,010,"HILDALE AVE","ARBOL AVE.",65.00,E,N,A,-,N,,,,,,,,,,Y,2,0,1,1,A,-,01,23152,A,N,F,A,A,A,H,-,D,D,0,,,Y,,Y,Y,C,02,1,0,0,0,0,0,0,0,1,"- ","- ",39.503860473632812,-121.5186767578125,BUTTE,UNINCORPORATED,-121.5185546875,39.503688812255859
91606578,2021,2021-10-26,9240,2021-10-22,2143,020376,,5,2,9,0400,0,1,3,,1,011,"SR70 N/B","OPHIR ROAD",0.00,,Y,B,-,Y,,,,,,,,,,Y,2,0,4,2,A,-,01,23152,A,N,D,C,A,A,H,-,C,A,0,,,,,Y,Y,A,08,1,3,0,0,0,0,0,0,0,"- ","- ",39.464008331298828,-121.57894897460938,BUTTE,UNINCORPORATED,-121.57888793945312,39.464000701904297
91608814,2020,2021-10-29,9240,2020-11-14,0036,020587,,6,3,9,0400,0,1,3,,1,021,"STATE ROUTE 99","SOUTH AVE",1695.00,S,N,E,-,Y,,,99,,,,,,,Y,1,1,0,6,A,-,03,22350,,N,C,C,E,A,H,-,D,D,0,Y,,,Y,Y,,G,25,0,0,0,1,0,0,0,0,0,"- ","- ",39.387729644775391,-121.68804168701172,BUTTE,UNINCORPORATED,-121.68800354003906,39.387729644775391
91613482,2021,2021-11-02,9240,2021-04-15,0822,019060,,4,1,9,0400,0,3,5,,2,010,"LINCOLN BLVD","VIRGINIA AVE",577.00,N,N,A,-,N,,,,,,,,,,Y,1,1,1,1,A,-,01,23152,F,N,E,I,A,A,H,-,A,D,0,,,,,Y,,A,07,1,0,0,0,0,0,0,0,0,"- ","- ",39.4835205078125,-121.55130767822266,BUTTE,UNINCORPORATED,-121.55110168457031,39.483421325683594
91615060,2021,2021-11-03,9240,2021-10-30,1645,019256,,6,2,9,0400,0,3,5,,2,010,"DUNSTONE DR.","GRUBBS RD",1940.00,N,N,A,-,N,,,,,,,,,,Y,2,0,1,1,A,-,01,23152,A,N,F,A,A,A,H,-,A,D,0,,,Y,,Y,Y,C,02,1,0,0,0,0,0,0,0,1,"- ","- ",39.437179565429688,-121.46756744384766,BUTTE,UNINCORPORATED,-121.467529296875,39.437175750732422
91621016,2021,2021-11-10,9240,2021-11-08,0955,017062,,1,1,9,0400,0,1,3,,2,031,"SR-70 N/B","MONTGOMERY ST.",2640.00,N,N,A,-,Y,,,,,,,,,,Y,2,0,2,2,A,-,07,21658,A,N,C,C,A,A,H,-,A,D,0,,,,Y,Y,,A,01,1,1,0,0,0,0,0,0,0,"- ","- ",39.510761260986328,-121.57259368896484,BUTTE,UNINCORPORATED,-121.57276916503906,39.510139465332031
91623446,2021,2021-11-12,9241,2021-11-09,2140,018540,,2,2,5,0402,0,1,3,,2,100,"SR-99 N/B","E. 20TH ST.",2000.00,N,N,B,-,Y,,,99,,,,,,N,Y,2,0,1,1,A,-,08,22107,,N,E,I,A,A,H,-,D,D,0,,,,,Y,,A,01,1,0,0,0,0,0,0,0,0,"- ","- ",39.730918884277344,-121.81275177001953,BUTTE,CHICO,-121.81277465820312,39.730899810791016
91624323,2021,2021-11-15,9241,2021-11-07,1946,019972,,7,2,9,0400,0,1,3,,2,080,SR-99,"ESTATES DR.",40.00,N,N,A,-,Y,,,99,,,,,,,Y,2,0,2,4,A,-,01,23152,A,N,C,C,A,A,H,-,C,A,0,,,,,Y,Y,A,01,2,0,0,0,0,0,0,0,0,"- ","- ",39.690231323242188,-121.77374267578125,BUTTE,UNINCORPORATED,-121.77375030517578,39.690223693847656
91630386,2021,2022-05-16,9240,2021-11-08,2247,019256,,1,3,9,0400,0,1,3,,1,021,SR-99,"WRIGHT AVE.",137.00,N,N,B,C,Y,,,99,,,,,,,Y,1,1,0,2,A,-,08,22107,,N,D,C,A,B,H,-,D,D,0,,,,Y,Y,,A,01,0,0,0,0,0,0,0,0,0,"- ","- ",39.338188171386719,-121.68431854248047,BUTTE,UNINCORPORATED,-121.68435668945312,39.338176727294922
91632384,2021,2021-11-22,9240,2021-11-05,2108,020376,,5,2,9,0400,0,1,3,,1,011,"SR-70 S/B","LOWER HONCUT ROAD",1637.00,S,N,A,-,Y,,,,,,,,,,Y,2,0,2,3,A,-,03,22350,,F,C,C,A,A,D,-,D,A,0,,,,,Y,,A,07,2,0,0,0,0,0,0,0,0,"- ","- ",39.316268920898438,-121.59581756591797,BUTTE,UNINCORPORATED,-121.59585571289062,39.316429138183594
91634596,2021,2023-01-30,9241,2021-09-21,0755,017114,,2,1,5,0402,0,1,3,,2,100,"SR-99 N/B","E. 5TH AVE. UNDERCROSSING",701.00,N,N,A,-,Y,,,99,,,,,,N,Y,1,1,0,2,A,-,07,21658,A,F,E,I,A,A,H,-,A,D,0,,,,,Y,,-,99,0,0,0,0,0,0,0,0,0,"- ","- ",39.749931335449219,-121.83751678466797,BUTTE,CHICO,-121.83753204345703,39.749908447265625
9163702,2020,2020-10-13,0402,2020-08-12,1750,1973,,3,5,5,0402,0,0,0,,0,006,"MANGROVE AV","RIO LINDO AV",118.00,S,N,A,-,N,,,,,,,,,,Y,2,0,1,2,A,-,08,22107,,N,D,C,A,A,H,-,A,D,0,,,Y,,Y,Y,A,01,1,0,0,0,0,0,0,0,1,"- ","- ",,,BUTTE,CHICO,-121.84419250488281,39.750022888183594
9163879,2020,2020-11-20,0402,2020-08-28,2226,2897,,5,5,5,0402,0,0,0,,0,003,"E 8TH ST","PINE ST",0.00,,Y,A,-,Y,BUT,3,32,-,-,9.405,I,5,W,Y,2,0,1,2,A,-,01,23153,A,N,D,C,A,A,H,-,C,A,0,,,,,Y,Y,A,01,1,0,0,0,0,0,0,0,0,"- ","- ",,,BUTTE,CHICO,-121.83110046386719,39.729278564453125
91655433,2021,2021-12-17,9240,2021-12-12,1824,019060,,7,2,9,0400,0,1,3,,1,021,SR-99,"WRIGHT AVE",0.00,,Y,B,C,Y,,,99,,,,,,,Y,2,0,1,2,A,-,01,23152,A,N,D,C,A,B,H,-,D,D,0,,,,,Y,Y,A,01,1,0,0,0,0,0,0,0,0,"- ","- ",39.337779998779297,-121.68418884277344,BUTTE,UNINCORPORATED,-121.6842041015625,39.337772369384766
91659838,2021,2021-12-23,9240,2021-02-12,2030,019710,,5,2,9,0400,0,1,3,,2,022,"STATE ROUTE 162",MIDWAY,0.00,,Y,B,-,Y,,,162,,,,,,,Y,1,1,6,2,A,-,12,22450,A,N,D,C,A,B,H,-,D,A,0,,,,,Y,,A,01,4,2,0,0,0,0,0,0,0,"- ","- ",39.464740753173828,-121.74588775634766,BUTTE,UNINCORPORATED,-121.74588775634766,39.464752197265625
91685581,2022,2022-01-26,9241,2022-01-22,1730,018879,,6,2,9,0400,0,1,3,,1,060,SR-32,"TOLL GATE WAY",1162.00,E,N,A,-,Y,BUT,,32,,R,22.705,H,,R,Y,2,0,6,2,A,-,01,23152,A,F,A,C,A,A,H,-,B,D,0,,,,,Y,Y,A,07,2,4,0,0,0,0,0,0,0,"- ","- ",39.860401153564453,-121.69309997558594,BUTTE,UNINCORPORATED,-121.69313049316406,39.860408782958984
91692974,2022,2022-02-03,9240,2022-02-01,1750,018967,,2,2,9,0400,0,3,5,,2,030,"BIGGS AVENUE","WONDER LANE",32.00,W,N,A,-,N,,,,,,,,,,N,2,0,1,1,A,-,03,22350,,N,F,A,A,A,H,-,D,D,0,,,Y,,Y,,C,02,1,0,0,0,0,0,0,0,1,"- ","- ",39.502399444580078,-121.59780883789062,BUTTE,UNINCORPORATED,-121.59763336181641,39.50238037109375
91695370,2022,2022-02-07,9240,2022-02-06,1608,018967,,7,2,9,0400,0,3,5,,2,010,"FORBESTOWN RD","LOWER FORBESTOWN RD",1056.00,N,N,A,-,N,,,,,,,,,,N,2,0,1,1,A,-,08,22107,,N,E,I,A,A,H,-,A,A,0,,,Y,,Y,,C,02,1,0,0,0,0,0,0,0,1,"- ","- ",39.496879577636719,-121.32321929931641,BUTTE,UNINCORPORATED,-121.32305145263672,39.496761322021484
91695380,2022,2022-06-03,9240,2022-01-27,1848,020318,,4,2,9,0400,0,1,3,,1,011,SR-70,"OAKWOOD LANE",369.00,S,N,A,-,Y,BUT,,70,,,8.467,H,,R,N,1,1,0,2,A,-,11,21954,A,N,G,B,E,A,H,-,D,D,0,Y,,,,Y,,N,60,0,0,0,1,0,0,0,0,0,"- ","- ",39.425968170166016,-121.60523986816406,BUTTE,UNINCORPORATED,-121.60505676269531,39.425971984863281
91702214,2022,2022-02-16,9240,2022-02-11,1545,019653,,5,2,9,0400,0,1,3,,1,021,SR-99,"B STREET",0.00,,Y,A,-,Y,BUT,,99,,,7.690,H,,R,Y,2,0,2,2,A,-,12,21453,A,N,D,C,A,A,H,-,A,A,0,,,,,Y,,E,22,1,1,0,0,0,0,0,0,0,"- ","- ",39.414970397949219,-121.68808746337891,BUTTE,UNINCORPORATED,-121.6881103515625,39.414970397949219
91713691,2022,2022-03-03,9140,2022-02-17,1745,019701,,4,2,9,0400,0,1,3,,2,062,SR-32,"SODA SPRINGS ROAD",1056.00,E,N,A,-,Y,BUT,,32,,D,3.633,H,,R,Y,2,0,1,1,A,-,03,22350,,N,F,0,A,A,H,-,B,D,0,,,Y,,Y,,-,"- ",1,0,0,0,0,0,0,0,1,"- ","- ",40.088451385498047,-121.58705902099609,BUTTE,UNINCORPORATED,-121.58704376220703,40.088401794433594
91720980,2022,2022-03-11,9240,2022-03-09,1245,020587,,3,1,9,0400,0,3,5,,2,010,"LA PORTE RD","DARBY ROAD",4500.00,W,N,A,-,N,,,,,,,,,,N,2,0,1,1,A,-,08,22107,,N,F,A,A,A,H,-,A,D,0,,,Y,,Y,,C,02,1,0,0,0,0,0,0,0,1,"- ","- ",39.412738800048828,-121.38182830810547,BUTTE,UNINCORPORATED,-121.38021087646484,39.413017272949219
91726925,2022,2022-03-18,9240,2022-03-12,1551,020318,,6,2,9,0400,0,3,5,,2,030,"12 ST.","DODGE AVE.",141.00,N,N,B,-,N,,,,,,,,,,Y,2,0,1,2,A,-,03,22350,,F,C,C,A,A,H,-,A,D,0,,,,,Y,,A,07,1,0,0,0,0,0,0,0,0,"- ","- ",39.499488830566406,-121.591552734375,BUTTE,UNINCORPORATED,-121.59159851074219,39.499549865722656
91727894,2022,2022-03-21,9241,2022-03-06,1410,018578,,7,2,9,0400,0,1,3,,1,060,"NOPEL ROAD",SR-32,33.00,S,N,A,-,N,,,,,,,,,,N,2,0,2,1,C,-,18,,,N,F,A,A,A,H,-,A,D,0,,,Y,,Y,,-,"- ",1,0,1,0,0,0,0,0,2,"- ","- ",39.873748779296875,-121.6810302734375,BUTTE,UNINCORPORATED,-121.68107604980469,39.873783111572266
91738406,2022,2022-03-31,9240,2022-03-23,1338,019060,,3,1,9,0400,0,3,5,,2,010,"CENTRAL HOUSE RD",SR-70,2640.00,E,N,A,-,N,,,,,,,,,,N,2,0,2,2,A,-,03,22350,,N,C,C,A,A,H,-,A,D,0,,,Y,,Y,,C,02,2,0,0,0,0,0,0,0,2,"- ","- ",39.350028991699219,-121.59181976318359,BUTTE,UNINCORPORATED,-121.59212493896484,39.350067138671875
91739154,2022,2022-04-01,9241,2022-03-27,2055,019006,,7,2,9,0400,0,2,4,,2,063,"COHASSET RD","JACK RABBIT FLAT",6864.00,W,N,A,-,N,,,,,,,,,,Y,2,0,1,1,A,-,01,23152,A,N,E,I,A,A,H,-,D,D,0,,,,,Y,Y,D,22,1,0,0,0,0,0,0,0,0,"- ","- ",39.856788635253906,-121.79119873046875,BUTTE,UNINCORPORATED,-121.79161834716797,39.856529235839844
91739810,2022,2022-05-17,9240,2022-01-20,2323,020376,,4,3,9,0400,0,1,3,,2,034,"SR149 S/B","S149-E70 BTE 149 CEMENT OVERCROSS SUPPORT PILLAR B",104.00,N,N,C,-,Y,BUT,,149,,M,0.417,H,,L,Y,1,1,0,1,A,-,01,23152,A,N,E,8,A,A,H,-,D,D,0,,,,,Y,Y,A,01,0,0,0,0,0,0,0,0,0,"- ","- ",39.583061218261719,-121.62410736083984,BUTTE,UNINCORPORATED,-121.62404632568359,39.583118438720703
91764752,2022,2022-05-04,9240,2022-04-22,1600,019060,,5,2,9,0400,0,3,5,,2,030,"TEHAMA AVENUE","6TH ST",220.00,W,N,A,-,N,,,,,,,,,,N,2,0,1,1,A,-,01,23152,A,N,F,A,A,A,B,-,A,D,0,,,Y,,Y,Y,C,02,1,0,0,0,0,0,0,0,1,"- ","- ",39.515399932861328,-121.57923126220703,BUTTE,UNINCORPORATED,-121.57916259765625,39.515365600585938
91770559,2022,2022-05-12,9241,2022-05-09,1655,020638,,1,2,9,0400,0,2,4,,2,070,SKYWAY,"COUTOLENC RD",1056.00,S,N,B,-,N,,,,,,,,,,Y,2,0,1,1,A,-,08,22107,,N,E,I,A,B,H,-,A,D,0,,,,,Y,,D,22,1,0,0,0,0,0,0,0,0,"- ","- ",39.808731079101562,-121.57685852050781,BUTTE,UNINCORPORATED,-121.57955169677734,39.810089111328125
91774890,2022,2022-05-18,9241,2022-05-07,1755,018879,,6,2,9,0400,0,1,3,,1,061,SR-99,ESPLANADE,0.00,,Y,A,-,Y,BUT,,99,,T,38.209,H,,R,Y,2,0,2,2,A,-,09,21802,A,N,D,C,A,A,H,-,A,A,0,,,,,Y,,A,01,2,0,0,0,0,0,0,0,0,"- ","- ",39.793289184570312,-121.898681640625,BUTTE,UNINCORPORATED,-121.89866638183594,39.793304443359375
91780147,2022,2022-05-25,9240,2022-05-23,0248,020376,,1,3,9,0400,0,3,5,,2,010,"LOWER WYANDOTTE ROAD","FOOTHILL BOULEVARD",34.00,W,N,A,-,N,,,,,,,,,,N,2,0,2,1,A,-,01,23152,A,N,E,I,A,A,H,-,C,D,0,,,,,Y,Y,A,08,1,1,0,0,0,0,0,0,0,"- ","- ",39.462779998779297,-121.48117065429688,BUTTE,UNINCORPORATED,-121.48122406005859,39.462856292724609
91794238,2022,2022-06-13,9241,2022-06-06,1505,018879,,1,2,9,0400,0,3,5,,2,007,SKYWAY,"COLTER WAY",0.00,,Y,A,-,N,,,,,,,,,,N,2,0,1,2,A,-,01,23152,A,N,G,B,B,A,H,-,A,D,0,Y,,,,Y,Y,A,01,1,0,0,0,1,0,0,0,0,"- ","- ",39.849288940429688,-121.60399627685547,BUTTE,UNINCORPORATED,-121.60398101806641,39.849334716796875
91794293,2022,2022-06-13,9240,2022-06-05,0833,019060,,7,1,9,0400,0,3,5,,2,040,"ORO DAM BOULEVARD EAST","ORO POWERHOUSE ROAD",585.00,W,N,B,C,N,,,,,,,,,,Y,2,0,1,1,A,-,03,22350,,N,E,I,A,B,H,-,A,D,0,,,,,Y,,A,01,1,0,0,0,0,0,0,0,0,"- ","- ",39.530998229980469,-121.49749755859375,BUTTE,UNINCORPORATED,,
91805733,2022,2022-06-29,9241,2022-06-22,0055,019093,,3,3,9,0400,0,2,4,,2,090,"SKYWAY WESTBOUND","CLIFFHANGER LANE",465.00,W,N,A,-,N,,,,,,,,,,N,2,0,1,2,A,-,11,21956,A,N,G,B,E,A,H,-,D,D,0,Y,,,,Y,,N,60,1,0,0,0,1,0,0,0,0,"- ","- ",39.732151031494141,-121.67616271972656,BUTTE,UNINCORPORATED,-121.66982269287109,39.737339019775391
91807067,2022,2022-06-30,9241,2022-06-20,2009,020638,,1,2,9,0400,0,2,4,,2,084,"CHICO RIVER ROAD","LONE PINE AVENUE",650.00,E,N,A,-,N,,,,,,,,,,Y,2,0,2,1,A,-,01,23153,A,N,E,I,A,A,H,-,A,D,0,,,,,Y,Y,A,01,1,1,0,0,0,0,0,0,0,"- ","- ",39.712398529052734,-121.86533355712891,BUTTE,UNINCORPORATED,-121.86619567871094,39.711704254150391
91814631,2022,2022-07-11,9241,2022-07-06,1550,018540,,3,2,9,0400,0,1,3,,2,093,"DAYTON RD","HEGAN LANE",0.00,,Y,A,-,N,,,,,,,,,,Y,2,0,1,2,A,-,09,21802,B,N,D,C,A,A,H,-,A,D,0,,,,,Y,,A,01,1,0,0,0,0,0,0,0,0,"- ","- ",39.681999206542969,-121.85671997070312,BUTTE,UNINCORPORATED,-121.85680389404297,39.681919097900391
91825144,2022,2022-07-26,9240,2022-07-25,0518,020170,,1,3,9,0400,0,3,5,,2,020,SR-162,"LUDS WAY",1400.00,W,N,A,-,Y,BUT,,162,,,11.331,H,,R,N,2,0,2,2,A,-,05,21650,,N,A,C,A,A,H,-,B,D,0,,,,,Y,,A,01,1,1,0,0,0,0,0,0,0,"- ","- ",39.494621276855469,-121.65895080566406,BUTTE,UNINCORPORATED,-121.65895080566406,39.494636535644531
91826382,2022,2022-07-27,9241,2022-07-21,0831,019692,,4,1,9,0400,0,2,4,,2,090,SKYWAY,"SANTA ROSA RD.",3168.00,E,N,A,-,N,,,,,,,,,,Y,2,0,2,2,A,-,03,22350,,N,C,C,A,A,D,-,A,D,0,,,,,Y,,A,01,1,0,1,0,0,0,0,0,0,"- ","- ",39.720539093017578,-121.69950866699219,BUTTE,UNINCORPORATED,,
91837856,2022,2022-08-11,9240,2022-07-05,2500,020170,,2,4,9,0400,0,1,3,,2,031,"SR-70 N/B TO GARDEN DRIVE","GARDEN DRIVE",680.00,S,N,A,-,Y,BUT,,70,,,16.492,H,,R,N,1,1,0,2,A,-,03,22350,,F,G,B,E,A,H,-,D,D,0,Y,,,,Y,,E,22,0,0,0,1,0,0,0,0,0,"- ","- ",39.533329010009766,-121.58099365234375,BUTTE,UNINCORPORATED,-121.58111572265625,39.533260345458984
91863426,2022,2022-09-13,9240,2022-09-09,1040,018841,,5,1,9,0400,0,1,3,,1,011,"RT 70","COX LN.",2428.00,N,N,B,-,Y,BUT,,70,,,5.855,H,,R,N,2,0,1,1,C,-,18,,,N,H,H,A,A,H,-,A,D,0,,,Y,,Y,,-,"- ",1,0,0,0,0,0,0,0,1,"- ","- ",39.389011383056641,-121.60851287841797,BUTTE,UNINCORPORATED,-121.60852813720703,39.389022827148438
91863638,2022,2022-09-13,9241,2022-09-06,1215,019692,,2,1,9,0400,0,2,4,,2,086,"ORD FERRY ROAD","RIVER ROAD",528.00,E,N,A,-,N,,,,,,,,,,Y,2,0,1,2,A,-,05,21650,,N,B,C,A,A,H,-,A,D,0,,,,Y,Y,,G,27,1,0,0,0,0,0,0,0,0,"- ","- ",39.627201080322266,-121.94573211669922,BUTTE,UNINCORPORATED,-121.94422912597656,39.627651214599609
91873367,2022,2022-09-26,9241,2022-09-22,1935,018540,,4,2,9,0400,0,3,5,,2,007,"PONDEROSA WAY","HOBART CT",114.00,E,N,A,-,N,,,,,,,,,,N,2,0,1,1,C,-,18,,,N,E,H,A,A,H,-,D,D,0,,,Y,,Y,,-,"- ",1,0,0,0,0,0,0,0,1,"- ","- ",39.703838348388672,-121.60253143310547,BUTTE,UNINCORPORATED,-121.60264587402344,39.814651489257812
91880856,2022,2022-10-03,9241,2022-10-01,0905,019006,,6,1,9,0400,0,1,3,,2,080,"SR32 E/B","EAST AVENUE",190.00,E,N,A,-,Y,BUT,,32,,,6.292,H,,R,Y,2,0,1,1,A,-,05,21460,A,N,E,I,A,A,H,-,A,D,0,,,Y,,Y,,C,02,1,0,0,0,0,0,0,0,1,"- ","- ",39.74176025390625,-121.88255310058594,BUTTE,UNINCORPORATED,-121.88253784179688,39.741775512695312
91883945,2022,2022-10-06,9241,2022-10-02,0420,022594,,7,3,9,0400,0,1,3,,2,091,"DURHAM-DAYTON HWY","HAMLIN RD",900.00,E,N,A,-,N,,,,,,,,,,Y,2,0,1,1,A,-,01,23152,A,N,E,I,A,A,H,-,D,D,0,,,,,Y,Y,A,07,1,0,0,0,0,0,0,0,0,"- ","- ",39.646598815917969,-121.74559783935547,BUTTE,UNINCORPORATED,,
91886156,2022,2022-10-10,9241,2022-08-30,1935,022594,,2,2,9,0400,0,1,3,,2,091,"NEAL RD","MCCANN DRIVE",4224.00,W,N,A,-,N,,,,,,,,,,Y,1,1,4,2,A,-,05,21460,A,N,A,C,A,A,H,-,B,D,0,,,Y,,Y,,C,02,0,4,0,0,0,0,0,1,0,"- ","- ",39.707401275634766,-121.67769622802734,BUTTE,UNINCORPORATED,-121.67844390869141,39.707229614257812
91896528,2022,2022-10-21,9240,2022-10-18,1616,018967,,2,2,9,0400,0,1,3,,2,041,SR-162,"RATCHEL MOUNTAIN DR",350.00,W,N,A,-,Y,BUT,,162,,,30.880,H,,R,Y,2,0,2,1,A,-,01,23152,A,N,E,I,A,A,H,-,A,D,0,,,,,Y,Y,D,22,1,1,0,0,0,0,0,0,0,"- ","- ",39.591770172119141,-121.44342041015625,BUTTE,UNINCORPORATED,-121.44345092773438,39.591732025146484
91897918,2022,2022-12-14,9240,2022-10-04,0531,019842,,2,3,9,0400,0,3,5,,2,010,"LAS PLUMAS AVE","LOWER WYANDOTTE ROAD",225.00,W,N,A,-,N,,,,,,,,,,N,1,1,0,2,A,-,03,22350,,N,G,B,E,A,H,-,D,D,0,Y,,,,Y,,D,22,0,0,0,1,0,0,0,0,0,"- ","- ",39.480491638183594,-121.53147125244141,BUTTE,UNINCORPORATED,-121.53138732910156,39.48046875
91897920,2022,2022-10-24,9240,2022-10-04,0522,019842,,2,3,9,0400,0,3,5,,2,010,"LAS PLUMAS AVE","LOWER WYANDOTTE ROAD",215.00,W,N,A,-,N,,,,,,,,,,N,2,0,1,2,A,-,00,21954,,F,G,B,E,A,H,-,D,D,0,Y,,,,Y,,N,60,1,0,0,0,1,0,0,0,0,"- ","- ",39.480491638183594,-121.53147125244141,BUTTE,UNINCORPORATED,-121.53134918212891,39.48046875
91907029,2022,2022-11-01,9240,2022-10-28,0140,020170,,5,3,9,0400,0,1,3,,2,041,SR-162,"LOAFER CREEK ROAD",2112.00,E,N,A,-,Y,BUT,,162,,,25.028,H,,R,N,2,0,1,1,A,-,01,23152,A,N,E,I,A,A,H,-,D,D,0,,,,,Y,Y,A,01,1,0,0,0,0,0,0,0,0,"- ","- ",39.523521423339844,-121.43363952636719,BUTTE,UNINCORPORATED,-121.43363189697266,39.523517608642578
91932942,2022,2022-12-02,9240,2022-11-30,1612,020318,,3,2,9,0400,0,3,5,,2,010,"OPHIR RD.","POWER HOUSE HILL RD.",0.00,,Y,A,-,N,,,,,,,,,,Y,2,0,2,2,A,-,03,22350,,N,C,C,A,A,H,-,A,D,0,,,,,Y,,D,22,1,0,1,0,0,0,0,0,0,"- ","- ",39.464031219482422,-121.57688140869141,BUTTE,UNINCORPORATED,-121.57688903808594,39.464038848876953
91953404,2022,2022-12-27,9241,2022-12-24,0925,019692,,6,1,9,0400,0,3,5,,2,008,"OROVILLE CHICO HIGHWAY",MIDWAY,230.00,E,N,A,-,N,,,,,,,,,,N,2,0,2,2,A,-,03,22350,,N,C,G,A,A,H,-,A,D,0,,Y,,,Y,,L,04,1,1,0,0,0,0,2,0,0,"- ","- ",39.683101654052734,-121.79611968994141,BUTTE,UNINCORPORATED,-121.79618072509766,39.683204650878906
91958983,2022,2023-01-03,9240,2022-12-30,1720,019653,,5,2,9,0400,0,1,3,,2,041,SR-162,"QUINCY PL",145.00,W,N,B,-,Y,BUT,,162,,,21.572,H,,R,Y,2,0,1,1,A,-,01,23152,A,N,E,8,A,B,H,-,D,D,0,,,,,Y,Y,A,07,1,0,0,0,0,0,0,0,0,"- ","- ",39.512458801269531,-121.47953796386719,BUTTE,UNINCORPORATED,-121.47955322265625,39.512439727783203
91967172,2023,2023-01-12,9241,2023-01-01,"20  ",021256,,7,3,9,0400,0,3,5,,2,008,"COSBY AVE","LONE PINE AVE",679.00,W,N,A,-,N,,,,,,,,,,N,2,0,6,1,A,-,08,22107,,N,F,I,A,B,H,-,D,D,0,,,Y,,Y,,C,06,2,4,0,0,0,0,0,0,6,"- ","- ",39.692741394042969,-121.87110137939453,BUTTE,UNINCORPORATED,-121.87111663818359,39.692691802978516