CASE_ID,ACCIDENT_YEAR,PROC_DATE,JURIS,COLLISION_DATE,COLLISION_TIME,OFFICER_ID,REPORTING_DISTRICT,DAY_OF_WEEK,CHP_SHIFT,POPULATION,CNTY_CITY_LOC,SPECIAL_COND,BEAT_TYPE,CHP_BEAT_TYPE,CITY_DIVISION_LAPD,CHP_BEAT_CLASS,BEAT_NUMBER,PRIMARY_RD,SECONDARY_RD,DISTANCE,DIRECTION,INTERSECTION,WEATHER_1,WEATHER_2,STATE_HWY_IND,CALTRANS_COUNTY,CALTRANS_DISTRICT,STATE_ROUTE,ROUTE_SUFFIX,POSTMILE_PREFIX,POSTMILE,LOCATION_TYPE,RAMP_INTERSECTION,SIDE_OF_HWY,TOW_AWAY,COLLISION_SEVERITY,NUMBER_KILLED,NUMBER_INJURED,PARTY_COUNT,PRIMARY_COLL_FACTOR,PCF_CODE_OF_VIOL,PCF_VIOL_CATEGORY,PCF_VIOLATION,PCF_VIOL_SUBSECTION,HIT_AND_RUN,TYPE_OF_COLLISION,MVIW,PED_ACTION,ROAD_SURFACE,ROAD_COND_1,ROAD_COND_2,LIGHTING,CONTROL_DEVICE,CHP_ROAD_TYPE,PEDESTRIAN_ACCIDENT,BICYCLE_ACCIDENT,MOTORCYCLE_ACCIDENT,TRUCK_ACCIDENT,NOT_PRIVATE_PROPERTY,ALCOHOL_INVOLVED,STWD_VEHTYPE_AT_FAULT,CHP_VEHTYPE_AT_FAULT,COUNT_SEVERE_INJ,COUNT_VISIBLE_INJ,COUNT_COMPLAINT_PAIN,COUNT_PED_KILLED,COUNT_PED_INJURED,COUNT_BICYCLIST_KILLED,COUNT_BICYCLIST_INJURED,COUNT_MC_KILLED,COUNT_MC_INJURED,PRIMARY_RAMP,SECONDARY_RAMP,LATITUDE,LONGITUDE,COUNTY,CITY,POINT_X,POINT_Y
91970253,2023,2023-01-17,9240,2023-01-14,1740,020318,,6,2,9,0400,0,1,3,,2,032,SR-70,"JAMES W P RD",2300.00,E,N,B,-,Y,BUT,,70," "," ",27.599,H,,R,Y,2,0,5,1,A,-,08,22107,,N,E,H,A,B,H,-,D,D,0,,,,,Y,,A,07,1,3,1,0,0,0,0,0,0,"- ","- ",39.654838562011719,-121.53983306884766,BUTTE,UNINCORPORATED,-121.53981781005859,39.654819488525391
91970813,2023,2023-01-18,9241,2023-01-13,1145,020379,,5,1,9,0400,0,2,4,,2,071,SKYWAY,"FREMONT DRIVE",240.00,S,N,C,-,N,,,,,,,,,,Y,2,0,5,2,A,-,01,23152,F,N,A,C,A,B,H,-,A,D,0,,,,,Y,,A,07,2,2,1,0,0,0,0,0,0,"- ","- ",39.844669342041016,-121.59947967529297,BUTTE,UNINCORPORATED,-121.59961700439453,39.844718933105469
91982115,2023,2023-01-30,9241,2023-01-19,"810 ",019692,,4,1,9,0400,0,1,3,,1,060,SR-32,"HARDY HILL RD",2112.00,E,N,A,-,Y,BUT,,32," "," ",28.790,H,,R,Y,2,0,2,1,A,-,08,22107,,N,E,8,A,C,H,-,A,D,0,,,,,Y,,-,"- ",1,1,0,0,0,0,0,0,0,"- ","- ",39.93701171875,-121.64775848388672,BUTTE,UNINCORPORATED,-121.64775848388672,39.93701171875
91987937,2023,2023-02-06,9241,2023-02-01,1705,018879,,3,2,9,0400,0,1,3,,2,100,"SR-99 N/B","EATON RD",3696.00,N,N,A,-,Y,BUT,,99," ",R,37.038,H,,R,Y,2,0,1,2,A,-,03,22350,,N,C,C,A,A,H,-,A,D,0,,,,,Y,,A,01,1,0,0,0,0,0,0,0,0,"- ","- ",39.782180786132812,-121.88275146484375,BUTTE,UNINCORPORATED,-121.88272094726562,39.782199859619141
91992920,2023,2023-02-13,9241,2023-02-01,1800,018879,,3,2,5,0402,0,1,3,,2,100,"SR-99 N/B","EATON RD",2.00,N,N,A,-,Y,BUT,,99," ",R,36.307,H,,R,Y,2,0,1,4,A,-,03,22350,,N,C,C,A,A,H,-,B,D,0,,,,,Y,,A,08,1,0,0,0,0,0,0,0,0,"- ","- ",39.774539947509766,-121.873291015625,BUTTE,CHICO,-121.87326049804688,39.774559020996094
91996546,2023,2023-02-16,9240,2023-02-10,1945,020318,,5,2,9,0400,0,1,3,,2,031,"SR-70 SOUTHBOUND","NELSON AVE.",720.00,N,N,B,-,Y,BUT,,70," "," ",15.898,H,,L,Y,2,0,1,3,A,-,03,22350,,N,C,C,A,A,H,-,C,D,0,,,Y,,Y,,C,02,1,0,0,0,0,0,0,0,1,"- ","- ",39.526149749755859,-121.57499694824219,BUTTE,UNINCORPORATED,-121.57498168945312,39.526157379150391
92013942,2023,2023-03-09,9240,2023-03-03,1602,019653,,5,2,9,0400,0,1,3,,1,011,SR-70,"PALERMO RD",4752.00,N,N,B,-,Y,BUT,,70," "," ",9.913,H,,R,Y,1,1,0,1,A,-,03,22350,,N,E,8,A,A,H,-,A,D,0,,,Y,,Y,,C,02,0,0,0,0,0,0,0,1,0,"- ","- ",39.445011138916016,-121.59671020507812,BUTTE,UNINCORPORATED,-121.59677886962891,39.445049285888672
9201470,2020,2021-01-25,0404,2020-10-30,1132,694,,5,5,3,0404,0,0,0,,0,00U,"TABLE MOUNTAIN BL","S RIVER VIEW TER",0.00,,Y,A,-,N,,,,,,,,,,Y,2,0,3,2,A,-,05,21651,,N,D,C,A,A,H,-,A,D,0,,,,,Y,,-,,2,1,0,0,0,0,0,0,0,"- ","- ",39.518341064453125,-121.55033874511719,BUTTE,OROVILLE,-121.55367279052734,39.520641326904297
92016301,2023,2023-04-04,9241,2023-02-03,1505,018879,,5,2,9,0400,0,1,3,,2,080,"STATE ROUTE 32","GIANELLA ROAD",3168.00,E,N,A,-,Y,BUT,,32," "," ",0.935,H,,R,Y,1,1,2,2,A,-,01,23152,A,N,A,C,A,A,H,-,A,D,0,,,,,Y,Y,A,01,1,0,1,0,0,0,0,0,0,"- ","- ",39.752601623535156,-121.97998046875,BUTTE,UNINCORPORATED,-121.97998809814453,39.752635955810547
92027312,2023,2023-03-23,9241,2023-03-07,1500,018540,,2,2,9,0400,0,1,3,,1,061,"STATE ROUTE 99","CANA HIGHWAY",2336.00,N,N,B,-,Y,BUT,,99," "," ",42.858,H,,R,Y,1,1,1,4,A,-,05,21650,,N,B,C,A,A,H,-,A,D,0,,,,Y,Y,,A,01,1,0,0,0,0,0,0,0,0,"- ","- ",39.845798492431641,-121.94557952880859,BUTTE,UNINCORPORATED,-121.94554138183594,39.845821380615234
92046512,2023,2023-04-17,9241,2023-04-14,1810,018879,,5,2,9,0400,0,2,4,,2,071,SKYWAY,"HUMBUG RD",700.00,N,N,A,-,N,,,,,,,,,,Y,2,0,1,1,A,-,01,23152,A,N,E,I,A,A,H,-,A,D,0,,,,,Y,Y,A,07,1,0,0,0,0,0,0,0,0,"- ","- ",39.872699737548828,-121.61022186279297,BUTTE,UNINCORPORATED,-121.77640533447266,39.712753295898438
92074454,2023,2023-05-22,9240,2023-05-14,1553,019055,,7,2,9,0400,0,1,A,,2,716,"OROVILLE WILDLIFE AREA, OUTLET ENTRANCE ROAD","LARKIN ROAD",1235.00,S,N,A,-,N,,,,,,,,,,Y,2,0,2,1,A,-,01,23152,A,N,F,A,A,A,H,-,A,D,0,,,,,Y,Y,A,01,1,1,0,0,0,0,0,0,0,"- ","- ",39.457431793212891,-121.63565826416016,BUTTE,UNINCORPORATED,,
92086267,2023,2023-07-10,9240,2023-06-03,"1   ",021137,,6,3,9,0400,0,3,5,,2,040,"ORO QUINCY HWY","BELL RANCH RD",190.00,E,N,A,-,Y,,,,,,,,,,Y,1,1,0,1,A,-,08,22107,,N,F,A,A,A,H,-,D,D,0,,,,,Y,,D,22,0,0,0,0,0,0,0,0,0,"- ","- ",39.600448608398438,-121.44399261474609,BUTTE,UNINCORPORATED,,
92088509,2023,2023-06-08,9241,2023-05-29,2355,021593,,1,3,9,0400,0,1,3,,2,081,"SB SR-99","SOUTHGATE AVE",2640.00,S,N,A,-,Y,BUT,,99," "," ",28.891,H,,R,Y,1,1,0,2,A,-,11,21954,A,N,G,B,E,A,H,-,D,D,0,Y,,,,Y,,N,60,0,0,0,1,0,0,0,0,0,"- ","- ",39.695819854736328,-121.780029296875,BUTTE,UNINCORPORATED,-121.77983093261719,39.695949554443359
92093424,2023,2023-06-14,9241,2023-06-07,1600,018540,,3,2,5,0402,0,1,3,,2,100,"SR-99 S/B",SR-32,2352.00,N,N,B,-,Y,BUT,,99," ",R,32.896,H,,L,Y,2,0,1,2,D,-,00,,,N,D,C,A,A,H,-,A,D,0,,,Y,,Y,,-,"- ",1,0,0,0,0,0,0,0,1,"- ","- ",39.741249084472656,-121.82617950439453,BUTTE,CHICO,-121.82621002197266,39.741222381591797
92095882,2023,2023-06-29,9240,2023-06-06,2318,020376,,2,3,9,0400,0,1,3,,1,011,"SR-70 N/B","GROVER LANE",0.00,,Y,A,-,Y,BUT,,70," "," ",8.675,H,,R,Y,1,1,0,2,A,-,11,21956,A,N,G,B,E,A,H,-,C,D,0,Y,,,,Y,,N,60,0,0,0,1,0,0,0,0,0,"- ","- ",39.429019927978516,-121.60507202148438,BUTTE,UNINCORPORATED,-121.60506439208984,39.429019927978516
92103353,2023,2023-06-27,9240,2023-06-24,"38  ",020376,,6,3,9,0400,0,1,3,,1,021,SR-99,"ORD RANCH ROAD",0.00,,Y,A,-,Y,BUT,,99," "," ",5.140,H,,R,Y,2,0,2,2,A,-,01,23152,A,N,D,C,A,A,H,-,D,A,0,,,,,Y,Y,A,01,1,0,1,0,0,0,0,0,0,"- ","- ",39.377960205078125,-121.68781280517578,BUTTE,UNINCORPORATED,-121.68792724609375,39.377960205078125
92107918,2023,2023-07-03,9240,2023-06-29,2313,019842,,4,3,9,0400,0,3,5,,2,040,"BALD ROCK ROAD","GAMBLE ROAD",660.00,W,N,A,-,N,,,,,,,,,,Y,2,0,1,1,A,-,01,23152,A,N,E,8,A,A,H,-,D,D,0,,,,,Y,Y,A,07,1,0,0,0,0,0,0,0,0,"- ","- ",39.636589050292969,-121.39669799804688,BUTTE,UNINCORPORATED,-121.39646148681641,39.636627197265625
92131565,2023,2023-07-31,9240,2023-07-25,"300 ",020170,,2,3,9,0400,0,3,5,,2,020,SR-162,"WICKMAN ROAD",5090.00,W,N,A,-,Y,BUT,,162," "," ",3.767,H,,R,N,2,0,1,1,A,-,08,22107,,N,E,I,A,A,H,-,D,D,0,,,,,Y,,A,01,1,0,0,0,0,0,0,0,0,"- ","- ",39.464511871337891,-121.79965972900391,BUTTE,UNINCORPORATED,-121.79965209960938,39.4644775390625
92132421,2023,2023-07-31,9240,2023-07-26,"958 ",017532,,3,1,9,0400,0,3,5,,2,020,"LARKIN RD.","NORTH EDGE OF OUTLET BRIDGE ABUTMENT",134.00,N,N,A,-,N,,,,,,,,,,Y,2,0,2,2,A,-,01,23152,A,N,D,C,A,A,H,-,A,D,0,,,,,Y,Y,D,22,1,0,1,0,0,0,0,0,0,"- ","- ",39.458141326904297,-121.63893890380859,BUTTE,UNINCORPORATED,,
92137888,2023,2023-08-07,9240,2023-08-04,"538 ",020376,,5,3,9,0400,0,1,3,,2,031,"SR-70 S/B","MONTGOMERY ST",939.00,N,N,A,-,Y,BUT,,70," "," ",14.807,H,,L,Y,2,0,1,1,A,-,08,22107,,N,E,I,A,A,H,-,B,D,0,,,,,Y,,D,22,1,0,0,0,0,0,0,0,0,"- ","- ",39.510730743408203,-121.57276153564453,BUTTE,UNINCORPORATED,-121.57283020019531,39.510738372802734
92144250,2023,2023-09-14,9240,2023-08-11,2005,019653,,5,2,9,0400,0,3,5,,2,010,"OPHIR ROAD","LINCOLN BLVD",0.00,,Y,A,-,N,,,,,,,,,,Y,1,1,2,3,A,-,01,23152,A,F,D,2,A,A,H,-,A,A,0,,,Y,,Y,Y,A,01,1,1,0,0,0,0,0,1,1,"- ","- ",39.465831756591797,-121.54940032958984,BUTTE,UNINCORPORATED,-121.54935455322266,39.465801239013672
9214802,2020,2021-02-03,0403,2020-11-30,1546,P207,,1,5,2,0403,0,0,0,,0,,"HERON LANDING","W BIGGS GRIDLEY RD",5.00,E,N,A,-,N,,,,,,,,,,N,2,0,1,2,A,-,08,22107,,N,H,G,A,A,H,-,A,D,0,,Y,,,Y,Y,A,07,1,0,0,0,0,0,1,0,0,"- ","- ",39.374538421630859,-121.68739318847656,BUTTE,GRIDLEY,-121.7066650390625,39.372180938720703
92154620,2023,2023-08-25,9241,2023-07-27,1510,018879,,4,2,9,0400,0,1,3,,1,060,"SR-32 E/B","NOPEL ROAD",370.00,W,N,A,-,Y,BUT,,32," ",R,23.789,H,,R,Y,1,1,1,2,A,-,05,21460,A,N,A,C,A,A,H,-,A,D,0,,,,,Y,,A,07,1,0,0,0,0,0,0,0,0,"- ","- ",39.873371124267578,-121.68228912353516,BUTTE,UNINCORPORATED,-121.68225860595703,39.873340606689453
92172412,2023,2023-09-18,9241,2023-08-31,"256 ",021593,,4,3,9,0400,0,3,5,,2,006,"EL MONTE AVE.","E. 8TH ST.",35.00,S,N,A,-,N,,,,,,,,,,Y,2,0,3,1,A,-,08,22107,,F,E,I,A,A,H,-,D,D,0,,,,,Y,,A,01,1,2,0,0,0,0,0,0,0,"- ","- ",39.747688293457031,-121.8013916015625,BUTTE,UNINCORPORATED,-121.80130004882812,39.747783660888672
92188031,2023,2023-10-02,9240,2023-09-27,1615,018967,,3,2,9,0400,0,3,5,,2,030,"TEHAMA AVE","PARK WAY",0.00,,Y,A,-,N,,,,,,,,,,Y,2,0,2,2,A,-,09,21802,A,N,D,C,A,A,H,-,A,A,0,,,Y,,Y,,D,22,1,1,0,0,0,0,0,0,1,"- ","- ",39.515419006347656,-121.60262298583984,BUTTE,UNINCORPORATED,-121.60256958007812,39.515407562255859
92189349,2023,2023-10-31,9240,2023-09-27,2100,019055,,3,2,9,0400,0,1,3,,2,022,SR-162,"WICKMAN ROAD",5280.00,W,N,A,-,Y,BUT,,162," "," ",3.741,H,,R,Y,1,1,0,1,A,-,01,23152,A,N,F,J,A,A,H,-,D,D,0,,,,,Y,Y,A,01,0,0,0,0,0,0,0,0,0,"- ","- ",39.464340209960938,-121.80010986328125,BUTTE,UNINCORPORATED,-121.80012512207031,39.464382171630859
92191969,2023,2023-10-05,9241,2023-10-01,1730,018540,,7,2,9,0400,0,2,4,,2,090,"SKYWAY E/B","MEDIA WAY",530.00,E,N,A,-,N,,,,,,,,,,Y,2,0,1,1,A,-,01,23152,A,N,F,A,A,A,H,-,A,D,0,,,Y,,Y,Y,C,02,1,0,0,0,0,0,0,0,1,"- ","- ",39.730998992919922,-121.67877197265625,BUTTE,UNINCORPORATED,-121.67928314208984,39.731063842773438
92195519,2023,2023-10-10,9240,2023-09-30,2330,022094,,6,3,9,0400,0,1,3,,2,041,SR-162,"MARINA VISTA",2112.00,E,N,B,-,Y,BUT,,162," "," ",26.182,H,,R,N,2,0,1,1,A,-,08,22107,,N,E,8,A,B,H,-,D,D,0,,,,,Y,,-,"- ",1,0,0,0,0,0,0,0,0,"- ","- ",39.539348602294922,-121.43637084960938,BUTTE,UNINCORPORATED,-121.43630218505859,39.539325714111328
92209496,2023,2023-10-26,9241,2023-10-21,2104,021659,,6,2,5,0402,0,2,4,,2,095,"DURHAM PENTZ ROAD","WILLIAMS RD",1584.00,W,N,A,-,N,,,,,,,,,,Y,2,0,2,1,A,-,01,23152,A,N,E,J,A,A,H,-,D,D,0,,,,,Y,Y,A,01,1,1,0,0,0,0,0,0,0,"- ","- ",39.639560699462891,-121.66536712646484,BUTTE,CHICO,-121.66509246826172,39.639728546142578
92223024,2023,2023-10-31,9241,2023-10-19,1810,018879,,4,2,9,0400,0,2,4,,2,063,"COHASSET RD","RICHARDSON SPRINGS RD",1584.00,S,N,A,-,N,,,,,,,,,,N,2,0,1,2,A,-,08,22107,,N,D,G,A,A,H,-,A,D,0,,Y,,,Y,,L,04,1,0,0,0,0,0,1,0,0,"- ","- ",39.815620422363281,-121.84800720214844,BUTTE,UNINCORPORATED,-121.84794616699219,39.815814971923828
92226827,2023,2023-11-02,9240,2023-10-25,1502,019055,,3,2,9,0400,0,3,5,,2,020,"RICHVALE HWY","ERICKSON ROAD",1500.00,E,N,B,C,N,,,,,,,,,,Y,1,1,0,1,A,-,03,22350,,N,E,8,A,B,H,-,A,D,0,,,,,Y,,D,22,0,0,0,0,0,0,0,0,0,"- ","- ",39.494178771972656,-121.73016357421875,BUTTE,UNINCORPORATED,-121.73014068603516,39.494144439697266
92228910,2023,2023-12-15,9240,2023-10-26,1842,020318,,4,2,9,0400,0,1,3,,2,041,SR-162,"APICA AVE",0.00,,Y,A,-,Y,BUT,,162," "," ",22.093,H,,R,N,1,1,0,2,A,-,09,21801,A,N,A,C,A,A,H,-,D,D,0,,,Y,,Y,,A,01,0,0,0,0,0,0,0,1,0,"- ","- ",39.506439208984375,-121.47415161132812,BUTTE,UNINCORPORATED,-121.47416687011719,39.50640869140625
92229309,2023,2023-11-06,9240,2023-10-29,"710 ",017532,,7,1,9,0400,0,3,5,,2,010,"LONETREE RD.","PALERMO RD",641.00,S,N,A,-,N,,,,,,,,,,Y,2,0,1,1,A,-,01,23152,A,N,E,I,A,A,H,-,A,D,0,,,,,Y,Y,A,01,1,0,0,0,0,0,0,0,0,"- ","- ",39.432380676269531,-121.57685852050781,BUTTE,UNINCORPORATED,-121.57677459716797,39.432441711425781
92231409,2023,2023-11-08,9240,2023-11-01,"555 ",017532,,3,3,9,0400,0,3,5,,2,010,"PALERMO-HONCUT HWY","GUIDICI LN",488.00,S,N,A,-,N,,,,,,,,,,N,1,1,0,1,A,-,08,22107,,N,E,I,A,A,H,-,C,D,0,,,,,Y,,D,22,0,0,0,0,0,0,0,0,0,"- ","- ",39.392749786376953,-121.53994750976562,BUTTE,UNINCORPORATED,-121.53984069824219,39.392768859863281
92232445,2023,2023-11-09,9240,2023-10-30,1220,017532,,1,1,9,0400,0,3,5,,2,010,"DALY AVENUE","SHELA CT.",208.00,W,N,A,-,N,,,,,,,,,,N,2,0,1,1,C,-,18,,,F,H,A,A,A,H,-,A,D,0,,,Y,,Y,,-,"- ",1,0,0,0,0,0,0,0,1,"- ","- ",39.422279357910156,-121.52404022216797,BUTTE,UNINCORPORATED,-121.52405548095703,39.422260284423828
92254105,2023,2023-12-11,9241,2023-11-24,"932 ",019692,,5,1,9,0400,0,1,3,,2,100,"SR-99 S/B","E. 20TH ST.",1056.00,N,N,A,-,Y,BUT,,99," ",R,31.750,H,,L,Y,2,0,1,1,A,-,08,22107,,N,E,8,A,A,H,-,A,D,0,,,,,Y,,A,01,1,0,0,0,0,0,0,0,0,"- ","- ",39.729099273681641,-121.81182861328125,BUTTE,UNINCORPORATED,-121.811767578125,39.729129791259766
92257289,2023,2023-12-08,9241,2023-11-17,1746,019692,,5,2,9,0400,0,1,3,,2,081,"SR-99 S/B","SOUTHGATE AVE",0.00,,Y,A,-,Y,BUT,,99," "," ",29.352,H,,L,Y,2,0,1,2,A,-,17,21451,A,N,D,G,A,A,H,-,C,A,0,,Y,,,Y,,A,01,1,0,0,0,0,0,1,0,0,"- ","- ",39.700958251953125,-121.78566741943359,BUTTE,UNINCORPORATED,-121.78572082519531,39.700920104980469
92258697,2023,2023-12-11,9241,2023-12-07,2128,023513,,4,2,5,0402,0,1,3,,2,091,SR-99,"SKILLIN LANE",750.00,N,N,B,-,Y,BUT,,99," "," ",18.312,H,,R,Y,2,0,1,1,A,-,08,22107,,N,F,I,A,B,H,-,D,D,0,,,,,Y,,A,01,1,0,0,0,0,0,0,0,0,"- ","- ",39.568828582763672,-121.68869018554688,BUTTE,CHICO,-121.68877410888672,39.568828582763672
92259696,2023,2023-12-12,9241,2023-11-30,"412 ",020686,,4,3,9,0400,0,1,3,,2,091,"DURHAM-PENTZ RD","PENTZ RD",630.00,W,N,A,-,N,,,,,,,,,,Y,2,0,1,1,C,-,18,,,N,E,H,A,A,H,-,D,D,0,,,Y,,Y,,-,"- ",1,0,0,0,0,0,0,0,1,"- ","- ",39.655220031738281,-121.56806945800781,BUTTE,UNINCORPORATED,-121.56617736816406,39.657337188720703
92264525,2023,2023-12-18,9240,2023-12-09,2212,020376,,6,3,9,0400,0,3,5,,2,020,"OBERMEYER AVENUE","GILSTRAP AVENUE",1950.00,W,N,A,-,N,,,,,,,,,,Y,2,0,1,1,A,-,01,23152,A,N,E,I,A,A,H,-,C,D,0,,,,,Y,Y,A,01,1,0,0,0,0,0,0,0,0,"- ","- ",39.354480743408203,-121.66779327392578,BUTTE,UNINCORPORATED,-121.68088531494141,39.354244232177734
92267572,2023,2023-12-20,9241,2023-12-12,"935 ",018796,,2,1,5,0402,0,1,3,,1,060,SR-32,"REGENT LANE",900.00,S,N,A,-,N,,,,,,,,,,Y,2,0,1,2,A,-,09,21801,A,N,A,C,A,A,H,-,A,D,0,,,,,Y,,-,"- ",1,0,0,0,0,0,0,0,0,"- ","- ",39.747341156005859,-121.89572143554688,BUTTE,CHICO,-121.89402008056641,39.746601104736328
92276098,2023,2024-01-01,9240,2023-12-25,"130 ",022662,,1,3,9,0400,0,3,5,,2,020,"TOWNSHIP RD","LUCKEHE RD",1056.00,N,N,B,-,N,,,,,,,,,,Y,2,0,1,1,A,-,01,23152,G,N,E,I,A,A,H,-,D,D,0,,,,,Y,Y,A,01,1,0,0,0,0,0,0,0,0,"- ","- ",39.308128356933594,-121.6876220703125,BUTTE,UNINCORPORATED,-121.68756866455078,39.307910919189453
92279065,2023,2024-01-04,9240,2023-12-26,1750,022662,,2,2,9,0400,0,1,3,,2,041,SR-162,"MINERS RANCH RD",0.00,,Y,B,-,Y,BUT,,162," "," ",22.908,H,,R,Y,2,0,3,2,A,-,01,23152,A,N,A,C,A,A,H,-,C,A,0,,,,,Y,Y,D,22,1,2,0,0,0,0,0,0,0,"- ","- ",39.503608703613281,-121.45960998535156,BUTTE,UNINCORPORATED,-121.45960235595703,39.503643035888672
92281587,2024,2024-01-08,9241,2024-01-04,1712,018181,,4,2,9,0400,0,3,5,,2,007,"COLTER WAY","HICKOK COURT",146.00,E,N,A,-,N,,,,,,,,,,Y,2,0,1,1,A,-,03,22350,,N,E,8,A,B,H,-,D,D,0,,,,,Y,,A,07,1,0,0,0,0,0,0,0,0,"- ","- ",39.848831176757812,-121.60488128662109,BUTTE,UNINCORPORATED,-121.6048583984375,39.848762512207031
9228422,2020,2021-02-20,0404,2020-12-05,1800,699,W,6,5,3,0404,0,0,0,,0,00W,"OROVILLE DAM BL EAST","5TH AV",0.00,,Y,A,-,N,,,162,,,,,,,N,2,0,1,2,A,-,00,21954,,N,G,B,D,A,H,-,C,D,0,Y,,,,Y,,N,60,1,0,0,0,1,0,0,0,0,"- ","- ",39.500450134277344,-121.56379699707031,BUTTE,OROVILLE,-121.56373596191406,39.500255584716797
92290992,2024,2024-01-18,9240,2024-01-14,1715,020318,,7,2,9,0400,0,3,5,,2,030,"CHEROKEE RD.","PERIDOT PLACE",100.00,N,N,E,-,N,,,,,,,,,,N,2,0,1,1,A,-,03,22350,,N,E,H,A,A,H,-,D,D,0,,,Y,,Y,,C,06,1,0,0,0,0,0,0,0,1,"- ","- ",39.634689331054688,-121.52794647216797,BUTTE,UNINCORPORATED,-121.52806854248047,39.634353637695312
92295118,2023,2024-01-23,9241,2023-12-16,2300,018540,,6,3,5,0402,0,1,3,,2,100,"SR-99 N/B",SR-32,330.00,N,N,A,-,Y,BUT,,99," ",R,32.472,H,,R,Y,1,1,1,2,A,-,01,23152,A,N,A,C,A,A,H,-,D,D,0,,,,,Y,Y,A,01,0,1,0,0,0,0,0,0,0,"- ","- ",39.737079620361328,-121.82038116455078,BUTTE,CHICO,-121.82028961181641,39.737148284912109
92331034,2024,2024-03-06,9240,2024-02-24,"350 ",020376,,6,3,9,0400,0,3,5,,2,010,"KUSEL ROAD","LINCOLN BOUELAVRD",672.00,W,N,A,-,N,,,,,,,,,,Y,1,1,2,1,A,-,01,23152,F,F,E,8,A,A,H,-,D,D,0,,,,,Y,,A,01,1,1,0,0,0,0,0,0,0,"- ","- ",39.460189819335938,-121.55206298828125,BUTTE,UNINCORPORATED,-121.55175018310547,39.460170745849609
92343255,2024,2024-03-20,9240,2024-03-19,1520,017532,,2,2,9,0400,0,3,5,,2,030,"GARDEN DRIVE",SR-99,80.00,E,N,A,-,N,,,,,,,,,,Y,2,0,1,1,A,-,01,23152,F,N,E,I,A,A,H,-,A,A,0,,,,,Y,,D,22,1,0,0,0,0,0,0,0,0,"- ","- ",39.534889221191406,-121.58396148681641,BUTTE,UNINCORPORATED,,
92346217,2024,2024-03-25,9240,2024-03-14,"210 ",022956,,4,3,9,0400,0,3,5,,2,040,"ROYAL OAKS DRIVE","SOLANA DR",85.00,W,N,B,-,N,,,,,,,,,,N,2,0,1,1,A,-,08,22107,,N,F,A,A,A,H,-,C,D,0,,,Y,,Y,,C,02,1,0,0,0,0,0,0,0,1,"- ","- ",39.525810241699219,-121.47853851318359,BUTTE,UNINCORPORATED,-121.47872161865234,39.525779724121094
9236046,2021,2021-03-29,0402,2021-02-11,2113,1973,,4,5,5,0402,0,0,0,,0,006,"MANGROVE AV","VALLOMBROSA AV",241.00,N,N,B,-,N,,,,,,,,,,N,2,0,1,2,A,-,11,21954,A,N,G,B,D,A,H,-,C,D,0,Y,,,,Y,,N,60,1,0,0,0,1,0,0,0,0,"- ","- ",,,BUTTE,CHICO,-121.83563995361328,39.734649658203125
92364440,2024,2024-04-15,9240,2024-04-14,"928 ",018967,,7,1,9,0400,0,1,3,,2,032,"SR-70 E/B","SR-149 S/B TO SR-70 E/B OVERCROSSING",800.00,E,N,B,-,Y,BUT,,70," ",R,20.771,H,,L,Y,2,0,2,1,A,-,08,22107,,N,E,I,A,D,H,-,A,A,0,,,,,Y,,D,22,1,0,1,0,0,0,0,0,0,"- ","- ",39.584861755371094,-121.62036895751953,BUTTE,UNINCORPORATED,-121.62039947509766,39.584877014160156
92378795,2024,2024-04-30,9240,2024-04-21,"250 ",022956,,7,3,9,0400,0,3,5,,2,010,"FOOTHILL BLVD","GOLDDIGGER LN",1056.00,E,N,A,-,N,,,,,,,,,,Y,2,0,1,1,C,-,18,,,N,E,I,A,A,H,-,D,D,0,,,,,Y,,-,"- ",1,0,0,0,0,0,0,0,0,"- ","- ",39.476631164550781,-121.49581909179688,BUTTE,UNINCORPORATED,-121.49501800537109,39.476238250732422
92380272,2024,2024-05-02,9241,2024-04-21,1630,023527,,7,2,9,0400,0,3,5,,2,007,"SINCLAIR CIR","WYCLIFF WAY",410.00,E,N,A,-,N,,,,,,,,,,N,2,0,2,2,C,-,18,,,N,G,1,F,A,H,-,A,D,0,Y,,,,Y,,-,"- ",1,1,0,0,1,0,0,0,0,"- ","- ",39.828121185302734,-121.60398101806641,BUTTE,UNINCORPORATED,-121.60391235351562,39.828121185302734