CASE_ID,ACCIDENT_YEAR,PROC_DATE,JURIS,COLLISION_DATE,COLLISION_TIME,OFFICER_ID,REPORTING_DISTRICT,DAY_OF_WEEK,CHP_SHIFT,POPULATION,CNTY_CITY_LOC,SPECIAL_COND,BEAT_TYPE,CHP_BEAT_TYPE,CITY_DIVISION_LAPD,CHP_BEAT_CLASS,BEAT_NUMBER,PRIMARY_RD,SECONDARY_RD,DISTANCE,DIRECTION,INTERSECTION,WEATHER_1,WEATHER_2,STATE_HWY_IND,CALTRANS_COUNTY,CALTRANS_DISTRICT,STATE_ROUTE,ROUTE_SUFFIX,POSTMILE_PREFIX,POSTMILE,LOCATION_TYPE,RAMP_INTERSECTION,SIDE_OF_HWY,TOW_AWAY,COLLISION_SEVERITY,NUMBER_KILLED,NUMBER_INJURED,PARTY_COUNT,PRIMARY_COLL_FACTOR,PCF_CODE_OF_VIOL,PCF_VIOL_CATEGORY,PCF_VIOLATION,PCF_VIOL_SUBSECTION,HIT_AND_RUN,TYPE_OF_COLLISION,MVIW,PED_ACTION,ROAD_SURFACE,ROAD_COND_1,ROAD_COND_2,LIGHTING,CONTROL_DEVICE,CHP_ROAD_TYPE,PEDESTRIAN_ACCIDENT,BICYCLE_ACCIDENT,MOTORCYCLE_ACCIDENT,TRUCK_ACCIDENT,NOT_PRIVATE_PROPERTY,ALCOHOL_INVOLVED,STWD_VEHTYPE_AT_FAULT,CHP_VEHTYPE_AT_FAULT,COUNT_SEVERE_INJ,COUNT_VISIBLE_INJ,COUNT_COMPLAINT_PAIN,COUNT_PED_KILLED,COUNT_PED_INJURED,COUNT_BICYCLIST_KILLED,COUNT_BICYCLIST_INJURED,COUNT_MC_KILLED,COUNT_MC_INJURED,PRIMARY_RAMP,SECONDARY_RAMP,LATITUDE,LONGITUDE,COUNTY,CITY,POINT_X,POINT_Y
9238102,2021,2021-03-26,0402,2021-02-28,2358,P00503,,7,5,5,0402,0,0,0,,0,,"W 3RD ST","CEDAR ST",71.00,W,N,A,-,N,,,,,,,,,,Y,2,0,1,2,A,-,07,21658,A,N,C,E,A,A,H,-,C,D,0,,,,,Y,Y,A,01,1,0,0,0,0,0,0,0,0,"- ","- ",,,BUTTE,CHICO,-121.84809112548828,39.723880767822266
92392846,2022,2024-05-17,9241,2022-06-01,1730,018739,,3,2,9,0400,0,1,3,,2,080,SR-32,"MERIDIAN RD",426.00,E,N,A,-,Y,BUT,,32,,,4.317,H,,R,Y,1,1,1,2,A,-,05,21460,,N,A,C,A,A,H,-,A,D,0,,,,,Y,,A,07,1,0,0,0,0,0,0,0,0,"- ","- ",39.753059387207031,-121.91667175292969,BUTTE,UNINCORPORATED,-121.91667175292969,39.753063201904297
92394941,2024,2024-05-21,9240,2024-05-17,"550 ",018841,,5,3,9,0400,0,1,3,,1,011,"RT 70","E. GRIDLEY RD.",67.00,S,N,A,-,Y,BUT,,70," "," ",4.044,H,,R,Y,2,0,2,2,A,-,01,23152,A,N,C,C,A,A,H,-,A,A,0,,,,,Y,Y,A,01,2,0,0,0,0,0,0,0,0,"- ","- ",39.364421844482422,-121.60788726806641,BUTTE,UNINCORPORATED,-121.60779571533203,39.36444091796875
92398374,2024,2024-05-24,9241,2024-05-09,1735,018879,,4,2,5,0402,0,1,3,,2,100,"SR-99 S/B","COHASSET RD",216.00,S,N,A,-,Y,BUT,,99," ",R,34.210,H,,L,Y,2,0,4,3,A,-,03,22350,,N,C,C,A,A,H,-,A,D,0,,,,,Y,Y,A,08,1,1,2,0,0,0,0,0,0,"- ","- ",39.753761291503906,-121.84458160400391,BUTTE,CHICO,-121.84458923339844,39.753753662109375
92418359,2024,2024-06-19,9240,2024-06-12,1127,018841,,3,1,9,0400,0,3,5,,2,010,"LOWER WYANDOTTE RD.","DRESCHER TRACT RD.",806.00,W,N,A,-,N,,,,,,,,,,N,2,0,1,1,A,-,08,22107,,N,F,A,A,A,H,-,A,D,0,,,Y,,Y,,-,"- ",1,0,0,0,0,0,0,0,1,"- ","- ",39.461528778076172,-121.51294708251953,BUTTE,UNINCORPORATED,-121.51288604736328,39.461395263671875
92420573,2024,2024-11-13,9240,2024-05-10,"653 ",017760,,5,1,9,0400,0,3,5,,2,020,"RICHVALE HWY",SR-99,5280.00,W,N,A,-,N,,,,,,,,,,Y,1,1,0,2,A,-,01,23152,F,N,B,C,A,A,H,-,A,D,0,,,,,Y,,D,22,0,0,0,0,0,0,0,0,0,"- ","- ",39.49420166015625,-121.70755004882812,BUTTE,UNINCORPORATED,-121.70735168457031,39.494186401367188
92422166,2024,2024-06-24,9241,2024-06-21,2242,023513,,5,3,9,0400,0,1,3,,2,081,"SR 99 NB","NEAL ROAD",2300.00,S,N,A,-,Y,BUT,,99," "," ",25.629,H,,R,Y,2,0,1,2,A,-,03,22350,,N,C,C,A,A,H,-,D,D,0,,,,,Y,,A,01,1,0,0,0,0,0,0,0,0,"- ","- ",39.661540985107422,-121.73818969726562,BUTTE,UNINCORPORATED,-121.73812866210938,39.661586761474609
92422729,2024,2024-06-25,9240,2024-06-17,"0   ",022662,,1,3,9,0400,0,3,5,,2,010,"LINCOLN BOULEVARD","MONTE VISTA AVENUE",528.00,S,N,A,-,N,,,,,,,,,,Y,2,0,2,2,A,-,17,21228,A,N,C,C,A,A,H,-,D,D,0,,,,,Y,,M,94,2,0,0,0,0,0,0,0,0,"- ","- ",39.474880218505859,-121.54823303222656,BUTTE,UNINCORPORATED,-121.54811859130859,39.475200653076172
92438465,2024,2024-07-15,9240,2024-07-03,"728 ",019060,,3,1,9,0400,0,3,5,,2,020,"AGUAS FRIAS RD","RICHVALE HWY",6389.00,N,N,A,-,N,,,,,,,,,,Y,2,0,3,1,A,-,08,22107,,N,E,I,A,A,H,-,A,D,0,,,,,Y,,J,43,1,1,1,0,0,0,0,0,0,"- ","- ",39.511478424072266,-121.85732269287109,BUTTE,UNINCORPORATED,-121.85733032226562,39.510654449462891
92439050,2024,2024-07-15,9241,2024-07-04,2146,023513,,4,2,9,0400,0,1,3,,2,091,"SR-99 N/B","SHIPPEE RD",0.00,,Y,A,-,Y,BUT,,99," "," ",19.682,H,,R,Y,2,0,2,2,A,-,09,21802,A,N,D,C,A,A,H,-,D,A,0,,,Y,,Y,,D,22,1,0,1,0,0,0,0,0,1,"- ","- ",39.588649749755859,-121.68895721435547,BUTTE,UNINCORPORATED,-121.68898010253906,39.588649749755859
92439678,2024,2024-07-15,9241,2024-07-13,1851,020638,,6,2,9,0400,0,2,4,,2,084,"CHICO RIVER RD","LONE PINE AVE",528.00,E,N,B,-,N,,,,,,,,,,N,2,0,1,1,A,-,08,22107,,N,F,I,A,A,H,-,A,A,0,,,Y,,Y,,C,06,1,0,0,0,0,0,0,0,1,"- ","- ",39.711700439453125,-121.86617279052734,BUTTE,UNINCORPORATED,-121.8665771484375,39.711544036865234
9250232,2021,2021-04-23,0404,2021-04-04,0339,699,W,7,5,3,0404,0,0,0,,0,00W,"MONTGOMERY ST","OAK ST",0.00,,Y,A,-,N,,,,,,,,,,N,2,0,1,2,D,-,00,,,N,G,B,E,A,H,-,C,D,0,Y,,,,Y,,-,"- ",1,0,0,0,1,0,0,0,0,"- ","- ",39.512950897216797,-121.55877685546875,BUTTE,OROVILLE,-121.55876159667969,39.512969970703125
9256318,2021,2023-06-20,0404,2021-01-25,2221,699,W,1,5,3,0404,0,0,0,,0,00W,"OROVILLE DAM BL EAST","5TH AV",0.00,,Y,A,-,N,,,162,,,,,,,Y,1,1,0,2,A,-,11,21954,A,N,G,B,D,A,H,-,C,D,0,Y,,,,Y,Y,N,60,0,0,0,1,0,0,0,0,0,"- ","- ",39.500339508056641,-121.56369781494141,BUTTE,OROVILLE,-121.56367492675781,39.500274658203125
9256436,2021,2023-06-20,0404,2021-07-11,2205,555,SS,7,5,3,0404,0,0,0,,0,0SS,"LINCOLN BL","FT WAYNE",0.00,,Y,A,-,N,,,,,,,,,,N,1,1,0,2,A,-,11,21954,A,F,G,B,D,A,H,-,C,D,0,Y,,,,Y,,N,60,0,0,0,1,0,0,0,0,0,"- ","- ",39.495491027832031,-121.55069732666016,BUTTE,OROVILLE,-121.55075836181641,39.4954833984375
9256742,2021,2021-06-21,0403,2021-05-18,2212,P209,G,2,5,2,0403,0,0,0,,0,,"RT 99","EVELYN DR",0.00,,Y,A,-,Y,BUT,3,99,-,R,3.630,H,-,N,Y,2,0,1,2,A,-,08,22107,,N,D,C,A,A,H,-,C,D,0,,,,,Y,,A,71,1,0,0,0,0,0,0,0,0,"- ","- ",39.3560791015625,-121.68797302246094,BUTTE,GRIDLEY,-121.68792724609375,39.356086730957031
9265599,2021,2021-05-24,0404,2021-04-29,2057,700,TH,4,5,3,0404,0,0,0,,0,0TH,"TABLE MOUNTAIN BL","GRAND AV",0.00,,Y,A,-,N,,,,,,,,,,N,2,0,3,3,A,-,11,21954,A,N,G,B,D,A,H,-,C,D,0,Y,,,,Y,Y,N,60,1,0,2,0,1,0,0,0,0,"- ","- ",39.521991729736328,-121.55486297607422,BUTTE,OROVILLE,-121.55538940429688,39.521961212158203
9268499,2021,2021-07-07,0402,2021-05-20,0807,P03283,,4,5,5,0402,0,0,0,,0,004,"FOREST AV","HUMBOLDT RD",103.00,S,N,A,-,N,,,,,,,,,,Y,2,0,2,2,A,-,05,21650,,N,A,C,A,A,H,-,A,D,0,,,,,Y,,A,07,1,1,0,0,0,0,0,0,0,"- ","- ",,,BUTTE,CHICO,-121.80455017089844,39.737751007080078
9273316,2021,2021-07-07,0402,2021-05-26,1534,1240,,3,5,5,0402,0,0,0,,0,006,"W EATON RD",ESPLANADE,17.00,W,N,A,-,N,,,,,,,,,,N,2,0,1,2,A,-,08,22107,,N,D,G,A,A,H,-,A,A,0,,Y,,,Y,,-,,1,0,0,0,0,0,1,0,0,"- ","- ",,,BUTTE,CHICO,-121.87697601318359,39.772239685058594
9283706,2021,2021-07-29,0402,2021-06-18,1732,3815,,5,5,5,0402,0,0,0,,0,006,ESPLANADE,"E 9TH AV",0.00,,Y,A,-,N,,,,,,,,,,Y,2,0,1,2,A,-,12,21453,A,N,D,C,A,A,H,-,A,A,0,,,,,Y,,A,01,1,0,0,0,0,0,0,0,0,"- ","- ",,,BUTTE,CHICO,-121.85173797607422,39.74627685546875
9291186,2021,2021-07-30,0402,2021-06-21,2335,58,101,1,5,5,0402,0,0,0,,0,002,"W 8TH ST","SALEM ST",0.00,,Y,A,-,N,,,,,,,,,,Y,2,0,2,2,A,-,01,23152,A,N,D,C,A,A,H,-,C,A,0,,,,,Y,Y,A,01,1,1,0,0,0,0,0,0,0,"- ","- ",,,BUTTE,CHICO,-121.83753967285156,39.724918365478516
9298098,2021,2021-09-07,0404,2021-07-21,0822,690,,3,5,3,0404,0,0,0,,0,003,"TABLE MOUNTAIN BL","RIVER VIEW TER",0.00,,Y,A,-,N,,,,,,,,,,Y,2,0,1,2,A,-,03,22350,,N,B,C,A,A,H,-,A,D,0,,,Y,,Y,,C,02,1,0,0,0,0,0,0,0,1,"- ","- ",,,BUTTE,OROVILLE,-121.55367279052734,39.520637512207031
9301221,2021,2021-08-30,0405,2021-05-26,1129,GAT01,5S,3,5,4,0405,0,0,0,,0,00S,SKYWAY,"FIR ST",0.00,,Y,A,-,N,,,,,,,,,,Y,2,0,1,1,A,-,05,21650,,N,E,I,A,A,H,-,A,D,0,,,,,Y,,A,01,1,0,0,0,0,0,0,0,0,"- ","- ",39.756179809570312,-121.62610626220703,BUTTE,PARADISE,-121.62608337402344,39.756301879882812
9301744,2021,2023-06-17,0402,2021-09-26,1543,P03283,,7,5,5,0402,0,0,0,,0,,"RT 32","MAIN ST",0.00,,Y,A,-,Y,BUT,3,32,-,-,9.925,I,5,W,Y,1,1,1,2,A,-,12,21453,A,N,D,C,A,A,H,-,A,A,0,,,Y,,Y,,A,07,0,0,1,0,0,0,0,1,0,"- ","- ",,,BUTTE,CHICO,-121.82341766357422,39.734458923339844
9320794,2022,2022-06-14,0402,2022-04-18,1001,35-00363,0402,1,5,5,0402,0,0,0,,0,006,"1115 ELEANDER AV","E. 1ST AV",0.00,,-,A,-,N,,,,,,,,,,N,1,1,0,2,A,-,05,21202,A,N,C,E,A,A,E,-,A,D,0,,Y,,,Y,Y,L,04,0,0,0,0,0,1,0,0,0,"- ","- ",,,BUTTE,CHICO,-121.84398651123047,39.738536834716797
9320803,2022,2022-06-21,0404,2022-05-02,2323,744,SS,1,5,3,0404,0,0,0,,0,0SS,"ROSEBEN AV","B ST",0.00,,Y,A,-,N,,,,,,,,,,Y,1,1,0,2,A,-,07,21658,,N,C,C,A,A,H,-,C,D,0,,,,,Y,Y,A,01,0,0,0,0,0,0,0,0,0,"- ","- ",39.499618530273438,-121.54538726806641,BUTTE,OROVILLE,-121.54534149169922,39.498813629150391
9320956,2022,2022-08-23,0402,2022-06-24,1257,35-00363,0402,5,5,5,0402,0,0,0,,0,006,"AMBER GROVE DR",ESPLANADE,0.00,,-,A,-,N,,,,,,,,,,Y,1,1,0,2,A,-,05,21650,,N,E,E,A,A,H,-,A,D,0,,,,,Y,,A,01,0,0,0,0,0,0,0,0,0,"- ","- ",,,BUTTE,CHICO,-121.87084197998047,39.766193389892578
9320958,2022,2022-08-23,0402,2022-06-28,1003,P00837,78,2,5,5,0402,0,0,0,,0,004,"FOREST AV","HARTFORD DR",39.00,N,N,A,-,N,,,,,,,,,,N,1,1,0,2,A,-,11,21954,A,N,G,B,D,A,H,-,A,D,0,Y,,,,Y,,N,60,0,0,0,1,0,0,0,0,0,"- ","- ",,,BUTTE,CHICO,-121.80133819580078,39.733127593994141
9321132,2023,2023-03-06,0403,2023-01-11,1001,23-27,G,3,5,2,0403,0,0,0,,0,,"RT 99","W LIBERTY RD",0.00,,Y,B,C,Y,BUT,3,99,-,R,3.130,I,5,S,Y,1,1,0,2,A,-,03,22350,,N,B,D,A,B,H,-,A,A,0,,,,,Y,,D,22,0,0,0,0,0,0,0,0,0,"- ","- ",39.348808288574219,-121.68784332275391,BUTTE,GRIDLEY,-121.68788909912109,39.348827362060547
9321766,2021,2021-10-28,0402,2021-09-07,0754,P03283,,2,5,5,0402,0,0,0,,0,001,"W SACRAMENTO AV","NORD AV",0.00,,Y,A,-,N,,,,,,,,,,N,2,0,1,2,A,-,08,21717,,N,D,G,A,A,H,-,A,A,0,,Y,,Y,Y,,F,27,1,0,0,0,0,0,1,0,0,"- ","- ",,,BUTTE,CHICO,-121.86019134521484,39.731365203857422
9341362,2021,2021-11-02,0402,2021-09-24,1227,0501,,5,5,5,0402,0,0,0,,0,003,"16TH ST","PARK AV",0.00,,Y,A,-,N,,,,,,,,,,Y,2,0,1,2,A,-,09,21801,,N,A,C,A,A,H,-,A,A,0,,,Y,,Y,,A,01,1,0,0,0,0,0,0,0,1,"- ","- ",,,BUTTE,CHICO,-121.82717895507812,39.721473693847656
9346439,2021,2021-10-26,0404,2021-08-23,1530,700,W,1,5,3,0404,0,0,0,,0,00W,"WASHINGTON AV","YARD ST",0.00,,Y,A,-,N,,,,,,,,,,Y,2,0,1,4,A,-,03,22350,,N,C,C," ",A,H,-,A,A,0,Y,,Y,,Y,Y,C,02,1,0,0,0,0,0,0,0,1,"- ","- ",39.512271881103516,-121.54718017578125,BUTTE,OROVILLE,-121.54720306396484,39.513214111328125
9351131,2021,2021-12-13,0404,2021-10-16,1739,714,W,6,5,3,0404,0,0,0,,0,00W,"MONTGOMERY ST","MYERS ST",9.00,E,N,A,-,N,,,,,,,,,,N,2,0,1,2,A,-,12,22450,A,N,G,B,B,A,H,-,B,D,0,Y,,,,Y,,A,01,1,0,0,0,1,0,0,0,0,"- ","- ",,,BUTTE,OROVILLE,-121.55551910400391,39.514080047607422
9356196,2021,2021-10-29,0402,2021-10-12,2333,1973,,2,5,5,0402,0,0,0,,0,005,"COHASSET RD","BURNAP AV",57.00,S,N,A,-,N,,,,,,,,,,Y,2,0,1,2,A,-,01,23152,A,F,G,B,-,A,H,-,C,D,0,Y,,,,Y,Y,A,01,1,0,0,0,1,0,0,0,0,"- ","- ",,,BUTTE,CHICO,-121.84357452392578,39.767475128173828
9363361,2021,2021-12-06,0404,2021-10-10,1633,700,TH,7,5,3,0404,0,0,0,,0,0TH,"OROVILLE DAM BL W","LARKIN RD",0.00,,Y,A,-,N,,,,,,,,,,Y,2,0,1,3,A,-,01,23153,A,N,A,C,A,A,H,-,A,D,0,,,,,Y,Y,A,01,1,0,0,0,0,0,0,0,0,"- ","- ",39.498058319091797,-121.60917663574219,BUTTE,OROVILLE,-121.60913848876953,39.498065948486328
9367520,2021,2022-03-18,0402,2021-11-08,0010,68,0402,1,5,5,0402,0,0,0,,0,005,"E EATON RD","COHASSET RD",0.00,W,N,A,-,N,,,,,,,,,,Y,2,0,1,1,A,-,08,22107,,N,F,I,A,-,H,-,D,-,0,,,,,Y,,A,01,1,0,0,0,0,0,0,0,0,"- ","- ",,,BUTTE,CHICO,-121.84375,39.775959014892578
9368831,2021,2021-12-14,0404,2021-10-31,1106,703,SS,7,5,3,0404,0,0,0,,0,0SS,"C ST","MYERS ST",0.00,,Y,A,-,N,,,,,,,,,,Y,2,0,1,2,A,-,09,21801,,N,A,C,A,A,H,-,A,D,0,,,,,Y,,A,01,1,0,0,0,0,0,0,0,0,"- ","- ",39.497940063476562,-121.54882049560547,BUTTE,OROVILLE,-121.54882049560547,39.497947692871094
9370097,2021,2022-01-05,0402,2021-10-15,1512,P01277,35,5,5,5,0402,0,0,0,,0,006,"COHASSET RD",ESPLANADE,780.00,E,N,A,-,N,,,,,,,,,,N,2,0,1,2,A,-,09,21804,A,N,G,G,A,A,H,-,A,A,0,,Y,,,Y,,L,04,1,0,0,0,0,0,1,0,0,"- ","- ",,,BUTTE,CHICO,-121.85311126708984,39.751838684082031
93715111,2024,2024-08-06,9240,2024-08-05,1610,020318,,1,2,9,0400,0,3,5,,2,040,"CANYON DR.","ROYAL OAKS DR.",575.00,N,N,A,-,N,,,,,,,,,,N,2,0,1,1,A,-,08,22107,,N,E,I,A,A,H,-,A,D,0,,,Y,,Y,,C,02,1,0,0,0,0,0,0,0,1,"- ","- ",39.527999877929688,-121.48139953613281,BUTTE,UNINCORPORATED,-121.48134613037109,39.527683258056641
9377985,2021,2022-01-14,0404,2021-12-09,1631,699,E,4,5,3,0404,0,0,0,,0,00E,"OLIVE HWY","FOOTHILL BL",0.00,,Y,A,-,N,,,162,,,,,,,Y,2,0,3,2,A,-,03,22350,,N,C,C,A,A,H,-,B,D,0,,,,,Y,,-,,1,0,2,0,0,0,0,0,0,"- ","- ",39.503368377685547,-121.5284423828125,BUTTE,OROVILLE,-121.52828979492188,39.503078460693359
9389694,2021,2022-01-18,0402,2021-12-20,2003,58,0402,1,5,5,0402,0,0,0,,0,004,"FOREST AV","N 20TH ST",495.00,N,N,A,-,N,,,,,,,,,,N,2,0,1,2,A,-,03,22350,,N,G,B,D,A,H,-,C,D,0,Y,,,,Y,,A,01,1,0,0,0,1,0,0,0,0,"- ","- ",,,BUTTE,CHICO,-121.80149841308594,39.7286376953125
94009167,2024,2024-08-09,9241,2024-07-31,2135,023527,,3,2,9,0400,0,1,3,,2,091,"SR-99 S/B","DURHAM-PENTZ RD",5165.00,S,N,A,-,Y,BUT,,99," "," ",23.179,H,,L,Y,2,0,1,1,A,-,08,22107,,N,E,I,A,A,H,-,D,D,0,,,,,Y,,A,01,1,0,0,0,0,0,0,0,0,"- ","- ",39.634731292724609,-121.70799255371094,BUTTE,UNINCORPORATED,-121.70785522460938,39.634822845458984
9406067,2022,2022-02-24,0402,2022-01-23,1006,84,0402,7,5,5,0402,0,0,0,,0,002,"W 8TH ST","BROADWAY ST",0.00,,Y,A,-,Y,BUT,3,32,-,R,9.503,I,5,W,N,2,0,1,2,A,-,10,21950,,N,G,B,B,A,H,-,A,A,0,Y,,,,Y,,-,,1,0,0,0,1,0,0,0,0,"- ","- ",,,BUTTE,CHICO,-121.83661651611328,39.725597381591797
9407617,2022,2022-03-04,0404,2022-01-27,0636,714,W,4,5,3,0404,0,0,0,,0,00W,"OROVILLE DAM BL EAST","SPENCER AV",0.00,,Y,A,-,N,,,,,,,,,,Y,2,0,1,2,A,-,11,21950,B,N,G,B,D,A,H,-,B,D,0,Y,,,,Y,Y,N,60,1,0,0,0,1,0,0,0,0,"- ","- ",39.492198944091797,-121.56611633300781,BUTTE,OROVILLE,-121.54778289794922,39.505390167236328
9411539,2022,2022-02-17,0402,2022-01-22,2010,P01752,,6,5,5,0402,0,0,0,,0,004,SKYWAY,"NOTRE DAME",0.00,,Y,A,-,N,,,,,,,,,,N,2,0,1,2,A,-,05,21650,,N,B,G,A,A,H,-,C,A,0,,Y,,,Y,,L,04,1,0,0,0,0,0,1,0,0,"- ","- ",,,BUTTE,CHICO,-121.79529571533203,39.714912414550781
9415087,2022,2022-04-06,0402,2022-02-02,1612,1240,,3,5,5,0402,0,0,0,,0,002,"NORMAL AV","W 7TH ST",0.00,,Y,A,-,N,,,,,,,,,,Y,2,0,1,3,A,-,09,21803,,N,D,C,A,A,H,-,A,A,0,,,,,Y,,A,01,1,0,0,0,0,0,0,0,0,"- ","- ",,,BUTTE,CHICO,-121.83927154541016,39.725028991699219
9420680,2022,2022-04-28,0402,2022-03-19,1441,P04107,87,6,5,5,0402,0,0,0,,0,003,"PARK AV","MEYERS ST",0.00,,Y,B,-,N,,,,,,,,,,N,2,0,1,2,A,-,12,21453,A,N,D,G,A,A,H,-,A,A,0,,Y,,,Y,Y,L,04,1,0,0,0,0,0,1,0,0,"- ","- ",,,BUTTE,CHICO,-121.81584930419922,39.715290069580078
94360341,2024,2024-08-19,9241,2024-08-12,1745,022614,,1,2,9,0400,0,2,4,,2,090,SKYWAY,"ROCKY BLUFF DR",3696.00,E,N,A,-,Y,,,,,,,,,,Y,2,0,1,1,A,-,08,22107,,N,F,I,A,A,H,-,A,D,0,,,,,Y,,A,01,1,0,0,0,0,0,0,0,0,"- ","- ",39.710769653320312,-121.71916198730469,BUTTE,UNINCORPORATED,-121.72120666503906,39.710308074951172
94373924,2024,2024-08-28,9241,2024-08-18,1548,018879,,7,2,9,0400,0,1,3,,1,061,"SR-99 N/B","GAIA WAY",359.00,S,N,A,-,Y,BUT,,99," "," ",45.275,H,,R,Y,2,0,5,3,A,-,08,22107,,F,A,C,A,A,H,-,A,D,0,,,,,Y,,A,07,5,0,0,0,0,0,0,0,0,"- ","- ",39.875358581542969,-121.96909332275391,BUTTE,UNINCORPORATED,-121.9691162109375,39.875354766845703
94377941,2024,2024-09-02,9240,2024-08-10,"110 ",023133,,6,3,9,0400,0,3,5,,2,010,"LOWER WYANDOTTE E/B","FOOTHILL BLVD",291.00,W,N,A,-,N,,,,,,,,,,Y,1,1,0,1,A,-,08,22107,,N,E,I,A,A,H,-,D,D,0,,,,,Y,,A,07,0,0,0,0,0,0,0,0,0,"- ","- ",39.462898254394531,-121.48223876953125,BUTTE,UNINCORPORATED,-121.48210144042969,39.462821960449219
9440667,2022,2022-05-09,0404,2022-04-10,1919,703,SS,7,5,3,0404,0,0,0,,0,0SS,"OROVILLE BANGOR HWY","BURLINGTON AV",543.00,E,N,A,-,N,,,,,,,,,,N,2,0,1,1,A,-,00,23103,,N,E,J,A,A,H,-,B,D,0,,,Y,,Y,,C,02,1,0,0,0,0,0,0,0,1,"- ","- ",39.494029998779297,-121.54170227050781,BUTTE,OROVILLE,-121.53990936279297,39.493618011474609
94409947,2024,2024-09-26,9241,2024-08-17,2349,023527,,6,3,9,0400,0,2,4,,2,090,"SKYWAY W/B","MEDIA WAY",1056.00,E,N,A,-,N,,,,,,,,,,Y,1,1,0,1,A,-,08,22107,,N,E,8,A,A,H,-,D,D,0,,,Y,,Y,,C,02,0,0,0,0,0,0,0,1,0,"- ","- ",39.731479644775391,-121.67723846435547,BUTTE,UNINCORPORATED,-121.67745208740234,39.731243133544922
94409987,2024,2024-09-26,9241,2024-08-24,2257,023513,,6,3,9,0400,0,2,4,,1,082,MIDWAY,"COLONY RD",900.00,S,N,B,-,N,,,,,,,,,,Y,1,1,0,1,A,-,08,22107,,N,F,I,A,A,H,-,D,D,0,,,,,Y,,D,22,0,0,0,0,0,0,0,0,0,"- ","- ",39.545799255371094,-121.76264190673828,BUTTE,UNINCORPORATED,-121.76287841796875,39.546466827392578
94439297,2024,2024-10-21,9240,2024-09-14,"250 ",023692,,6,3,9,0400,0,3,5,,2,020,"HURLBURT LANE","TOWNSHIP RD",285.00,N,N,A,-,N,,,,,,,,,,Y,1,1,0,1,A,-,03,22350,,N,E,8,A,A,H,-,C,A,0,,,,,Y,,A,01,0,0,0,0,0,0,0,0,0,"- ","- ",39.343730926513672,-121.68771362304688,BUTTE,UNINCORPORATED,-121.68773651123047,39.343925476074219
94453041,2024,2024-10-31,9241,2024-10-12,1735,022614,,6,2,9,0400,0,3,5,,2,008,"TROXEL RD","DUNCAN RD",2482.00,N,N,A,-,N,,,,,,,,,,Y,1,1,0,1,A,-,03,22350,,N,E,8,A,A,H,-,A,D,0,,,Y,,Y,,C,02,0,0,0,0,0,0,0,1,0,"- ","- ",39.630790710449219,-121.84281921386719,BUTTE,UNINCORPORATED,-121.84272766113281,39.630756378173828
94457535,2024,2024-11-04,9241,2024-10-16,1839,022170,,3,2,9,0400,0,2,4,,2,070,SKYWAY,"SANTA ROSA ROAD",4224.00,W,N,A,-,N,,,,,,,,,,Y,1,1,0,1,A,-,08,22107,,N,E,I,A,A,H,-,D,D,0,,,,,Y,,A,01,0,0,0,0,0,0,0,0,0,"- ","- ",39.709869384765625,-121.7222900390625,BUTTE,UNINCORPORATED,,
9448720,2022,2022-06-03,0402,2022-04-30,2319,P01903,CPD,6,5,5,0402,0,0,0,,0,004,"CALIFORNIA PARK DR","BRUCE RD",0.00,,Y,A,-,N,,,,,,,,,,Y,2,0,1,2,A,-,01,23153,A,N,A,C,A,A,H,-,C,A,0,,,,,Y,Y,A,01,1,0,0,0,0,0,0,0,0,"- ","- ",,,BUTTE,CHICO,-121.79434967041016,39.751045227050781
94516630,2024,2024-12-26,9241,2024-12-20,1503,020587,,5,2,9,0400,0,2,4,,2,070,SKYWAY,"WOODWARD DRIVE",121.50,S,N,A,-,N,,,,,,,,,,Y,2,0,1,2,A,-,09,21804,A,N,D,C,A,A,H,-,A,D,0,,,Y,,Y,,A,01,1,0,0,0,0,0,0,0,1,"- ","- ",39.839271545410156,-121.59751892089844,BUTTE,UNINCORPORATED,-121.59757232666016,39.839145660400391
94516636,2024,2024-12-26,9241,2024-11-11,2500,022635,,1,4,9,0400,0,2,4,,1,082,MIDWAY,"STATE STREET",1026.00,N,N,A,-,N,,,,,,,,,,N,1,1,0,1,A,-,08,22107,,N,E,I,A,A,G,-,D,D,0,,,,,Y,,A,01,0,0,0,0,0,0,0,0,0,"- ","- ",39.556720733642578,-121.7666015625,BUTTE,UNINCORPORATED,-121.76687622070312,39.557262420654297
94520393,2024,2024-12-30,9240,2024-12-15,"27  ",023133,,7,3,9,0400,0,3,5,,2,020,"DEWSNUP AVENUE","W. EVANS REIMER RD",686.00,N,N,A,-,N,,,,,,,,,,Y,1,1,0,1,A,-,08,22107,,N,E,I,A,B,H,-,D,D,0,,,,,Y,Y,D,22,0,0,0,0,0,0,0,0,0,"- ","- ",39.336311340332031,-121.70884704589844,BUTTE,UNINCORPORATED,-121.70876312255859,39.335735321044922