CASE_ID,ACCIDENT_YEAR,PROC_DATE,JURIS,COLLISION_DATE,COLLISION_TIME,OFFICER_ID,REPORTING_DISTRICT,DAY_OF_WEEK,CHP_SHIFT,POPULATION,CNTY_CITY_LOC,SPECIAL_COND,BEAT_TYPE,CHP_BEAT_TYPE,CITY_DIVISION_LAPD,CHP_BEAT_CLASS,BEAT_NUMBER,PRIMARY_RD,SECONDARY_RD,DISTANCE,DIRECTION,INTERSECTION,WEATHER_1,WEATHER_2,STATE_HWY_IND,CALTRANS_COUNTY,CALTRANS_DISTRICT,STATE_ROUTE,ROUTE_SUFFIX,POSTMILE_PREFIX,POSTMILE,LOCATION_TYPE,RAMP_INTERSECTION,SIDE_OF_HWY,TOW_AWAY,COLLISION_SEVERITY,NUMBER_KILLED,NUMBER_INJURED,PARTY_COUNT,PRIMARY_COLL_FACTOR,PCF_CODE_OF_VIOL,PCF_VIOL_CATEGORY,PCF_VIOLATION,PCF_VIOL_SUBSECTION,HIT_AND_RUN,TYPE_OF_COLLISION,MVIW,PED_ACTION,ROAD_SURFACE,ROAD_COND_1,ROAD_COND_2,LIGHTING,CONTROL_DEVICE,CHP_ROAD_TYPE,PEDESTRIAN_ACCIDENT,BICYCLE_ACCIDENT,MOTORCYCLE_ACCIDENT,TRUCK_ACCIDENT,NOT_PRIVATE_PROPERTY,ALCOHOL_INVOLVED,STWD_VEHTYPE_AT_FAULT,CHP_VEHTYPE_AT_FAULT,COUNT_SEVERE_INJ,COUNT_VISIBLE_INJ,COUNT_COMPLAINT_PAIN,COUNT_PED_KILLED,COUNT_PED_INJURED,COUNT_BICYCLIST_KILLED,COUNT_BICYCLIST_INJURED,COUNT_MC_KILLED,COUNT_MC_INJURED,PRIMARY_RAMP,SECONDARY_RAMP,LATITUDE,LONGITUDE,COUNTY,CITY,POINT_X,POINT_Y
94540282,2025,2025-01-16,9240,2025-01-10,1759,024132,,5,2,9,0400,0,3,5,,2,010,"LOWER WYANDOTTE RD","LORENE CT",240.00,E,N,A,-,N,,,,,,,,,,N,2,0,1,2,A,-,11,21954,A,N,G,B,E,A,H,-,D,D,0,Y,,,,Y,,N,60,1,0,0,0,1,0,0,0,0,"- ","- ",39.463371276855469,-121.51619720458984,BUTTE,UNINCORPORATED,,
94587960,2025,2025-02-24,9241,2025-02-12,1420,020686,,3,2,9,0400,0,1,3,,2,081,"SR-99 NB","DURHAM-PENTZ RD",480.00,N,N,A,-,Y,BUT,,99," "," ",23.957,H,,R,Y,2,0,1,1,A,-,08,22107,,N,F,A,A,A,H,-,A,D,0,,,,,Y,,A,01,1,0,0,0,0,0,0,0,0,"- ","- ",39.643211364746094,-121.71730041503906,BUTTE,UNINCORPORATED,-121.71717834472656,39.643291473388672
94588229,2025,2025-02-24,9240,2025-02-21,1457,021137,,5,2,9,0400,0,3,5,,2,040,"ORO DAM BLVDE","ORO POWERHOUSE",4224.00,W,N,A,-,N,,,,,,,,,,Y,2,0,1,1,A,-,05,21650,,N,E,I,A,A,H,-,A,D,0,,,,,Y,,A,01,1,0,0,0,0,0,0,0,0,"- ","- ",39.533718109130859,-121.50836944580078,BUTTE,UNINCORPORATED,,
94601393,2025,2025-03-18,9240,2025-02-28,2015,022662,,5,2,9,0400,0,1,3,,2,022,SR-162,"AGUAS FRIAS RD",1584.00,E,N,A,-,Y,BUT,,162," "," ",0.956,H,,R,Y,2,0,3,2,A,-,03,22350,,N,D,C,A,A,H,-,D,D,0,,,,,Y,,A,01,1,2,0,0,0,0,0,0,0,"- ","- ",39.464038848876953,-121.85220336914062,BUTTE,UNINCORPORATED,-121.85220336914062,39.464069366455078
94606557,2025,2025-03-18,9241,2025-01-24,2320,022614,,5,3,9,0400,0,2,4,,1,082,MIDWAY,"JONES AVENUE",1056.00,N,N,A,-,N,,,,,,,,,,Y,1,1,0,1,A,-,08,22107,,N,E,I,A,A,H,-,D,D,0,,,,,Y,,A,01,0,0,0,0,0,0,0,0,0,"- ","- ",39.680030822753906,-121.79624938964844,BUTTE,UNINCORPORATED,-121.7962646484375,39.679977416992188
94608948,2025,2025-03-18,9240,2025-03-08,1420,022662,,6,2,9,0400,0,3,5,,2,010,"LA PORTE RD","LIGHTHOUSE LN",190.00,S,N,A,-,N,,,,,,,,,,N,2,0,1,2,A,-,09,21804,A,N,D,C,A,A,H,-,A,D,0,,,Y,,Y,,C,06,1,0,0,0,0,0,0,0,1,"- ","- ",39.383621215820312,-121.40966033935547,BUTTE,UNINCORPORATED,,
9463439,2022,2022-07-22,0402,2022-06-28,1746,710237,0402,2,5,5,0402,0,0,0,,0,005,"EAST AV","CERES AV",0.00,,Y,A,-,N,,,,,,,,,,N,2,0,1,2,A,-,04,21703,,N,-,C,A,A,H,-,A,A,0,,,,,Y,,-,,1,0,0,0,0,0,0,0,0,"- ","- ",,,BUTTE,CHICO,-121.833984375,39.760982513427734
9463918,2022,2022-09-15,0402,2022-02-07,1314,P00837,24,1,5,5,0402,0,0,0,,0,004,"E 9TH ST","PINE ST",0.00,,Y,A,-,Y,BUT,3,32,-,-,9.405,I,5,E,Y,2,0,1,3,A,-,12,21453,A,N,D,C,A,A,H,-,A,A,0,,,,,Y,,A,01,1,0,0,0,0,0,0,0,0,"- ","- ",,,BUTTE,CHICO,-121.83036041259766,39.728565216064453
9464226,2023,2023-04-07,0402,2023-02-24,1815,66,101,5,5,5,0402,0,0,0,,0,004,"RT 32","FIR ST",30.00,W,N,C,-,Y,BUT,3,32,-,-,10.270,H,-,W,N,1,1,0,2,A,-,12,21453,A,N,G,B,D,B,-,-,C,A,0,Y,,,,Y,,N,60,0,0,0,1,0,0,0,0,0,"- ","- ",,,BUTTE,CHICO,-121.81832885742188,39.737442016601562
9464361,2022,2022-09-06,0402,2022-03-06,0035,P03283,,7,5,5,0402,0,0,0,,0,,ESPLANADE,"VALLEY CT",629.00,N,N,A,-,N,,,,,,,,,,Y,1,1,0,2,A,-,01,23152,A,F,C,C,A,A,H,-,D,D,0,,,Y,,Y,Y,D,22,0,0,0,0,0,0,0,1,0,"- ","- ",,,BUTTE,CHICO,-121.88785552978516,39.78277587890625
94646040,2025,2025-04-11,9241,2025-04-10,1540,022514,,4,2,9,0400,0,2,4,,2,065,"HAMILTON NORD CANA HWY","ANITA RD",0.00,,Y,A,-,N,,,,,,,,,,Y,2,0,2,2,A,-,09,21804,A,N,D,C,A,A,H,-,A,A,0,,,,,Y,,D,22,1,1,0,0,0,0,0,0,0,"- ","- ",39.811328887939453,-121.95684814453125,BUTTE,UNINCORPORATED,-121.95683288574219,39.811347961425781
94656537,2025,2025-04-21,9240,2025-04-11,1747,021137,,5,2,9,0400,0,3,5,,2,010,"ORO BANGOR HWY","JAN DAR RD",5808.00,S,N,B,-,N,,,,,,,,,,Y,2,0,3,1,A,-,08,22107,,N,E,I,A,A,H,-,A,D,0,,,,,Y,,A,01,1,2,0,0,0,0,0,0,0,"- ","- ",39.414371490478516,-121.42369079589844,BUTTE,UNINCORPORATED,,
94683984,2025,2025-05-12,9241,2025-05-02,2130,022614,,5,2,9,0400,0,2,4,,2,090,SKYWAY,"POTTER RD",40.00,E,N,A,-,N,,,,,,,,,,Y,2,0,1,1,A,-,01,23152,A,N,F,A,A,A,H,-,D,D,0,,,Y,,Y,Y,C,02,1,0,0,0,0,0,0,0,1,"- ","- ",39.713050842285156,-121.77777862548828,BUTTE,UNINCORPORATED,-121.7777099609375,39.712966918945312
94702182,2025,2025-05-27,9240,2025-05-17,1710,024132,,6,2,9,0400,0,3,5,,2,020,"LARKIN RD","AFTER BAY DR",50.00,S,N,A,-,N,,,,,,,,,,Y,2,0,1,2,A,-,03,22350,,N,C,C,A,A,H,-,A,D,0,,,Y,,Y,Y,C,02,1,0,0,0,0,0,0,0,1,"- ","- ",39.476348876953125,-121.62677764892578,BUTTE,UNINCORPORATED,-121.62673187255859,39.476142883300781
94713144,2025,2025-06-04,9240,2025-06-03,2040,020318,,2,2,9,0400,0,3,5,,2,010,"LINCOLN BLVD","VIRGINIA AVE",450.00,N,N,A,-,N,,,,,,,,,,N,2,0,1,1,A,-,03,22350,,N,E,8,A,A,H,-,D,D,0,,Y,,,Y,,L,04,1,0,0,0,0,0,1,0,0,"- ","- ",39.483188629150391,-121.55101013183594,BUTTE,UNINCORPORATED,-121.55094146728516,39.48309326171875
9472855,2022,2022-08-03,0404,2022-06-27,1136,738,E,1,5,3,0404,0,0,0,,0,00E,"BOYNTON AV","BRIDGE ST",0.00,,Y,A,-,N,,,,,,,,,,Y,2,0,2,1,B,-,22,,,N,E,I,A,A,H,-,A,D,0,,,,,Y,,D,22,1,1,0,0,0,0,0,0,0,"- ","- ",39.508518218994141,-121.54232788085938,BUTTE,OROVILLE,,
94744057,2025,2025-06-30,9240,2025-06-21,1815,021137,,6,2,9,0400,0,3,5,,2,030,"TABLE MTN BLVD",SR-70,1000.00,S,N,A,-,N,,,,,,,,,,Y,2,0,1,1,A,-,01,23152,A,N,E,I,A,A,H,-,A,D,0,,,Y,,Y,Y,C,02,1,0,0,0,0,0,0,0,1,"- ","- ",39.600261688232422,-121.61904907226562,BUTTE,UNINCORPORATED,-121.61885833740234,39.600460052490234
94744781,2025,2025-06-30,9240,2025-06-25,1830,019842,,3,2,9,0400,0,3,5,,2,010,"NELSON AVE","WILBUR ROAD",6600.00,E,N,A,-,N,,,,,,,,,,Y,2,0,4,2,A,-,03,22350,,N,A,C,A,A,H,-,A,D,0,,,,,Y,,A,07,1,2,1,0,0,0,0,0,0,"- ","- ",39.524410247802734,-121.62828826904297,BUTTE,UNINCORPORATED,-121.62803649902344,39.524394989013672
94747661,2025,2025-07-07,9241,2025-05-24,"750 ",016630,,6,1,9,0400,0,1,3,,1,060,"STATE ROUTE 32","WOODLAND PARK DRIVE",355.00,E,N,A,-,Y,,,,,,,,,,Y,1,1,0,1,A,-,08,22107,,N,E,I,A,A,H,-,A,D,0,,,,,Y,,A,01,0,0,0,0,0,0,0,0,0,"- ","- ",39.852699279785156,-121.6910400390625,BUTTE,UNINCORPORATED,-121.69257354736328,39.855602264404297
94752450,2025,2025-07-07,9241,2025-02-27,2352,023527,,4,3,9,0400,0,2,4,,2,070,SKYWAY,"ROSEWOOD DR",167.00,N,N,A,-,N,,,,,,,,,,Y,1,1,1,1,A,-,08,22107,,N,E,I,A,A,H,-,D,D,0,,,,,Y,Y,A,01,1,0,0,0,0,0,0,0,0,"- ","- ",39.844028472900391,-121.59839630126953,BUTTE,UNINCORPORATED,-121.5982666015625,39.843570709228516
94758157,2024,2025-07-31,9241,2024-09-29,"3   ",023527,,7,3,9,0400,0,1,3,,2,091,SR-99,"COTTONWOOD RD",3040.00,N,N,A,-,Y,BUT,,99," "," ",17.758,H,,R,Y,1,1,1,2,A,-,01,23152,G,N,A,C,A,A,H,-,D,D,0,,,,,Y,Y,A,01,1,0,0,0,0,0,0,0,0,"- ","- ",39.560779571533203,-121.68879699707031,BUTTE,UNINCORPORATED,-121.68875122070312,39.560779571533203
9481295,2022,2022-08-04,0402,2022-06-25,2117,23,0402,6,5,5,0402,0,0,0,,0,004,"FOREST AV","HUMBOLDT RD",0.00,,Y,A,-,N,,,,,,,,,,N,2,0,1,2,A,-,12,21453,A,N,D,G,A,A,-,-,C,A,0,,Y,,,Y,Y,L,04,1,0,0,0,0,0,1,0,0,"- ","- ",,,BUTTE,CHICO,-121.80460357666016,39.738033294677734
9487706,2022,2022-10-12,0404,2022-09-17,0139,744,SS,6,5,3,0404,0,0,0,,0,0SS,"GREENVILLE ST","LOWER WYANDOTTE AV",0.00,,Y,A,-,N,,,,,,,,,,N,2,0,2,2,A,-,14,21201,D,N,H,G,A,A,H,-,D,D,0,,Y,,,Y,,L,04,1,1,0,0,0,0,2,0,0,"- ","- ",39.495109558105469,-121.54038238525391,BUTTE,OROVILLE,-121.53054046630859,39.495059967041016
9489552,2022,2022-09-12,0404,2022-08-08,1245,699,W,1,5,3,0404,0,0,0,,0,00W,"OROVILLE DAM BL EAST","SOUTH 7TH AV",0.00,,Y,A,-,N,,,,,,,,,,Y,2,0,2,2,A,-,09,21801,,N,D,C,A,A,H,-,A,D,0,,,Y,,Y,,A,01,1,0,1,0,0,0,0,0,1,"- ","- ",39.498191833496094,-121.56925964355469,BUTTE,OROVILLE,-121.56852722167969,39.498641967773438
9496544,2022,2022-08-30,0402,2022-08-03,1822,P03283,BCCH,3,5,5,0402,0,0,0,,0,001,"W SACRAMENTO AV","RAVEN LN",0.00,,Y,A,-,N,,,,,,,,,,N,2,0,1,2,A,-,09,21802,A,N,D,C,A,A,H,-,A,A,0,,,Y,,Y,,C,02,1,0,0,0,0,0,0,0,1,"- ","- ",,,BUTTE,CHICO,-121.86707305908203,39.731029510498047
9511908,2023,2023-10-16,0403,2023-01-06,1914,P218,G,5,5,2,0403,0,0,0,,0,,"RT 99","ARCHER AV",379.00,N,N,A,-,Y,BUT,3,99,-,R,3.820,H,-,S,Y,2,0,1,2,A,-,09,21801,A,N,B,C,A,A,H,-,C,D,0,,,,,Y,,D,22,1,0,0,0,0,0,0,0,0,"- ","- ",39.360931396484375,-121.68749237060547,BUTTE,GRIDLEY,-121.68798065185547,39.358818054199219
9512024,2022,2022-10-24,0402,2022-09-19,1402,1240,,1,5,5,0402,0,0,0,,0,002,"MAIN ST","E 6TH ST",0.00,,Y,B,-,N,,,,,,,,,,Y,2,0,1,3,A,-,12,21453,A,N,D,C,A,A,H,-,A,A,0,,Y,,,Y,,-,,1,0,0,0,0,0,1,0,0,"- ","- ",,,BUTTE,CHICO,-121.83724212646484,39.727592468261719
9512025,2022,2022-10-24,0402,2022-09-27,1723,1217,0402,2,5,5,0402,0,0,0,,0,005,"EAST EATON RD","MORSEMAN AV",0.00,,Y,A,-,N,,,,,,,,,,N,2,0,1,1,A,-,03,22350,,N,E,I,A,A,H,-,A,D,0,,,,,Y,,-,,1,0,0,0,0,0,0,0,0,"- ","- ",,,BUTTE,CHICO,-121.85910034179688,39.775768280029297
9512785,2022,2022-11-15,0403,2022-10-12,0858,P204,G,3,5,2,0403,0,0,0,,0,,"RT 99","SYCAMORE ST",0.00,,Y,A,-,Y,BUT,3,99,-,-,4.236,I,5,S,Y,2,0,3,2,A,-,12,21453,A,N,D,C,A,A,H,-,A,A,0,,,,,Y,,A,07,1,2,0,0,0,0,0,0,0,"- ","- ",39.364910125732422,-121.68791198730469,BUTTE,GRIDLEY,-121.68792724609375,39.364925384521484
9514505,2023,2024-04-04,0404,2023-01-03,2255,744,E,2,5,3,0404,0,0,0,,0,00E,"OROVILLE DAM BL EAST","GILMORE LN",0.00,,Y,A,-,N,,,,,,,,,,N,2,0,1,2,A,-,08,22103,,N,D,C,A,A,H,-,C,D,0,,,Y,,Y,,A,07,1,0,0,0,0,0,0,0,1,"- ","- ",39.508079528808594,-121.54353332519531,BUTTE,OROVILLE,-121.54387664794922,39.508686065673828
9520270,2022,2023-01-25,0402,2022-10-05,0752,66,6,3,5,5,0402,0,0,0,,0,004,"BRUCE RD","CALIFORNIA PARK DR",0.00,,Y,A,-,N,,,,,,,,,,N,1,1,0,2,A,-,11,21950,B,N,G,B,B,A,H,-,A,A,0,Y,,,,Y,,N,60,0,0,0,1,0,0,0,0,0,"- ","- ",,,BUTTE,CHICO,-121.79434967041016,39.751045227050781
9520893,2023,2025-06-25,0402,2023-04-13,"335 ",3356,,4,5,5,0402,0,0,0,,0,001,ESPLANADE,"W EATON RD",0.00,,Y,A,-,N,,,,,,,,,,Y,1,2,0,2,A,-,12,21453,A,N,D,C,A,A,H,-,C,B,0,,,,Y,Y,Y,A,01,0,0,0,0,0,0,0,0,0,"- ","- ",39.772331237792969,-121.876953125,BUTTE,CHICO,-121.87693023681641,39.772270202636719
9521543,2022,2022-11-10,0404,2022-10-20,1513,722,,4,5,3,0404,0,0,0,,0,0CO,"OROVILLE DAM BL W","HARLAN AV",0.00,,Y,A,-,N,,,,,,,,,,Y,2,0,1,2,A,-,04,21703,,N,C,C,A,A,H,-,A,D,0,,,,,Y,,A,01,1,0,0,0,0,0,0,0,0,"- ","- ",39.498058319091797,-121.60143280029297,BUTTE,OROVILLE,-121.60146331787109,39.498058319091797
9527928,2023,2023-02-27,0403,2023-01-22,1608,P24,G,7,5,2,0403,0,0,0,,0,,"RT 99","ARCHER AV",778.00,N,N,A,-,Y,BUT,3,99,-,R,3.900,H,-,S,N,2,0,1,2,A,-,08,22107,,N,H,G,A,A,H,-,A,D,0,,Y,,,Y,,L,04,1,0,0,0,0,0,1,0,0,"- ","- ",39.359798431396484,-121.68816375732422,BUTTE,GRIDLEY,-121.68796539306641,39.359977722167969
9528732,2022,2022-11-10,0404,2022-08-23,1314,693,W,2,5,3,0404,0,0,0,,0,00W,"S 5TH AV","GEORGIA PACIFIC WY",0.00,,Y,A,-,N,,,,,,,,,,Y,2,0,1,2,A,-,03,22350,,N,H,I,A,A,H,-,A,D,0,,,Y,,Y,,C,02,1,0,0,0,0,0,0,0,1,"- ","- ",39.476089477539062,-121.56240844726562,BUTTE,OROVILLE,-121.56353759765625,39.476448059082031
9538385,2022,2023-01-10,0402,2022-10-13,0002,P01903,CPD,4,5,5,0402,0,0,0,,0,006,"CAMELLIA WY","EAST 1ST AV",0.00,,Y,A,-,N,,,,,,,,,,N,2,0,1,1,A,-,03,22350,,N,E,I,A,A,H,-,C,D,0,,,Y,,Y,,C,02,1,0,0,0,0,0,0,0,1,"- ","- ",,,BUTTE,CHICO,-121.83807373046875,39.731868743896484
9548943,2023,2023-04-25,0402,2023-02-20,2324,P01217,0402,1,5,5,0402,0,0,0,,0,006,"COMMERCIAL AV",ESPLANADE,0.00,,Y,A,-,N,,,,,,,,,,Y,2,0,2,2,A,-,09,21804,,N,D,C,A,A,H,-,C,D,0,,,,,Y,,A,01,1,0,1,0,0,0,0,0,0,"- ","- ",39.76715087890625,-121.87175750732422,BUTTE,CHICO,-121.87179565429688,39.767147064208984
9556909,2023,2023-04-12,0403,2023-03-02,2030,P222,G,4,5,2,0403,0,0,0,,0,,"RT 99","CHERRY ST",0.00,,Y,A,-,Y,BUT,3,99,-,R,3.968,I,5,N,Y,2,0,1,2,A,-,10,21950,C,N,G,B,B,A,H,-,C,A,0,Y,,,,Y,,A,01,1,0,0,0,1,0,0,0,0,"- ","- ",39.361671447753906,-121.68760681152344,BUTTE,GRIDLEY,-121.68785095214844,39.360954284667969
9572587,2023,2023-05-09,0405,2023-04-02,1924,WOO01,10S,7,5,4,0405,0,0,0,,0,00S,SKYWAY,"BAY TREE DR",125.00,N,N,A,-,N,,,,,,,,,,Y,2,0,1,1,A,-,03,22350,,N,E,J,A,B,H,-,B,D,0,,,,,Y,,A,01,1,0,0,0,0,0,0,0,0,"- ","- ",39.7440185546875,-121.6551513671875,BUTTE,PARADISE,-121.65473937988281,39.74127197265625
9593398,2023,2023-07-18,0405,2023-05-28,1547,EID01,4N,7,5,4,0405,0,0,0,,0,00N,"PENTZ RD","GRAND CT",142.00,N,N,A,-,N,,,,,,,,,,Y,2,0,1,1,A,-,05,21650,,N,E,I,A,A,H,-,A,D,0,,,,,Y,,D,73,1,0,0,0,0,0,0,0,0,"- ","- ",39.800201416015625,-121.57987976074219,BUTTE,PARADISE,-121.58013153076172,39.799362182617188
9594639,2023,2023-07-03,0404,2023-03-15,"748 ",757,TH,3,5,3,0404,0,0,0,,0,0TH,"TABLE MOUNTAIN BL","FLYING CLOUD",786.00,S,N,A,-,N,,,,,,,,,,Y,2,0,1,2,A,-,09,21803,,N,D,C,A,A,H,-,A,A,0,,,,,Y,,A,01,1,0,0,0,0,0,0,0,0,"- ","- ",39.524078369140625,-121.55864715576172,BUTTE,OROVILLE,-121.55914306640625,39.524345397949219
9631654,2023,2023-12-08,0405,2023-10-26,1754,COO01,I0S,4,5,4,0405,0,0,0,,0,00S,"NEAL RD","SUTTER RD",280.00,N,N,A,-,N,,,,,,,,,,Y,2,0,1,2,A,-,05,21460,A,N,A,C,A,A,H,-,A,D,0,,,Y,Y,Y,,C,02,1,0,0,0,0,0,0,0,1,"- ","- ",39.735569000244141,-121.64878082275391,BUTTE,PARADISE,-121.64945220947266,39.735992431640625
9640327,2024,2024-05-28,0403,2024-02-24,1819,P225,G,6,5,2,0403,0,0,0,,0,,"RT 99","RT 149",241.00,S,N,A,-,Y,BUT,3,99,-,-,4.550,H,-,S,Y,1,1,0,2,A,-,11,21950,B,N,G,B,D,A,H,-,C,D,0,Y,,,Y,Y,,N,60,0,0,0,1,0,0,0,0,0,"- ","- ",39.363140106201172,-121.68879699707031,BUTTE,GRIDLEY,-121.68793487548828,39.369304656982422
9680739,2024,2024-08-12,0405,2024-03-08,"839 ",WOO01,2N,5,5,4,0405,0,0,0,,0,00N,BIKEPATH,"YESHUA WAY",428.00,N,N,A,-,N,,,,,,,,,,Y,2,0,2,2,A,-,01,23152,,F,G,-,F,A,G,-,A,D,0,Y,,Y,,Y,Y,C,02,1,1,0,0,1,0,0,0,1,"- ","- ",39.793758392333984,-121.58850860595703,BUTTE,PARADISE,,
9689213,2024,2024-04-25,0405,2024-02-12,"0   ",VAN03,2N,1,5,4,0405,0,0,0,,0,00N,"WAGSTAFF RD","HARVEY RD",57.00,W,N,A,-,N,,,,,,,,,,N,2,0,1,1,A,-,03,22350,,N,E,I,A,A,H,-,A,D,0,,,Y,,Y,,C,02,1,0,0,0,0,0,0,0,1,"- ","- ",39.777679443359375,-121.60063934326172,BUTTE,PARADISE,-121.60087585449219,39.777652740478516
9720301,2024,2024-08-29,0404,2024-06-13,"239 ",686,E,4,5,3,0404,0,0,0,,0,00E,"OROVILLE DAM BL E","LINCOLN BL",0.00,,Y,A,-,N,,,,,,,,,,Y,2,0,1,2,A,-,00,21955,A,N,G,B,D,A,H,-,C,D,0,Y,,,,Y,,A,01,1,0,0,0,1,0,0,0,0,"- ","- ",39.503570556640625,-121.55348205566406,BUTTE,OROVILLE,-121.55224609375,39.503879547119141
9729061,2024,2024-09-04,0404,2024-06-14,1459,743,SS,5,5,3,0404,0,0,0,,0,0SS,"ORO BANGOR HWY","SPENCER AV",0.00,,Y,A,-,N,,,,,,,,,,Y,2,0,1,2,A,-,09,21801,A,N,D,C,A,A,H,-,A,D,0,,,Y,,Y,,A,01,1,0,0,0,0,0,0,0,1,"- ","- ",39.493938446044922,-121.54698944091797,BUTTE,OROVILLE,,
9746891,2024,2024-11-21,0405,2024-09-12,1933,CUR03,2N,4,5,4,0405,0,0,0,,0,00N,"FOREST SERVICE ROAD","CLARK RD",33.00,W,N,A,-,N,,,,,,,,,,Y,2,0,1,1,A,-,"- ",,,N,H,A,A,A,H,-,B,D,0,,,,,Y,,D,22,1,0,0,0,0,0,0,0,0,"- ","- ",39.785129547119141,-121.58686828613281,BUTTE,PARADISE,-121.58663940429688,39.785007476806641
9747082,2024,2024-11-05,0405,2024-08-28,1941,TUC01,2N,3,5,4,0405,0,0,0,,0,00N,SKYWAY,"LISA LN",137.00,S,N,A,-,N,,,,,,,,,,Y,2,0,2,2,A,-,01,23152,,N,C,C,A,A,H,-,A,D,0,,,,,Y,Y,A,01,1,0,1,0,0,0,0,0,0,"- ","- ",,,BUTTE,PARADISE,-121.61103820800781,39.773090362548828
9753393,2024,2024-12-06,0404,2024-07-27,2123,770,W,6,5,3,0404,0,0,0,,0,00W,"OROVILLE DAM BL EAST","5TH AV",242.00,E,N,A,-,Y,BUT,3,162,-,-,16.450,H,-,W,N,2,0,1,2,A,-,11,21954,A,N,G,B,E,A,H,-,D,D,0,Y,,,,Y,,N,60,1,0,0,0,1,0,0,0,0,"- ","- ",,,BUTTE,OROVILLE,-121.56426239013672,39.500137329101562
9753826,2024,2025-05-15,0404,2024-09-13,1906,771,,5,5,3,0404,0,0,0,,0,00W,"OROVILLE DAM BL W","14TH ST",0.00,,Y,A,-,N,,,,,,,,,,N,2,0,2,3,A,-,04,21703,,N,C,C,B,A,H,-,A,D,0,Y,,,,Y,,A,01,1,0,1,0,0,0,0,0,0,"- ","- ",39.498050689697266,-121.59600830078125,BUTTE,OROVILLE,-121.59604644775391,39.498058319091797
9755524,2024,2024-11-19,0404,2024-08-05,1059,761,W,1,5,3,0404,0,0,0,,0,00W,"OROVILLE DAM BL E","VEATCH ST",0.00,,Y,A,-,N,,,,,,,,,,N,2,0,1,2,A,-,05,21650,1,N,H,G,A,A,H,-,A,D,0,,Y,,,Y,,L,04,1,0,0,0,0,0,1,0,0,"- ","- ",39.502689361572266,-121.55792236328125,BUTTE,OROVILLE,-121.56031036376953,39.501388549804688
9764784,2024,2025-02-10,0404,2024-12-17,1330,738,E,2,5,3,0404,0,0,0,,0,00E,"OROVILLE DAM BL","LINCOLN ST",0.00,,Y,A,-,N,,,,,,,,,,Y,2,0,1,2,A,-,09,21804,A,N,D,C,A,A,H,-,A,D,0,,,,Y,Y,,F,26,1,0,0,0,0,0,0,0,0,"- ","- ",39.500999450683594,-121.54900360107422,BUTTE,OROVILLE,-121.55224609375,39.503879547119141
9766097,2025,2025-02-27,0404,2025-01-18,1823,771,E,6,5,3,0404,0,0,0,,0,00E,"LINCOLN BL","A ST",0.00,,Y,A,-,N,,,,,,,,,,Y,2,0,1,2,A,-,00,21955,A,N,G,B,D,A,H,-,C,D,0,Y,,,,Y,,N,60,1,0,0,0,1,0,0,0,0,"- ","- ",39.497928619384766,-121.55091094970703,BUTTE,OROVILLE,-121.55089569091797,39.499523162841797
9766098,2025,2025-02-27,0404,2025-01-23,1635,805,W,4,5,3,0404,0,0,0,,0,00W,"OROVILLE DAM BL EAST","SPENCER AV",0.00,,Y,A,-,N,,,,,,,,,,Y,2,0,3,2,A,-,09,21801,A,N,D,C,A,A,H,-,A,D,0,,,,,Y,,A,01,2,1,0,0,0,0,0,0,0,"- ","- ",39.505378723144531,-121.54781341552734,BUTTE,OROVILLE,-121.54778289794922,39.505390167236328
9767577,2024,2024-12-17,0405,2024-11-27,1152,ARC01,4N,3,5,4,0405,0,0,0,,0,00N,"PENTZ RD","SPARKS DR",15.00,N,N,A,-,N,,,,,,,,,,Y,2,0,1,2,A,-,09,21802,A,N,D,C,A,A,H,-,A,A,0,,,,,Y,,A,07,1,0,0,0,0,0,0,0,0,"- ","- ",,,BUTTE,PARADISE,-121.57964324951172,39.797229766845703
9794788,2024,2025-04-02,0405,2024-12-18,1550,VAN03,10S,3,5,4,0405,0,0,0,,0,00S,SKYWAY,"SCHMALE LN",317.00,W,N,A,-,N,,,,,,,,,,Y,2,0,3,2,A,-,01,23153,A,N,D,C,A,A,H,-,A,D,0,,,,,Y,Y,A,01,1,2,0,0,0,0,0,0,0,"- ","- ",39.746150970458984,-121.63819885253906,BUTTE,PARADISE,-121.63915252685547,39.746028900146484
9794818,2024,2025-03-28,0405,2024-12-16,1730,ARC01,7S,1,5,4,0405,0,0,0,,0,00S,"PEARSON RD","CLARK RD",278.00,E,N,E,-,N,,,,,,,,,,Y,2,0,2,1,A,-,05,21650,,N,E,I,A,B,H,-,D,D,0,,,,,Y,,A,01,2,0,0,0,0,0,0,0,0,"- ","- ",39.75225830078125,-121.60774993896484,BUTTE,PARADISE,-121.60677337646484,39.752296447753906
9797552,2025,2025-05-01,0404,2025-02-02,1157,761,E,7,5,3,0404,0,0,0,,0,00E,"OROVILLE DAM BL EAST","MYERS ST",0.00,,Y,B,-,Y,BUT,3,162,-,-,17.280,H,-,E,N,2,0,1,2,A,-,04,21703,,N,C,C,A,B,H,-,A,A,0,,,,,Y,,A,01,1,0,0,0,0,0,0,0,0,"- ","- ",39.504379272460938,-121.54971313476562,BUTTE,OROVILLE,-121.54988098144531,39.504676818847656